run_id,seed,gait_id,gait_name,vx_cmd,vy_cmd,wz_cmd,survived,survival_steps,survival_time_s,termination_reason,mean_vx_actual,mean_vy_actual,mean_wz_actual,mean_vx_error,mean_vy_error,mean_wz_error,mean_height,std_height,mean_roll,mean_pitch,mean_contact_frac,mean_contact_acc,mean_torque_norm,xy_drift_m,wall_time_s
0,0,0,bound,0.0,-0.4,-0.5,True,1000,10.0,timeout,0.2565,-0.065,-0.3632,0.2696,0.335,0.1522,0.3382,0.0092,0.0637,0.0529,0.4238,0.9628,28.9159,1.3611,7.574
1,1,0,bound,0.0,-0.4,-0.5,True,1000,10.0,timeout,0.2249,-0.0702,-0.3641,0.2508,0.3298,0.1426,0.3441,0.0096,0.0598,0.0434,0.4105,0.9605,27.5371,1.2244,7.574
2,2,0,bound,0.0,-0.4,-0.5,True,1000,10.0,timeout,0.2028,-0.0668,-0.368,0.2403,0.3332,0.1351,0.348,0.0097,0.049,0.0347,0.4063,0.9563,26.6278,1.0662,7.574
3,3,0,bound,0.0,-0.4,-0.5,True,1000,10.0,timeout,0.1958,-0.0678,-0.3682,0.2379,0.3322,0.1331,0.3498,0.0097,0.0472,0.0321,0.4063,0.9563,26.1548,1.0455,7.574
4,4,0,bound,0.0,-0.4,-0.5,True,1000,10.0,timeout,0.1951,-0.0672,-0.3702,0.2378,0.3328,0.1312,0.3501,0.0096,0.0461,0.0316,0.4063,0.9563,26.0654,1.0202,7.574
5,0,0,bound,0.0,-0.4,-0.25,True,1000,10.0,timeout,0.2326,-0.063,-0.1439,0.2504,0.337,0.1382,0.3382,0.0089,0.0622,0.0443,0.4183,0.9683,29.144,1.7015,7.651
6,1,0,bound,0.0,-0.4,-0.25,True,1000,10.0,timeout,0.1985,-0.0566,-0.1307,0.2343,0.3434,0.1284,0.3452,0.0092,0.0535,0.0339,0.4118,0.9618,27.7114,1.7133,7.651
7,2,0,bound,0.0,-0.4,-0.25,True,1000,10.0,timeout,0.1835,-0.0546,-0.1437,0.2289,0.3454,0.1132,0.3486,0.0093,0.0461,0.0292,0.4063,0.9563,26.8008,2.3763,7.651
8,3,0,bound,0.0,-0.4,-0.25,True,1000,10.0,timeout,0.181,-0.053,-0.1461,0.2297,0.347,0.1087,0.3504,0.0093,0.0441,0.0279,0.4063,0.9563,26.2698,2.3765,7.651
9,4,0,bound,0.0,-0.4,-0.25,True,1000,10.0,timeout,0.1801,-0.0523,-0.148,0.2296,0.3477,0.1069,0.3507,0.0093,0.0431,0.0273,0.4063,0.9563,26.1848,2.4537,7.651
10,0,0,bound,0.0,-0.4,0.0,True,1000,10.0,timeout,0.2175,-0.0462,0.0803,0.2382,0.3538,0.1265,0.3391,0.0102,0.0532,0.0393,0.4223,0.9583,28.9068,2.9849,7.588
11,1,0,bound,0.0,-0.4,0.0,True,1000,10.0,timeout,0.1943,-0.0404,0.0804,0.2294,0.3596,0.1065,0.3455,0.0101,0.0447,0.0319,0.4098,0.9478,27.4549,2.1816,7.588
12,2,0,bound,0.0,-0.4,0.0,True,1000,10.0,timeout,0.1809,-0.0363,0.0797,0.2257,0.3637,0.0966,0.3484,0.0099,0.0395,0.028,0.4085,0.947,26.4849,2.0477,7.588
13,3,0,bound,0.0,-0.4,0.0,True,1000,10.0,timeout,0.1726,-0.0376,0.0725,0.223,0.3624,0.0893,0.3501,0.0098,0.0381,0.0247,0.4053,0.9448,26.0736,1.5125,7.588
14,4,0,bound,0.0,-0.4,0.0,True,1000,10.0,timeout,0.1672,-0.0377,0.0689,0.2204,0.3623,0.0872,0.3502,0.0098,0.0376,0.0226,0.403,0.942,26.0283,2.2914,7.588
15,0,0,bound,0.0,-0.4,0.25,False,49,0.49,isaac_reset,0.2412,-0.0388,0.2887,0.2554,0.3612,0.1145,0.3394,0.0127,0.0507,0.0386,0.43,0.98,29.8562,2.5323,1.014
16,1,0,bound,0.0,-0.4,0.25,False,49,0.49,isaac_reset,0.2181,-0.0255,0.2925,0.2457,0.3745,0.0913,0.3443,0.0122,0.0409,0.03,0.41,0.96,28.546,1.4548,1.014
17,2,0,bound,0.0,-0.4,0.25,False,49,0.49,isaac_reset,0.2008,-0.0279,0.2841,0.2339,0.3721,0.0767,0.3469,0.012,0.0369,0.0236,0.41,0.945,28.1866,1.8767,1.014
18,3,0,bound,0.0,-0.4,0.25,False,49,0.49,isaac_reset,0.1904,-0.0294,0.2816,0.2294,0.3706,0.0729,0.3483,0.0118,0.0354,0.0219,0.41,0.95,27.714,2.2519,1.014
19,4,0,bound,0.0,-0.4,0.25,False,49,0.49,isaac_reset,0.1915,-0.0289,0.2753,0.2333,0.3711,0.0702,0.349,0.0116,0.0347,0.0201,0.4,0.94,27.1527,1.9012,1.014
20,0,0,bound,0.0,-0.4,0.5,True,1000,10.0,timeout,0.1875,-0.0162,0.4884,0.2161,0.3838,0.0905,0.3416,0.0076,0.0285,0.0091,0.4125,0.9625,29.4667,0.5083,7.58
21,1,0,bound,0.0,-0.4,0.5,True,1000,10.0,timeout,0.1804,-0.0156,0.5092,0.2198,0.3844,0.0703,0.3464,0.0078,0.027,0.0111,0.407,0.957,27.9934,0.4047,7.58
22,2,0,bound,0.0,-0.4,0.5,True,1000,10.0,timeout,0.1725,-0.0192,0.5031,0.2181,0.3808,0.0664,0.349,0.0078,0.0266,0.0101,0.4003,0.9503,27.0491,0.4085,7.58
23,3,0,bound,0.0,-0.4,0.5,True,1000,10.0,timeout,0.1732,-0.02,0.5027,0.2209,0.38,0.0617,0.3504,0.0077,0.0243,0.0098,0.4003,0.9503,26.6312,0.3982,7.58
24,4,0,bound,0.0,-0.4,0.5,True,1000,10.0,timeout,0.1719,-0.0203,0.5037,0.2205,0.3797,0.0613,0.3506,0.0077,0.0242,0.0099,0.4,0.95,26.517,0.3969,7.58
25,0,0,bound,0.0,-0.2,-0.5,True,1000,10.0,timeout,0.2306,-0.0348,-0.3615,0.2502,0.1652,0.144,0.3392,0.0086,0.0422,0.0365,0.42,0.965,29.1601,0.8535,7.577
26,1,0,bound,0.0,-0.2,-0.5,True,1000,10.0,timeout,0.2059,-0.0354,-0.3638,0.2378,0.1646,0.137,0.3459,0.009,0.0323,0.0294,0.4065,0.9565,27.7794,0.8485,7.577
27,2,0,bound,0.0,-0.2,-0.5,True,1000,10.0,timeout,0.19,-0.0337,-0.3738,0.2314,0.1663,0.1267,0.3496,0.0091,0.0254,0.0239,0.4063,0.9563,26.7874,0.9827,7.577
28,3,0,bound,0.0,-0.2,-0.5,True,1000,10.0,timeout,0.1835,-0.0361,-0.3763,0.2304,0.1639,0.1239,0.3511,0.0093,0.0252,0.0256,0.4063,0.9563,26.2871,0.8119,7.577
29,4,0,bound,0.0,-0.2,-0.5,True,1000,10.0,timeout,0.1838,-0.0353,-0.3793,0.2303,0.1647,0.1211,0.3513,0.0092,0.0242,0.0244,0.4063,0.9563,26.2409,0.5634,7.577
30,0,0,bound,0.0,-0.2,-0.25,True,1000,10.0,timeout,0.2242,-0.0285,-0.1362,0.2446,0.1715,0.1284,0.3403,0.0099,0.0415,0.0379,0.4178,0.9568,28.9648,1.8659,7.591
31,1,0,bound,0.0,-0.2,-0.25,True,1000,10.0,timeout,0.1897,-0.0204,-0.1375,0.2262,0.1796,0.1145,0.3472,0.0097,0.0235,0.0236,0.41,0.947,27.5096,1.0897,7.591
32,2,0,bound,0.0,-0.2,-0.25,True,1000,10.0,timeout,0.1744,-0.0209,-0.1442,0.2222,0.1791,0.1073,0.3502,0.0097,0.021,0.0205,0.4075,0.9475,26.6514,2.2226,7.591
33,3,0,bound,0.0,-0.2,-0.25,True,1000,10.0,timeout,0.1706,-0.0221,-0.1511,0.2218,0.1779,0.1011,0.3516,0.0096,0.0199,0.0196,0.4068,0.9463,26.1633,1.9802,7.591
34,4,0,bound,0.0,-0.2,-0.25,True,1000,10.0,timeout,0.1715,-0.0222,-0.151,0.2229,0.1778,0.101,0.3517,0.0098,0.021,0.0214,0.4078,0.9463,26.048,1.1022,7.591
35,0,0,bound,0.0,-0.2,0.0,False,49,0.49,isaac_reset,0.2451,-0.0277,0.0846,0.2582,0.1723,0.1201,0.3386,0.0128,0.0512,0.0405,0.425,0.965,30.3721,1.9645,1.018
36,1,0,bound,0.0,-0.2,0.0,False,49,0.49,isaac_reset,0.2072,-0.0139,0.0802,0.2384,0.1861,0.0924,0.3458,0.0119,0.0339,0.0223,0.41,0.95,28.5774,1.4882,1.018
37,2,0,bound,0.0,-0.2,0.0,False,49,0.49,isaac_reset,0.1931,-0.0158,0.0728,0.2321,0.1842,0.0823,0.3489,0.0116,0.028,0.0148,0.4,0.935,27.7163,1.8427,1.018
38,3,0,bound,0.0,-0.2,0.0,False,49,0.49,isaac_reset,0.1822,-0.0185,0.0689,0.2241,0.1815,0.0801,0.35,0.0116,0.0291,0.0144,0.41,0.94,27.789,1.6521,1.018
39,4,0,bound,0.0,-0.2,0.0,False,49,0.49,isaac_reset,0.1931,-0.0186,0.0645,0.2339,0.1814,0.0762,0.3505,0.0114,0.0279,0.0145,0.4,0.93,27.2574,1.1321,1.018
40,0,0,bound,0.0,-0.2,0.25,True,1000,10.0,timeout,0.218,0.01,0.2893,0.2389,0.21,0.0631,0.3436,0.0079,0.0053,0.0196,0.4163,0.9663,29.2125,1.5537,7.608
41,1,0,bound,0.0,-0.2,0.25,True,1000,10.0,timeout,0.2112,0.003,0.2949,0.2402,0.203,0.068,0.3465,0.0084,0.0122,0.0256,0.4048,0.9548,27.8497,1.4816,7.608
42,2,0,bound,0.0,-0.2,0.25,True,1000,10.0,timeout,0.1874,0.0008,0.2883,0.2299,0.2008,0.0626,0.3491,0.0081,0.014,0.0188,0.4008,0.9508,26.923,1.345,7.608
43,3,0,bound,0.0,-0.2,0.25,True,1000,10.0,timeout,0.1843,-0.0014,0.2851,0.23,0.1986,0.0596,0.3505,0.0081,0.015,0.0178,0.4,0.95,26.4955,1.3377,7.608
44,4,0,bound,0.0,-0.2,0.25,True,1000,10.0,timeout,0.1779,-0.0014,0.2865,0.2269,0.1986,0.0603,0.3509,0.008,0.0148,0.0161,0.4,0.95,26.3925,1.2802,7.608
45,0,0,bound,0.0,-0.2,0.5,True,1000,10.0,timeout,0.2112,0.0188,0.501,0.2329,0.2188,0.0545,0.3433,0.0077,0.0039,0.0137,0.4128,0.9628,29.4063,1.325,7.585
46,1,0,bound,0.0,-0.2,0.5,True,1000,10.0,timeout,0.2036,0.0117,0.5109,0.2336,0.2117,0.0593,0.3466,0.0079,0.0083,0.0182,0.4013,0.9513,28.0477,1.0477,7.585
47,2,0,bound,0.0,-0.2,0.5,True,1000,10.0,timeout,0.1855,0.0091,0.5092,0.2272,0.2091,0.0566,0.3494,0.0077,0.0084,0.0148,0.4005,0.9505,27.0701,1.3691,7.585
48,3,0,bound,0.0,-0.2,0.5,True,1000,10.0,timeout,0.1846,0.0075,0.5087,0.2284,0.2075,0.0544,0.3506,0.0077,0.0089,0.0141,0.4003,0.9503,26.6546,1.435,7.585
49,4,0,bound,0.0,-0.2,0.5,True,1000,10.0,timeout,0.1812,0.0083,0.5095,0.2269,0.2083,0.0549,0.351,0.0076,0.0085,0.0135,0.4005,0.9505,26.5418,1.6667,7.585
50,0,0,bound,0.0,0.0,-0.5,True,1000,10.0,timeout,0.1878,0.0137,-0.3771,0.2153,0.014,0.1229,0.3441,0.0088,0.0131,0.0078,0.4213,0.9573,29.1802,1.842,7.6
51,1,0,bound,0.0,0.0,-0.5,True,1000,10.0,timeout,0.1922,0.0016,-0.3767,0.2243,0.0063,0.1233,0.3481,0.0091,0.0075,0.0101,0.4098,0.9478,27.7146,0.953,7.6
52,2,0,bound,0.0,0.0,-0.5,True,1000,10.0,timeout,0.1797,-0.0029,-0.3854,0.2217,0.0083,0.1146,0.3508,0.0093,0.0068,0.0104,0.41,0.9475,26.7682,0.9782,7.6
53,3,0,bound,0.0,0.0,-0.5,True,1000,10.0,timeout,0.175,-0.0066,-0.3885,0.2216,0.0105,0.1115,0.3526,0.0092,0.0062,0.0117,0.4075,0.9475,26.2434,0.2533,7.6
54,4,0,bound,0.0,0.0,-0.5,True,1000,10.0,timeout,0.172,-0.006,-0.3841,0.2204,0.0112,0.1159,0.3527,0.0093,0.0064,0.0114,0.4105,0.947,26.1815,1.0579,7.6
55,0,0,bound,0.0,0.0,-0.25,False,49,0.49,isaac_reset,0.2302,0.0204,-0.1568,0.2469,0.0204,0.0932,0.344,0.0114,0.0153,0.0104,0.42,0.97,29.9863,1.2409,1.009
56,1,0,bound,0.0,0.0,-0.25,False,49,0.49,isaac_reset,0.2363,0.01,-0.151,0.2558,0.01,0.099,0.3469,0.0118,0.0093,0.0209,0.41,0.96,28.6771,1.0273,1.009
57,2,0,bound,0.0,0.0,-0.25,False,49,0.49,isaac_reset,0.2203,0.0072,-0.1531,0.2491,0.0088,0.0975,0.3494,0.0116,0.0099,0.0206,0.41,0.95,27.7599,0.1626,1.009
58,3,0,bound,0.0,0.0,-0.25,False,49,0.49,isaac_reset,0.2141,0.0027,-0.1504,0.243,0.0071,0.1002,0.3506,0.0119,0.0059,0.0233,0.415,0.945,27.6435,0.5247,1.009
59,4,0,bound,0.0,0.0,-0.25,False,49,0.49,isaac_reset,0.2231,0.0028,-0.1527,0.2549,0.0074,0.0978,0.3513,0.0115,0.0054,0.0225,0.4,0.96,26.7182,0.8043,1.009
60,0,0,bound,0.0,0.0,0.0,True,1000,10.0,timeout,0.2059,0.0449,0.0673,0.2263,0.0449,0.0673,0.3448,0.0072,0.0433,0.0036,0.4125,0.9625,29.5768,2.2182,7.596
61,1,0,bound,0.0,0.0,0.0,True,1000,10.0,timeout,0.2091,0.0279,0.0672,0.2364,0.0279,0.0683,0.3483,0.008,0.0243,0.0154,0.406,0.956,28.007,2.2271,7.596
62,2,0,bound,0.0,0.0,0.0,True,1000,10.0,timeout,0.1975,0.0218,0.0593,0.2347,0.0218,0.0614,0.3508,0.0081,0.0185,0.0155,0.403,0.953,27.0958,2.1081,7.596
63,3,0,bound,0.0,0.0,0.0,True,1000,10.0,timeout,0.1908,0.0175,0.0617,0.2335,0.0175,0.0636,0.352,0.0082,0.0139,0.0158,0.4,0.95,26.6011,2.032,7.596
64,4,0,bound,0.0,0.0,0.0,True,1000,10.0,timeout,0.1864,0.017,0.0615,0.2315,0.017,0.0636,0.3523,0.0082,0.0123,0.0157,0.4,0.95,26.4754,1.9978,7.596
65,0,0,bound,0.0,0.0,0.25,True,1000,10.0,timeout,0.2397,0.047,0.2917,0.2513,0.047,0.0464,0.3444,0.0079,0.04,0.0175,0.4128,0.9628,29.5061,1.5683,7.604
66,1,0,bound,0.0,0.0,0.25,True,1000,10.0,timeout,0.2195,0.0354,0.294,0.2439,0.0354,0.0492,0.3478,0.0081,0.0263,0.019,0.407,0.957,28.0375,2.5614,7.604
67,2,0,bound,0.0,0.0,0.25,True,1000,10.0,timeout,0.2123,0.0281,0.2939,0.2433,0.0281,0.0534,0.3499,0.0083,0.0168,0.0223,0.4035,0.9535,27.0288,2.225,7.604
68,3,0,bound,0.0,0.0,0.25,True,1000,10.0,timeout,0.2014,0.0258,0.2874,0.2387,0.0258,0.0496,0.3513,0.0081,0.0134,0.0185,0.4003,0.9503,26.603,1.9806,7.604
69,4,0,bound,0.0,0.0,0.25,True,1000,10.0,timeout,0.1972,0.0266,0.2891,0.2367,0.0266,0.0501,0.3516,0.008,0.0137,0.0179,0.4005,0.9505,26.5011,2.137,7.604
70,0,0,bound,0.0,0.0,0.5,True,1000,10.0,timeout,0.2371,0.0475,0.5195,0.2503,0.0476,0.0427,0.3444,0.0093,0.0328,0.0231,0.414,0.9525,29.0677,1.5434,7.563
71,1,0,bound,0.0,0.0,0.5,True,1000,10.0,timeout,0.2182,0.0391,0.521,0.2427,0.0395,0.0498,0.3475,0.0092,0.0207,0.0217,0.4075,0.946,27.7422,1.2858,7.563
72,2,0,bound,0.0,0.0,0.5,True,1000,10.0,timeout,0.2085,0.0368,0.5184,0.2407,0.0369,0.0508,0.3498,0.009,0.0166,0.0212,0.4035,0.9425,26.8289,1.4068,7.563
73,3,0,bound,0.0,0.0,0.5,True,1000,10.0,timeout,0.2032,0.0351,0.5181,0.2391,0.0352,0.0525,0.3512,0.0089,0.0144,0.0209,0.4028,0.9418,26.3567,1.3401,7.563
74,4,0,bound,0.0,0.0,0.5,True,1000,10.0,timeout,0.1997,0.0335,0.5177,0.2373,0.0338,0.0517,0.3514,0.0089,0.0136,0.0201,0.405,0.9425,26.2914,1.326,7.563
75,0,0,bound,0.0,0.2,-0.5,False,49,0.49,isaac_reset,0.1975,0.0493,-0.3726,0.2215,0.1507,0.1274,0.3438,0.0108,0.0316,0.0041,0.42,0.97,30.1306,0.7339,1.048
76,1,0,bound,0.0,0.2,-0.5,False,49,0.49,isaac_reset,0.1942,0.0403,-0.3959,0.2235,0.1597,0.1041,0.3484,0.0105,0.0343,0.0055,0.415,0.965,28.9101,0.7302,1.048
77,2,0,bound,0.0,0.2,-0.5,False,49,0.49,isaac_reset,0.2066,0.0251,-0.3921,0.2387,0.1749,0.1079,0.3501,0.0113,0.0195,0.0139,0.41,0.95,28.0243,0.7963,1.048
78,3,0,bound,0.0,0.2,-0.5,False,49,0.49,isaac_reset,0.1907,0.0254,-0.4004,0.2261,0.1746,0.0996,0.3521,0.0108,0.027,0.0062,0.415,0.96,27.8691,1.277,1.048
79,4,0,bound,0.0,0.2,-0.5,False,49,0.49,isaac_reset,0.2013,0.0251,-0.4014,0.2388,0.1749,0.0986,0.3528,0.0105,0.0265,0.0055,0.4,0.96,26.9143,1.2295,1.048
80,0,0,bound,0.0,0.2,-0.25,True,1000,10.0,timeout,0.1518,0.0653,-0.1407,0.1929,0.1347,0.1093,0.3437,0.0065,0.0415,0.0175,0.414,0.964,29.7695,1.7114,7.558
81,1,0,bound,0.0,0.2,-0.25,True,1000,10.0,timeout,0.1672,0.0464,-0.1792,0.209,0.1536,0.0709,0.349,0.0069,0.0381,0.013,0.409,0.959,28.3791,1.6234,7.558
82,2,0,bound,0.0,0.2,-0.25,True,1000,10.0,timeout,0.1757,0.0386,-0.1888,0.219,0.1614,0.0623,0.3516,0.0073,0.0356,0.0062,0.406,0.956,27.3474,1.6154,7.558
83,3,0,bound,0.0,0.2,-0.25,True,1000,10.0,timeout,0.1799,0.0342,-0.1811,0.2243,0.1658,0.0699,0.3529,0.0077,0.033,0.0055,0.4015,0.9515,26.8224,1.676,7.558
84,4,0,bound,0.0,0.2,-0.25,True,1000,10.0,timeout,0.1756,0.034,-0.1833,0.2223,0.166,0.0678,0.3531,0.0076,0.0325,0.0041,0.4005,0.9505,26.7345,1.6066,7.558
85,0,0,bound,0.0,0.2,0.0,True,1000,10.0,timeout,0.207,0.0747,0.0785,0.2281,0.1253,0.0787,0.3439,0.0079,0.0501,0.0118,0.413,0.9625,29.5306,2.7215,7.613
86,1,0,bound,0.0,0.2,0.0,True,1000,10.0,timeout,0.1997,0.0648,0.0484,0.2289,0.1352,0.0502,0.3485,0.0078,0.0484,0.0085,0.4123,0.9623,28.3559,1.6147,7.613
87,2,0,bound,0.0,0.2,0.0,True,1000,10.0,timeout,0.1949,0.0562,0.0402,0.231,0.1438,0.0435,0.3514,0.0077,0.0453,0.0076,0.4065,0.9565,27.3804,1.6953,7.613
88,3,0,bound,0.0,0.2,0.0,True,1000,10.0,timeout,0.1977,0.049,0.0453,0.2351,0.151,0.048,0.3525,0.0079,0.0387,0.0127,0.4003,0.9503,26.8219,2.142,7.613
89,4,0,bound,0.0,0.2,0.0,True,1000,10.0,timeout,0.1927,0.0499,0.0474,0.2329,0.1501,0.0502,0.3527,0.0079,0.0385,0.0126,0.4005,0.9505,26.7283,2.108,7.613
90,0,0,bound,0.0,0.2,0.25,True,1000,10.0,timeout,0.2343,0.0747,0.3129,0.2473,0.1253,0.0668,0.344,0.0097,0.0499,0.0245,0.4168,0.9528,29.1248,2.4557,7.591
91,1,0,bound,0.0,0.2,0.25,True,1000,10.0,timeout,0.2226,0.0654,0.2964,0.2452,0.1346,0.0528,0.3485,0.0093,0.0448,0.0223,0.4153,0.9523,27.7772,2.1332,7.591
92,2,0,bound,0.0,0.2,0.25,True,1000,10.0,timeout,0.2167,0.0588,0.2871,0.2449,0.1412,0.0463,0.3506,0.0092,0.0388,0.0223,0.41,0.947,26.908,1.6581,7.591
93,3,0,bound,0.0,0.2,0.25,True,1000,10.0,timeout,0.2113,0.0544,0.2894,0.2435,0.1456,0.0498,0.3517,0.0091,0.0345,0.0229,0.4055,0.9455,26.3869,1.9585,7.591
94,4,0,bound,0.0,0.2,0.25,True,1000,10.0,timeout,0.2048,0.0553,0.2919,0.2405,0.1447,0.0511,0.3521,0.0092,0.0345,0.0221,0.407,0.944,26.288,2.0581,7.591
95,0,0,bound,0.0,0.2,0.5,False,49,0.49,isaac_reset,0.2721,0.0741,0.5335,0.2793,0.1259,0.0561,0.3441,0.0115,0.0497,0.0261,0.415,0.95,30.1237,1.5627,1.049
96,1,0,bound,0.0,0.2,0.5,False,49,0.49,isaac_reset,0.2596,0.0636,0.5161,0.2731,0.1364,0.0456,0.3475,0.0114,0.0395,0.0236,0.405,0.945,28.8647,1.9214,1.049
97,2,0,bound,0.0,0.2,0.5,False,49,0.49,isaac_reset,0.2629,0.0547,0.5127,0.2782,0.1453,0.0485,0.3489,0.0115,0.0293,0.0271,0.4,0.935,28.0755,1.0568,1.049
98,3,0,bound,0.0,0.2,0.5,False,49,0.49,isaac_reset,0.2478,0.0504,0.5101,0.2664,0.1496,0.0496,0.3501,0.0114,0.0267,0.0275,0.41,0.94,27.9649,1.6057,1.049
99,4,0,bound,0.0,0.2,0.5,False,49,0.49,isaac_reset,0.2573,0.0517,0.5089,0.2783,0.1483,0.0499,0.351,0.0111,0.0261,0.0262,0.39,0.93,26.9632,1.7011,1.049
100,0,0,bound,0.0,0.4,-0.5,True,1000,10.0,timeout,0.1176,0.0736,-0.3667,0.1804,0.3264,0.1333,0.3417,0.0063,0.0256,0.0232,0.4145,0.9645,29.8614,0.7614,7.619
101,1,0,bound,0.0,0.4,-0.5,True,1000,10.0,timeout,0.1499,0.0684,-0.4193,0.2014,0.3316,0.0807,0.3478,0.0066,0.0316,0.0126,0.4138,0.9638,28.4759,0.5944,7.619
102,2,0,bound,0.0,0.4,-0.5,True,1000,10.0,timeout,0.1633,0.064,-0.442,0.2129,0.336,0.0588,0.3507,0.007,0.0347,0.0076,0.4103,0.9603,27.5068,0.5097,7.619
103,3,0,bound,0.0,0.4,-0.5,True,1000,10.0,timeout,0.1743,0.058,-0.4356,0.2216,0.342,0.0654,0.3521,0.0074,0.0345,0.006,0.4063,0.9563,26.9574,0.5671,7.619
104,4,0,bound,0.0,0.4,-0.5,True,1000,10.0,timeout,0.1692,0.0572,-0.4347,0.2195,0.3428,0.0664,0.3524,0.0074,0.0339,0.006,0.406,0.956,26.8321,0.5525,7.619
105,0,0,bound,0.0,0.4,-0.25,True,1000,10.0,timeout,0.1467,0.0953,-0.1236,0.1937,0.3047,0.1264,0.3428,0.0072,0.0406,0.0106,0.417,0.9665,29.7317,1.5887,7.574
106,1,0,bound,0.0,0.4,-0.25,True,1000,10.0,timeout,0.1686,0.0857,-0.174,0.2113,0.3143,0.0761,0.3481,0.0072,0.0426,0.0088,0.4103,0.9603,28.4583,1.7615,7.574
107,2,0,bound,0.0,0.4,-0.25,True,1000,10.0,timeout,0.1753,0.0761,-0.1962,0.2196,0.3239,0.0555,0.3512,0.0072,0.0433,0.0054,0.4078,0.9578,27.5306,1.9288,7.574
108,3,0,bound,0.0,0.4,-0.25,True,1000,10.0,timeout,0.1765,0.0705,-0.196,0.2235,0.3295,0.0557,0.3527,0.0074,0.0423,0.0051,0.4068,0.9568,27.0331,2.0111,7.574
109,4,0,bound,0.0,0.4,-0.25,True,1000,10.0,timeout,0.1715,0.0681,-0.1915,0.2219,0.3319,0.0602,0.3529,0.0075,0.041,0.0063,0.406,0.956,26.9002,1.2299,7.574
110,0,0,bound,0.0,0.4,0.0,True,1000,10.0,timeout,0.2079,0.1042,0.0925,0.2305,0.2958,0.0936,0.3438,0.0093,0.0458,0.0246,0.415,0.953,29.1261,2.1146,7.557
111,1,0,bound,0.0,0.4,0.0,True,1000,10.0,timeout,0.1954,0.0952,0.0623,0.2281,0.3048,0.0632,0.3483,0.0092,0.045,0.0184,0.4165,0.9525,27.9422,1.6577,7.557
112,2,0,bound,0.0,0.4,0.0,True,1000,10.0,timeout,0.1892,0.0913,0.039,0.2278,0.3087,0.045,0.3515,0.0086,0.0465,0.0118,0.4105,0.9495,27.1825,2.8585,7.557
113,3,0,bound,0.0,0.4,0.0,True,1000,10.0,timeout,0.1902,0.0816,0.0439,0.2313,0.3184,0.0491,0.3525,0.009,0.0431,0.0169,0.4093,0.9458,26.5857,1.6993,7.557
114,4,0,bound,0.0,0.4,0.0,True,1000,10.0,timeout,0.1856,0.0835,0.0496,0.2291,0.3165,0.0529,0.3527,0.0089,0.0427,0.0159,0.41,0.9465,26.4918,2.6802,7.557
115,0,0,bound,0.0,0.4,0.25,False,49,0.49,isaac_reset,0.258,0.1104,0.3206,0.2682,0.2896,0.0806,0.3428,0.012,0.0509,0.0341,0.415,0.965,30.1226,2.0311,1.045
116,1,0,bound,0.0,0.4,0.25,False,49,0.49,isaac_reset,0.2442,0.1024,0.2903,0.2629,0.2976,0.0522,0.3475,0.0114,0.0489,0.0277,0.415,0.965,28.9208,2.1268,1.045
117,2,0,bound,0.0,0.4,0.25,False,49,0.49,isaac_reset,0.2368,0.0949,0.2748,0.2615,0.3051,0.0396,0.3503,0.0109,0.0485,0.0218,0.405,0.955,28.1696,2.6696,1.045
118,3,0,bound,0.0,0.4,0.25,False,49,0.49,isaac_reset,0.2342,0.0894,0.278,0.2612,0.3106,0.043,0.351,0.0109,0.0449,0.0239,0.405,0.94,27.6713,2.4793,1.045
119,4,0,bound,0.0,0.4,0.25,False,49,0.49,isaac_reset,0.2398,0.0883,0.2798,0.2685,0.3117,0.0455,0.3514,0.0107,0.0441,0.0246,0.39,0.95,27.0826,2.094,1.045
120,0,0,bound,0.0,0.4,0.5,True,1000,10.0,timeout,0.2653,0.1061,0.5656,0.2736,0.2939,0.0665,0.3444,0.0083,0.0529,0.0377,0.4123,0.9623,29.3839,0.2153,7.567
121,1,0,bound,0.0,0.4,0.5,True,1000,10.0,timeout,0.2553,0.0975,0.5443,0.2691,0.3025,0.049,0.3476,0.0086,0.045,0.0364,0.4083,0.9583,28.0418,0.3266,7.567
122,2,0,bound,0.0,0.4,0.5,True,1000,10.0,timeout,0.2483,0.091,0.5379,0.268,0.309,0.046,0.35,0.0085,0.0405,0.0351,0.4028,0.9528,27.1706,0.3376,7.567
123,3,0,bound,0.0,0.4,0.5,True,1000,10.0,timeout,0.2397,0.0882,0.5349,0.2643,0.3118,0.0443,0.3514,0.0084,0.0386,0.034,0.4013,0.9513,26.7039,0.3574,7.567
124,4,0,bound,0.0,0.4,0.5,True,1000,10.0,timeout,0.2395,0.0876,0.5323,0.2645,0.3124,0.0428,0.3518,0.0084,0.0381,0.0336,0.4,0.95,26.6132,0.3998,7.567
125,0,0,bound,0.3,-0.4,-0.5,True,1000,10.0,timeout,0.3742,-0.0506,-0.4092,0.1759,0.3494,0.1048,0.3446,0.0086,0.0418,0.0255,0.4065,0.9565,28.9882,1.2689,7.593
126,1,0,bound,0.3,-0.4,-0.5,True,1000,10.0,timeout,0.3542,-0.0569,-0.4085,0.1789,0.3431,0.1014,0.3494,0.0088,0.0415,0.0226,0.406,0.956,27.6398,0.9438,7.593
127,2,0,bound,0.3,-0.4,-0.5,True,1000,10.0,timeout,0.3512,-0.0598,-0.4153,0.1835,0.3402,0.0964,0.3522,0.0089,0.039,0.022,0.4063,0.9563,26.7048,1.073,7.593
128,3,0,bound,0.3,-0.4,-0.5,True,1000,10.0,timeout,0.3427,-0.061,-0.4169,0.1843,0.339,0.0933,0.3536,0.0089,0.0361,0.0197,0.406,0.956,26.2796,1.5058,7.593
129,4,0,bound,0.3,-0.4,-0.5,True,1000,10.0,timeout,0.3393,-0.0608,-0.4179,0.1837,0.3392,0.0923,0.354,0.0088,0.0352,0.0185,0.4058,0.9558,26.189,1.3917,7.593
130,0,0,bound,0.3,-0.4,-0.25,True,1000,10.0,timeout,0.3686,-0.0513,-0.1769,0.1792,0.3487,0.1102,0.3445,0.0098,0.0466,0.0321,0.416,0.9555,28.7559,3.42,7.552
131,1,0,bound,0.3,-0.4,-0.25,True,1000,10.0,timeout,0.3393,-0.0484,-0.1824,0.1763,0.3516,0.0933,0.3498,0.0094,0.041,0.0192,0.4063,0.9453,27.4999,2.7296,7.552
132,2,0,bound,0.3,-0.4,-0.25,True,1000,10.0,timeout,0.3312,-0.0521,-0.1866,0.1799,0.3479,0.0892,0.3527,0.0092,0.0403,0.0164,0.4033,0.9423,26.6004,2.7447,7.552
133,3,0,bound,0.3,-0.4,-0.25,True,1000,10.0,timeout,0.3172,-0.0522,-0.1867,0.1799,0.3478,0.0868,0.3543,0.009,0.0365,0.0138,0.4028,0.9423,26.1741,2.6128,7.552
134,4,0,bound,0.3,-0.4,-0.25,True,1000,10.0,timeout,0.321,-0.053,-0.186,0.1798,0.347,0.087,0.3546,0.0092,0.0372,0.0131,0.404,0.942,26.0593,2.8028,7.552
135,0,0,bound,0.3,-0.4,0.0,False,49,0.49,isaac_reset,0.3828,-0.0502,0.0548,0.1758,0.3498,0.1088,0.3432,0.0122,0.0485,0.0255,0.425,0.955,30.0438,4.045,1.038
136,1,0,bound,0.3,-0.4,0.0,False,49,0.49,isaac_reset,0.3571,-0.05,0.0395,0.1728,0.35,0.0891,0.3494,0.0112,0.0442,0.0096,0.4,0.95,28.3772,3.2428,1.038
137,2,0,bound,0.3,-0.4,0.0,False,49,0.49,isaac_reset,0.3525,-0.0481,0.0337,0.1762,0.3519,0.0774,0.3522,0.0109,0.0379,0.0083,0.4,0.95,27.4944,2.3408,1.038
138,3,0,bound,0.3,-0.4,0.0,False,49,0.49,isaac_reset,0.3443,-0.05,0.0333,0.1747,0.35,0.0747,0.3537,0.0107,0.0358,0.0068,0.4,0.93,27.0141,2.9094,1.038
139,4,0,bound,0.3,-0.4,0.0,False,49,0.49,isaac_reset,0.35,-0.0506,0.027,0.181,0.3494,0.0724,0.3544,0.0105,0.0354,0.0066,0.39,0.935,26.3998,3.1704,1.038
140,0,0,bound,0.3,-0.4,0.25,True,1000,10.0,timeout,0.3636,-0.046,0.2583,0.1722,0.354,0.1028,0.3444,0.0083,0.0414,0.0269,0.412,0.962,28.982,2.8157,7.558
141,1,0,bound,0.3,-0.4,0.25,True,1000,10.0,timeout,0.3479,-0.04,0.2573,0.1749,0.36,0.0807,0.3495,0.0081,0.0334,0.0186,0.4,0.95,27.7538,2.7055,7.558
142,2,0,bound,0.3,-0.4,0.25,True,1000,10.0,timeout,0.3393,-0.0399,0.2587,0.1781,0.3601,0.0692,0.3522,0.0079,0.0299,0.015,0.4,0.95,26.8382,2.6252,7.558
143,3,0,bound,0.3,-0.4,0.25,True,1000,10.0,timeout,0.3326,-0.0408,0.2561,0.1792,0.3592,0.0642,0.3536,0.0079,0.0264,0.0143,0.4,0.95,26.3509,2.5978,7.558
144,4,0,bound,0.3,-0.4,0.25,True,1000,10.0,timeout,0.3285,-0.0405,0.2573,0.1783,0.3595,0.0642,0.354,0.0079,0.0259,0.0127,0.4,0.95,26.2544,2.5511,7.558
145,0,0,bound,0.3,-0.4,0.5,True,1000,10.0,timeout,0.3528,-0.0403,0.4833,0.1643,0.3597,0.0951,0.345,0.0079,0.0299,0.0169,0.4078,0.9578,29.0625,2.2064,7.606
146,1,0,bound,0.3,-0.4,0.5,True,1000,10.0,timeout,0.339,-0.0348,0.4811,0.1688,0.3652,0.0767,0.3498,0.0077,0.0219,0.0114,0.4,0.95,27.8863,2.1853,7.606
147,2,0,bound,0.3,-0.4,0.5,True,1000,10.0,timeout,0.3374,-0.0351,0.4878,0.1734,0.3649,0.0659,0.3527,0.0076,0.0187,0.0094,0.4,0.95,26.9674,1.8796,7.606
148,3,0,bound,0.3,-0.4,0.5,True,1000,10.0,timeout,0.3295,-0.0361,0.4845,0.1743,0.3639,0.0625,0.3539,0.0076,0.0164,0.0087,0.4,0.95,26.4782,3.2283,7.606
149,4,0,bound,0.3,-0.4,0.5,True,1000,10.0,timeout,0.3269,-0.0355,0.4863,0.1745,0.3645,0.0616,0.3542,0.0075,0.0167,0.0083,0.4,0.95,26.3984,2.7077,7.606
150,0,0,bound,0.3,-0.2,-0.5,True,1000,10.0,timeout,0.3578,-0.012,-0.4085,0.1659,0.188,0.0917,0.3463,0.0088,0.0052,0.006,0.41,0.948,28.8888,2.5842,7.551
151,1,0,bound,0.3,-0.2,-0.5,True,1000,10.0,timeout,0.3437,-0.0254,-0.4062,0.1757,0.1746,0.097,0.3504,0.0091,0.0144,0.0125,0.409,0.948,27.538,1.667,7.551
152,2,0,bound,0.3,-0.2,-0.5,True,1000,10.0,timeout,0.3392,-0.0285,-0.4153,0.1796,0.1715,0.0911,0.3531,0.0093,0.0154,0.0136,0.4083,0.9468,26.5974,1.3663,7.551
153,3,0,bound,0.3,-0.2,-0.5,True,1000,10.0,timeout,0.3297,-0.0316,-0.4147,0.1817,0.1684,0.0918,0.3544,0.0093,0.0166,0.0145,0.4075,0.9465,26.1269,0.8941,7.551
154,4,0,bound,0.3,-0.2,-0.5,True,1000,10.0,timeout,0.3263,-0.0331,-0.4147,0.1817,0.1669,0.092,0.3547,0.0094,0.0175,0.0141,0.4073,0.9453,26.0623,1.8752,7.551
155,0,0,bound,0.3,-0.2,-0.25,False,49,0.49,isaac_reset,0.3902,-0.0112,-0.1767,0.1812,0.1888,0.0827,0.3454,0.0116,0.0052,0.0196,0.41,0.945,29.5975,1.9261,1.033
156,1,0,bound,0.3,-0.2,-0.25,False,49,0.49,isaac_reset,0.3808,-0.02,-0.1746,0.1868,0.18,0.0891,0.3489,0.0117,0.0153,0.0256,0.41,0.94,28.3145,1.4355,1.033
157,2,0,bound,0.3,-0.2,-0.25,False,49,0.49,isaac_reset,0.3744,-0.0216,-0.1801,0.1879,0.1784,0.0846,0.3515,0.0116,0.0141,0.0251,0.41,0.95,27.5219,0.8961,1.033
158,3,0,bound,0.3,-0.2,-0.25,False,49,0.49,isaac_reset,0.3676,-0.0237,-0.1815,0.1877,0.1763,0.0827,0.3529,0.0115,0.0161,0.0252,0.41,0.96,27.0185,1.064,1.033
159,4,0,bound,0.3,-0.2,-0.25,False,49,0.49,isaac_reset,0.3731,-0.0238,-0.1827,0.1939,0.1762,0.0808,0.3537,0.0112,0.0161,0.0237,0.4,0.95,26.3742,1.7896,1.033
160,0,0,bound,0.3,-0.2,0.0,True,1000,10.0,timeout,0.37,-0.0089,0.0293,0.1734,0.1911,0.0635,0.3461,0.008,0.0093,0.0205,0.4018,0.9518,29.064,3.9527,7.577
161,1,0,bound,0.3,-0.2,0.0,True,1000,10.0,timeout,0.3507,-0.0154,0.0307,0.1795,0.1846,0.0651,0.3505,0.008,0.018,0.0182,0.4003,0.9503,27.7623,3.7789,7.577
162,2,0,bound,0.3,-0.2,0.0,True,1000,10.0,timeout,0.3454,-0.017,0.026,0.1821,0.183,0.0603,0.3531,0.0082,0.0146,0.0174,0.4,0.95,26.8254,3.7201,7.577
163,3,0,bound,0.3,-0.2,0.0,True,1000,10.0,timeout,0.3349,-0.017,0.0267,0.1827,0.183,0.0591,0.3546,0.0081,0.012,0.0157,0.4,0.95,26.3745,3.5957,7.577
164,4,0,bound,0.3,-0.2,0.0,True,1000,10.0,timeout,0.331,-0.0169,0.0262,0.1823,0.1831,0.0586,0.3548,0.0081,0.0117,0.0146,0.4,0.95,26.2826,3.5357,7.577
165,0,0,bound,0.3,-0.2,0.25,True,1000,10.0,timeout,0.3596,-0.0097,0.2508,0.1717,0.1903,0.0801,0.3455,0.008,0.0173,0.0234,0.4008,0.9508,29.0944,3.4529,7.576
166,1,0,bound,0.3,-0.2,0.25,True,1000,10.0,timeout,0.3586,-0.01,0.2543,0.1796,0.19,0.0655,0.35,0.008,0.0152,0.0207,0.4,0.95,27.792,3.8575,7.576
167,2,0,bound,0.3,-0.2,0.25,True,1000,10.0,timeout,0.3485,-0.0111,0.2554,0.1811,0.1889,0.0606,0.3526,0.008,0.0129,0.0186,0.4,0.95,26.8231,3.4346,7.576
168,3,0,bound,0.3,-0.2,0.25,True,1000,10.0,timeout,0.3449,-0.0121,0.2547,0.1822,0.1879,0.0592,0.3542,0.008,0.0117,0.0179,0.4,0.95,26.3474,3.4633,7.576
169,4,0,bound,0.3,-0.2,0.25,True,1000,10.0,timeout,0.3416,-0.0121,0.2544,0.1819,0.1879,0.0587,0.3544,0.008,0.012,0.0173,0.4,0.95,26.2538,3.3478,7.576
170,0,0,bound,0.3,-0.2,0.5,True,1000,10.0,timeout,0.3599,-0.0092,0.4765,0.1728,0.1908,0.089,0.3457,0.0093,0.014,0.0249,0.4065,0.944,28.7329,3.1619,7.6
171,1,0,bound,0.3,-0.2,0.5,True,1000,10.0,timeout,0.3493,-0.0065,0.4843,0.1777,0.1935,0.0711,0.3501,0.0091,0.007,0.0184,0.4043,0.9418,27.5457,3.1504,7.6
172,2,0,bound,0.3,-0.2,0.5,True,1000,10.0,timeout,0.3431,-0.006,0.4892,0.1803,0.194,0.0646,0.3527,0.0089,0.0063,0.0153,0.403,0.9415,26.6479,2.4673,7.6
173,3,0,bound,0.3,-0.2,0.5,True,1000,10.0,timeout,0.3379,-0.0068,0.4884,0.1817,0.1932,0.0619,0.3541,0.0089,0.0056,0.0149,0.4028,0.9418,26.1811,1.8386,7.6
174,4,0,bound,0.3,-0.2,0.5,True,1000,10.0,timeout,0.3369,-0.0075,0.4875,0.1815,0.1925,0.062,0.3544,0.0088,0.0064,0.014,0.404,0.9425,26.1147,2.455,7.6
175,0,0,bound,0.3,0.0,-0.5,False,49,0.49,isaac_reset,0.3745,0.021,-0.3861,0.1656,0.021,0.1139,0.3455,0.011,0.0272,0.0046,0.41,0.96,29.7254,0.7721,1.019
176,1,0,bound,0.3,0.0,-0.5,False,49,0.49,isaac_reset,0.3665,0.0101,-0.4259,0.1697,0.0132,0.0741,0.3505,0.0104,0.0215,0.0066,0.4,0.94,28.5321,1.0088,1.019
177,2,0,bound,0.3,0.0,-0.5,False,49,0.49,isaac_reset,0.3625,-0.0007,-0.4229,0.1765,0.012,0.0783,0.3535,0.0105,0.0128,0.0047,0.4,0.94,27.6176,1.5254,1.019
178,3,0,bound,0.3,0.0,-0.5,False,49,0.49,isaac_reset,0.3517,-0.0057,-0.418,0.1764,0.0134,0.0832,0.355,0.0103,0.0126,0.0046,0.4,0.95,27.141,1.1392,1.019
179,4,0,bound,0.3,0.0,-0.5,False,49,0.49,isaac_reset,0.3576,-0.0033,-0.4241,0.182,0.013,0.0771,0.3555,0.0101,0.0139,0.0054,0.39,0.94,26.5642,0.6473,1.019
180,0,0,bound,0.3,0.0,-0.25,True,1000,10.0,timeout,0.3567,0.0244,-0.1878,0.1573,0.0244,0.0628,0.3474,0.007,0.0328,0.0116,0.4048,0.9548,29.4132,3.1937,7.596
181,1,0,bound,0.3,0.0,-0.25,True,1000,10.0,timeout,0.3474,0.0073,-0.1964,0.171,0.0125,0.0567,0.3515,0.0074,0.0132,0.0045,0.4,0.95,27.9544,3.0703,7.596
182,2,0,bound,0.3,0.0,-0.25,True,1000,10.0,timeout,0.342,0.0019,-0.2015,0.1759,0.0118,0.0552,0.3544,0.0078,0.0122,0.0052,0.4,0.95,27.0008,2.9593,7.596
183,3,0,bound,0.3,0.0,-0.25,True,1000,10.0,timeout,0.3383,-0.0007,-0.1976,0.1793,0.0117,0.0601,0.3557,0.0079,0.0116,0.0064,0.4,0.95,26.5069,2.959,7.596
184,4,0,bound,0.3,0.0,-0.25,True,1000,10.0,timeout,0.3366,-0.0009,-0.1979,0.1796,0.0118,0.0599,0.356,0.008,0.0119,0.0063,0.4,0.95,26.4138,2.9398,7.596
185,0,0,bound,0.3,0.0,0.0,True,1000,10.0,timeout,0.3684,0.0303,0.036,0.1654,0.0303,0.0403,0.3476,0.0073,0.0338,0.004,0.4058,0.9558,29.3484,4.2372,7.566
186,1,0,bound,0.3,0.0,0.0,True,1000,10.0,timeout,0.3557,0.0159,0.0356,0.176,0.0177,0.0463,0.3513,0.0077,0.0183,0.0101,0.4003,0.9503,27.9107,4.666,7.566
187,2,0,bound,0.3,0.0,0.0,True,1000,10.0,timeout,0.3505,0.0104,0.0298,0.181,0.0151,0.049,0.3539,0.008,0.0147,0.0132,0.4,0.95,26.9362,4.1279,7.566
188,3,0,bound,0.3,0.0,0.0,True,1000,10.0,timeout,0.3431,0.0094,0.0281,0.1815,0.0149,0.0481,0.3553,0.008,0.0151,0.0119,0.4,0.95,26.4797,3.3093,7.566
189,4,0,bound,0.3,0.0,0.0,True,1000,10.0,timeout,0.3395,0.0094,0.0281,0.1813,0.0151,0.0483,0.3556,0.0079,0.0139,0.0111,0.4,0.95,26.3865,4.2751,7.566
190,0,0,bound,0.3,0.0,0.25,True,1000,10.0,timeout,0.3691,0.0248,0.2691,0.1746,0.0261,0.0467,0.3469,0.009,0.0224,0.0179,0.4048,0.9418,28.8842,3.8919,7.575
191,1,0,bound,0.3,0.0,0.25,True,1000,10.0,timeout,0.3499,0.0187,0.2678,0.1796,0.0214,0.0516,0.3507,0.009,0.0161,0.0179,0.404,0.942,27.5764,3.0476,7.575
192,2,0,bound,0.3,0.0,0.25,True,1000,10.0,timeout,0.3525,0.0145,0.2622,0.1858,0.0183,0.054,0.3531,0.0091,0.0145,0.0196,0.4033,0.9418,26.6082,3.0175,7.575
193,3,0,bound,0.3,0.0,0.25,True,1000,10.0,timeout,0.347,0.0137,0.2615,0.1862,0.0178,0.053,0.3544,0.009,0.0133,0.0185,0.4033,0.9423,26.1732,3.6884,7.575
194,4,0,bound,0.3,0.0,0.25,True,1000,10.0,timeout,0.3445,0.0144,0.2618,0.1855,0.0183,0.0524,0.3548,0.009,0.0135,0.0171,0.4038,0.9423,26.0943,2.952,7.575
195,0,0,bound,0.3,0.0,0.5,False,49,0.49,isaac_reset,0.4008,0.0176,0.4821,0.1878,0.019,0.067,0.3459,0.0112,0.0124,0.0253,0.4,0.95,29.6272,2.9127,1.031
196,1,0,bound,0.3,0.0,0.5,False,49,0.49,isaac_reset,0.3926,0.0177,0.4863,0.1941,0.019,0.0607,0.3501,0.0108,0.0117,0.0201,0.39,0.93,27.7651,2.7602,1.031
197,2,0,bound,0.3,0.0,0.5,False,49,0.49,isaac_reset,0.3907,0.0138,0.4839,0.1928,0.0156,0.0608,0.3524,0.0107,0.0107,0.0197,0.4,0.95,27.4505,2.2827,1.031
198,3,0,bound,0.3,0.0,0.5,False,49,0.49,isaac_reset,0.39,0.0129,0.4836,0.1938,0.0148,0.0606,0.3538,0.0106,0.0099,0.0185,0.4,0.93,26.9869,2.9531,1.031
199,4,0,bound,0.3,0.0,0.5,False,49,0.49,isaac_reset,0.3987,0.0126,0.482,0.2015,0.0145,0.0618,0.3545,0.0105,0.0094,0.0191,0.39,0.935,26.3428,2.8268,1.031
200,0,0,bound,0.3,0.2,-0.5,True,1000,10.0,timeout,0.3246,0.0502,-0.4106,0.1531,0.1498,0.0894,0.3465,0.0066,0.0346,0.0157,0.4148,0.9648,29.4218,1.2992,7.557
201,1,0,bound,0.3,0.2,-0.5,True,1000,10.0,timeout,0.3292,0.0396,-0.4403,0.1642,0.1604,0.0604,0.3505,0.007,0.0331,0.01,0.403,0.953,28.1092,1.0703,7.557
202,2,0,bound,0.3,0.2,-0.5,True,1000,10.0,timeout,0.3384,0.0333,-0.4568,0.1721,0.1667,0.0449,0.3538,0.0072,0.03,0.0057,0.4,0.95,27.1379,0.9602,7.557
203,3,0,bound,0.3,0.2,-0.5,True,1000,10.0,timeout,0.3344,0.027,-0.4543,0.1762,0.173,0.0486,0.3551,0.0074,0.0286,0.006,0.4,0.95,26.6528,0.9551,7.557
204,4,0,bound,0.3,0.2,-0.5,True,1000,10.0,timeout,0.3311,0.0259,-0.4524,0.1767,0.1741,0.0506,0.3554,0.0074,0.0275,0.0059,0.4,0.95,26.5307,0.9741,7.557
205,0,0,bound,0.3,0.2,-0.25,True,1000,10.0,timeout,0.3408,0.0585,-0.1737,0.1555,0.1415,0.0772,0.3472,0.0071,0.0484,0.0105,0.4073,0.9573,29.4068,3.6088,7.597
206,1,0,bound,0.3,0.2,-0.25,True,1000,10.0,timeout,0.3347,0.0455,-0.198,0.1639,0.1545,0.0527,0.3518,0.007,0.0447,0.0101,0.4058,0.9558,28.1077,2.2768,7.597
207,2,0,bound,0.3,0.2,-0.25,True,1000,10.0,timeout,0.3427,0.0378,-0.2088,0.1714,0.1622,0.0432,0.3546,0.0074,0.0402,0.0067,0.4003,0.9503,27.1034,3.0114,7.597
208,3,0,bound,0.3,0.2,-0.25,True,1000,10.0,timeout,0.3356,0.0298,-0.2058,0.1768,0.1702,0.0479,0.3557,0.0076,0.0344,0.0065,0.4003,0.9503,26.6478,3.2171,7.597
209,4,0,bound,0.3,0.2,-0.25,True,1000,10.0,timeout,0.3312,0.0293,-0.2059,0.1762,0.1707,0.0478,0.3562,0.0075,0.0341,0.0054,0.4,0.95,26.5421,2.978,7.597
210,0,0,bound,0.3,0.2,0.0,True,1000,10.0,timeout,0.3534,0.0643,0.0565,0.1646,0.1357,0.0613,0.3475,0.0086,0.0545,0.0056,0.4095,0.949,29.1194,3.8681,7.566
211,1,0,bound,0.3,0.2,0.0,True,1000,10.0,timeout,0.3432,0.0548,0.0392,0.1707,0.1452,0.0434,0.3518,0.0085,0.0501,0.0057,0.4093,0.9468,27.7853,3.9002,7.566
212,2,0,bound,0.3,0.2,0.0,True,1000,10.0,timeout,0.3415,0.0453,0.0284,0.1782,0.1547,0.0377,0.3541,0.0086,0.0423,0.0078,0.4025,0.942,26.8633,2.7305,7.566
213,3,0,bound,0.3,0.2,0.0,True,1000,10.0,timeout,0.3369,0.0393,0.0305,0.1829,0.1607,0.0417,0.3556,0.0088,0.0388,0.0104,0.4028,0.9413,26.3251,3.4316,7.566
214,4,0,bound,0.3,0.2,0.0,True,1000,10.0,timeout,0.3329,0.0387,0.0329,0.1819,0.1613,0.0437,0.3558,0.0087,0.0384,0.0088,0.4043,0.9418,26.2566,2.8213,7.566
215,0,0,bound,0.3,0.2,0.25,False,49,0.49,isaac_reset,0.3907,0.0673,0.2756,0.1775,0.1327,0.04,0.3471,0.0107,0.0582,0.0088,0.405,0.94,29.6386,4.149,1.034
216,1,0,bound,0.3,0.2,0.25,False,49,0.49,isaac_reset,0.3904,0.0556,0.2658,0.1926,0.1444,0.0334,0.351,0.0104,0.0481,0.0133,0.39,0.95,27.9002,3.3087,1.034
217,2,0,bound,0.3,0.2,0.25,False,49,0.49,isaac_reset,0.3783,0.0456,0.256,0.1898,0.1544,0.0364,0.3531,0.0106,0.0396,0.0163,0.4,0.95,27.5192,3.7544,1.034
218,3,0,bound,0.3,0.2,0.25,False,49,0.49,isaac_reset,0.376,0.0432,0.2554,0.1923,0.1568,0.0388,0.3542,0.0105,0.0386,0.0174,0.4,0.95,27.1016,3.3932,1.034
219,4,0,bound,0.3,0.2,0.25,False,49,0.49,isaac_reset,0.3795,0.0438,0.2542,0.1986,0.1562,0.0389,0.3548,0.0103,0.0379,0.0169,0.39,0.94,26.461,3.3458,1.034
220,0,0,bound,0.3,0.2,0.5,True,1000,10.0,timeout,0.3969,0.0552,0.5108,0.1814,0.1448,0.0321,0.3469,0.0077,0.0447,0.0229,0.4003,0.9503,29.2421,0.6714,7.566
221,1,0,bound,0.3,0.2,0.5,True,1000,10.0,timeout,0.3832,0.0455,0.5106,0.1879,0.1545,0.0415,0.3507,0.0079,0.037,0.0245,0.4,0.95,27.9113,0.6681,7.566
222,2,0,bound,0.3,0.2,0.5,True,1000,10.0,timeout,0.3816,0.0427,0.5009,0.1919,0.1573,0.0447,0.353,0.0079,0.0347,0.0234,0.4,0.95,26.9951,0.7413,7.566
223,3,0,bound,0.3,0.2,0.5,True,1000,10.0,timeout,0.3809,0.041,0.4989,0.1942,0.159,0.0455,0.3544,0.0079,0.0338,0.0234,0.4,0.95,26.5247,0.7663,7.566
224,4,0,bound,0.3,0.2,0.5,True,1000,10.0,timeout,0.3782,0.0412,0.4989,0.1937,0.1588,0.0457,0.3547,0.0079,0.0336,0.0227,0.4,0.95,26.4112,0.7757,7.566
225,0,0,bound,0.3,0.4,-0.5,True,1000,10.0,timeout,0.3034,0.0812,-0.3982,0.156,0.3188,0.1018,0.3456,0.0069,0.0354,0.0143,0.4145,0.9645,29.4638,1.4939,7.566
226,1,0,bound,0.3,0.4,-0.5,True,1000,10.0,timeout,0.3134,0.073,-0.4377,0.1648,0.327,0.0634,0.3503,0.0069,0.0364,0.0094,0.4073,0.9573,28.1639,0.988,7.566
227,2,0,bound,0.3,0.4,-0.5,True,1000,10.0,timeout,0.3237,0.0674,-0.4555,0.1716,0.3326,0.0462,0.3531,0.0071,0.0361,0.0071,0.4013,0.9513,27.2731,1.6908,7.566
228,3,0,bound,0.3,0.4,-0.5,True,1000,10.0,timeout,0.3231,0.0617,-0.4603,0.1765,0.3383,0.0426,0.3546,0.0072,0.0354,0.0064,0.4003,0.9503,26.7873,1.0789,7.566
229,4,0,bound,0.3,0.4,-0.5,True,1000,10.0,timeout,0.3187,0.0607,-0.4615,0.1761,0.3393,0.0412,0.355,0.0071,0.0348,0.0053,0.4,0.95,26.6789,1.1366,7.566
230,0,0,bound,0.3,0.4,-0.25,True,1000,10.0,timeout,0.3223,0.0897,-0.1529,0.1589,0.3103,0.098,0.3468,0.0086,0.0457,0.0076,0.4098,0.9478,29.084,3.6051,7.573
231,1,0,bound,0.3,0.4,-0.25,True,1000,10.0,timeout,0.3171,0.0796,-0.1833,0.1675,0.3204,0.0677,0.3514,0.0082,0.0443,0.0073,0.4098,0.9478,27.8481,2.9162,7.573
232,2,0,bound,0.3,0.4,-0.25,True,1000,10.0,timeout,0.3275,0.0729,-0.2021,0.1746,0.3271,0.0503,0.3539,0.0083,0.0443,0.0063,0.4053,0.9438,26.9867,2.9328,7.573
233,3,0,bound,0.3,0.4,-0.25,True,1000,10.0,timeout,0.3208,0.065,-0.2048,0.179,0.335,0.0483,0.3551,0.0083,0.0427,0.0062,0.404,0.9415,26.5583,2.2556,7.573
234,4,0,bound,0.3,0.4,-0.25,True,1000,10.0,timeout,0.3205,0.065,-0.1998,0.1792,0.335,0.0525,0.3555,0.0085,0.0428,0.0063,0.405,0.9415,26.4172,2.8742,7.573
235,0,0,bound,0.3,0.4,0.0,False,49,0.49,isaac_reset,0.3676,0.0943,0.0783,0.1669,0.3057,0.0795,0.3472,0.0105,0.0567,0.0029,0.405,0.955,29.6872,2.96,1.029
236,1,0,bound,0.3,0.4,0.0,False,49,0.49,isaac_reset,0.3739,0.0822,0.0437,0.1815,0.3178,0.045,0.3514,0.0101,0.0541,0.0034,0.395,0.945,28.0502,2.9774,1.029
237,2,0,bound,0.3,0.4,0.0,False,49,0.49,isaac_reset,0.3665,0.0705,0.0324,0.1817,0.3295,0.0362,0.3532,0.0103,0.0507,0.0062,0.4,0.93,27.7481,2.6136,1.029
238,3,0,bound,0.3,0.4,0.0,False,49,0.49,isaac_reset,0.3688,0.0639,0.0317,0.1861,0.3361,0.038,0.3545,0.0103,0.049,0.0082,0.4,0.93,27.2935,3.2192,1.029
239,4,0,bound,0.3,0.4,0.0,False,49,0.49,isaac_reset,0.3716,0.0642,0.0314,0.1924,0.3358,0.0378,0.3552,0.0101,0.0485,0.008,0.39,0.93,26.6562,3.4009,1.029
240,0,0,bound,0.3,0.4,0.25,True,1000,10.0,timeout,0.3902,0.0943,0.3029,0.179,0.3057,0.055,0.3465,0.0078,0.061,0.0246,0.411,0.961,29.1987,2.6689,7.566
241,1,0,bound,0.3,0.4,0.25,True,1000,10.0,timeout,0.3813,0.0827,0.2749,0.1849,0.3173,0.0308,0.3505,0.0077,0.056,0.0199,0.4,0.95,28.0186,2.8788,7.566
242,2,0,bound,0.3,0.4,0.25,True,1000,10.0,timeout,0.3793,0.0741,0.2664,0.1922,0.3259,0.0331,0.3531,0.008,0.0534,0.0223,0.4,0.95,27.0671,2.9126,7.566
243,3,0,bound,0.3,0.4,0.25,True,1000,10.0,timeout,0.3742,0.0694,0.2665,0.1949,0.3306,0.0367,0.3541,0.008,0.0515,0.0236,0.4,0.95,26.6187,2.8755,7.566
244,4,0,bound,0.3,0.4,0.25,True,1000,10.0,timeout,0.3705,0.0698,0.267,0.1946,0.3302,0.0372,0.3544,0.008,0.0512,0.0236,0.4,0.95,26.5049,2.8558,7.566
245,0,0,bound,0.3,0.4,0.5,True,1000,10.0,timeout,0.4038,0.0896,0.534,0.185,0.3104,0.0391,0.3464,0.008,0.0576,0.0281,0.4035,0.9535,29.2433,1.5151,7.604
246,1,0,bound,0.3,0.4,0.5,True,1000,10.0,timeout,0.3957,0.0765,0.5225,0.1931,0.3235,0.0388,0.3503,0.0082,0.0482,0.0307,0.4005,0.9505,27.9261,2.9011,7.604
247,2,0,bound,0.3,0.4,0.5,True,1000,10.0,timeout,0.3923,0.0738,0.5099,0.1979,0.3262,0.0396,0.3524,0.0081,0.0457,0.0302,0.4,0.95,27.0784,2.4431,7.604
248,3,0,bound,0.3,0.4,0.5,True,1000,10.0,timeout,0.3885,0.072,0.5052,0.1987,0.328,0.0409,0.3537,0.0081,0.0439,0.0294,0.4,0.95,26.6205,3.1945,7.604
249,4,0,bound,0.3,0.4,0.5,True,1000,10.0,timeout,0.3846,0.0729,0.5058,0.1979,0.3271,0.0413,0.3541,0.008,0.0437,0.0284,0.4,0.95,26.5105,3.3713,7.604
250,0,0,bound,0.6,-0.4,-0.5,True,1000,10.0,timeout,0.5154,-0.0382,-0.4409,0.1797,0.3618,0.0734,0.3476,0.0088,0.0244,0.0095,0.409,0.9475,28.8304,2.5111,7.568
251,1,0,bound,0.6,-0.4,-0.5,True,1000,10.0,timeout,0.4992,-0.0522,-0.4432,0.1888,0.3478,0.0759,0.3523,0.0088,0.0332,0.0078,0.4055,0.943,27.5726,1.1744,7.568
252,2,0,bound,0.6,-0.4,-0.5,True,1000,10.0,timeout,0.4912,-0.0588,-0.4524,0.1944,0.3412,0.0712,0.3549,0.0085,0.0339,0.0077,0.4033,0.9418,26.7233,1.8495,7.568
253,3,0,bound,0.6,-0.4,-0.5,True,1000,10.0,timeout,0.4874,-0.0613,-0.4572,0.196,0.3387,0.0684,0.3561,0.0087,0.0321,0.0076,0.4033,0.9428,26.3051,1.5487,7.568
254,4,0,bound,0.6,-0.4,-0.5,True,1000,10.0,timeout,0.4831,-0.0608,-0.4536,0.197,0.3392,0.0707,0.3563,0.0086,0.0322,0.0076,0.4038,0.9428,26.2369,0.8867,7.568
255,0,0,bound,0.6,-0.4,-0.25,False,49,0.49,isaac_reset,0.5384,-0.039,-0.2126,0.172,0.361,0.0804,0.3474,0.0112,0.0271,0.0234,0.41,0.95,29.3553,1.5943,1.047
256,1,0,bound,0.6,-0.4,-0.25,False,49,0.49,isaac_reset,0.522,-0.0458,-0.2261,0.1792,0.3542,0.0712,0.3518,0.0104,0.0307,0.0134,0.39,0.95,27.5531,1.9226,1.047
257,2,0,bound,0.6,-0.4,-0.25,False,49,0.49,isaac_reset,0.517,-0.0478,-0.2274,0.1795,0.3522,0.067,0.3544,0.0103,0.0306,0.0113,0.4,0.935,27.2354,2.1699,1.047
258,3,0,bound,0.6,-0.4,-0.25,False,49,0.49,isaac_reset,0.5119,-0.0485,-0.23,0.1813,0.3515,0.0634,0.3555,0.0101,0.0284,0.0102,0.4,0.94,26.8215,2.3142,1.047
259,4,0,bound,0.6,-0.4,-0.25,False,49,0.49,isaac_reset,0.5157,-0.0485,-0.2316,0.1827,0.3515,0.0636,0.3563,0.01,0.0282,0.0103,0.39,0.95,26.165,1.2259,1.047
260,0,0,bound,0.6,-0.4,0.0,True,1000,10.0,timeout,0.5269,-0.0467,-0.0077,0.1747,0.3533,0.0808,0.3485,0.008,0.0324,0.0224,0.4,0.95,28.9575,5.7045,7.557
261,1,0,bound,0.6,-0.4,0.0,True,1000,10.0,timeout,0.4999,-0.0481,-0.0097,0.1819,0.3519,0.0678,0.353,0.0074,0.0283,0.0069,0.4,0.95,27.8345,5.3943,7.557
262,2,0,bound,0.6,-0.4,0.0,True,1000,10.0,timeout,0.4985,-0.0502,-0.0077,0.1847,0.3498,0.0592,0.3558,0.0073,0.0251,0.0063,0.4,0.95,26.9106,5.3896,7.557
263,3,0,bound,0.6,-0.4,0.0,True,1000,10.0,timeout,0.4941,-0.0514,-0.0074,0.1857,0.3486,0.056,0.3574,0.0072,0.0241,0.0058,0.4,0.95,26.5314,5.3529,7.557
264,4,0,bound,0.6,-0.4,0.0,True,1000,10.0,timeout,0.4854,-0.0519,-0.0095,0.1871,0.3481,0.0558,0.3576,0.0072,0.0237,0.0061,0.4,0.95,26.3896,5.2607,7.557
265,0,0,bound,0.6,-0.4,0.25,True,1000,10.0,timeout,0.5266,-0.0477,0.2207,0.1712,0.3523,0.0855,0.3482,0.0079,0.0268,0.0221,0.4003,0.9503,28.9642,5.9177,7.568
266,1,0,bound,0.6,-0.4,0.25,True,1000,10.0,timeout,0.5083,-0.0464,0.2223,0.1771,0.3536,0.0699,0.3528,0.0075,0.0222,0.0094,0.4,0.95,27.8241,4.8627,7.568
267,2,0,bound,0.6,-0.4,0.25,True,1000,10.0,timeout,0.5026,-0.0482,0.224,0.1804,0.3518,0.0625,0.3555,0.0073,0.0191,0.0067,0.4,0.95,26.8865,5.665,7.568
268,3,0,bound,0.6,-0.4,0.25,True,1000,10.0,timeout,0.492,-0.0486,0.2259,0.1837,0.3514,0.059,0.357,0.0073,0.0175,0.0055,0.4,0.95,26.4291,5.4694,7.568
269,4,0,bound,0.6,-0.4,0.25,True,1000,10.0,timeout,0.4943,-0.0488,0.2269,0.1834,0.3512,0.0581,0.3572,0.0073,0.0176,0.0055,0.4,0.95,26.3567,5.3853,7.568
270,0,0,bound,0.6,-0.4,0.5,True,1000,10.0,timeout,0.5146,-0.0547,0.4486,0.1753,0.3453,0.1007,0.3477,0.0091,0.0225,0.0171,0.404,0.9425,28.7996,3.7437,7.601
271,1,0,bound,0.6,-0.4,0.5,True,1000,10.0,timeout,0.4938,-0.0444,0.4595,0.183,0.3556,0.0771,0.3528,0.0088,0.0118,0.0064,0.4048,0.9418,27.6297,3.2074,7.601
272,2,0,bound,0.6,-0.4,0.5,True,1000,10.0,timeout,0.4986,-0.0456,0.4649,0.1827,0.3544,0.069,0.3555,0.0086,0.0098,0.0082,0.403,0.942,26.701,3.7377,7.601
273,3,0,bound,0.6,-0.4,0.5,True,1000,10.0,timeout,0.4875,-0.0476,0.4663,0.1869,0.3524,0.0655,0.3566,0.0088,0.0083,0.0078,0.4038,0.9428,26.2992,4.2458,7.601
274,4,0,bound,0.6,-0.4,0.5,True,1000,10.0,timeout,0.4877,-0.0457,0.4672,0.186,0.3543,0.0643,0.3571,0.0086,0.0077,0.0075,0.404,0.942,26.2013,3.8525,7.601
275,0,0,bound,0.6,-0.2,-0.5,False,49,0.49,isaac_reset,0.5428,-0.0058,-0.4289,0.1595,0.1942,0.0726,0.347,0.0106,0.0051,0.0044,0.405,0.955,29.449,1.6684,1.03
276,1,0,bound,0.6,-0.2,-0.5,False,49,0.49,isaac_reset,0.5248,-0.0214,-0.436,0.1713,0.1786,0.0703,0.353,0.0099,0.0069,0.0096,0.39,0.95,27.6834,2.0194,1.03
277,2,0,bound,0.6,-0.2,-0.5,False,49,0.49,isaac_reset,0.5168,-0.0289,-0.4414,0.1756,0.1711,0.0676,0.3552,0.0099,0.0095,0.0072,0.4,0.95,27.4753,2.0328,1.03
278,3,0,bound,0.6,-0.2,-0.5,False,49,0.49,isaac_reset,0.5096,-0.0307,-0.45,0.179,0.1693,0.0609,0.3569,0.0095,0.0099,0.0096,0.39,0.95,26.4691,1.3184,1.03
279,4,0,bound,0.6,-0.2,-0.5,False,49,0.49,isaac_reset,0.5072,-0.032,-0.4501,0.1801,0.168,0.0613,0.3572,0.0095,0.0106,0.0097,0.39,0.95,26.393,0.9716,1.03
280,0,0,bound,0.6,-0.2,-0.25,True,1000,10.0,timeout,0.5295,-0.0136,-0.2254,0.1663,0.1864,0.0428,0.3491,0.0073,0.0043,0.0039,0.4,0.95,29.1282,4.37,7.565
281,1,0,bound,0.6,-0.2,-0.25,True,1000,10.0,timeout,0.502,-0.0255,-0.2263,0.1815,0.1745,0.0542,0.3536,0.0073,0.0143,0.0057,0.4,0.95,27.8711,4.1307,7.565
282,2,0,bound,0.6,-0.2,-0.25,True,1000,10.0,timeout,0.4996,-0.0304,-0.234,0.1845,0.1696,0.0545,0.3561,0.0073,0.0163,0.0066,0.4,0.95,26.9903,4.0378,7.565
283,3,0,bound,0.6,-0.2,-0.25,True,1000,10.0,timeout,0.4982,-0.0319,-0.2373,0.186,0.1681,0.0533,0.3573,0.0074,0.0153,0.0064,0.4,0.95,26.5237,3.9876,7.565
284,4,0,bound,0.6,-0.2,-0.25,True,1000,10.0,timeout,0.492,-0.0319,-0.2363,0.1874,0.1681,0.0535,0.3576,0.0075,0.0153,0.0067,0.4,0.95,26.412,3.9531,7.565
285,0,0,bound,0.6,-0.2,0.0,True,1000,10.0,timeout,0.5265,-0.0146,0.0035,0.1718,0.1854,0.0564,0.3494,0.0078,0.0057,0.0144,0.4,0.95,29.0459,5.5476,7.569
286,1,0,bound,0.6,-0.2,0.0,True,1000,10.0,timeout,0.5043,-0.0187,-0.0024,0.1816,0.1813,0.0509,0.3536,0.0075,0.0105,0.0077,0.4,0.95,27.8134,5.3464,7.569
287,2,0,bound,0.6,-0.2,0.0,True,1000,10.0,timeout,0.501,-0.0214,-0.0039,0.186,0.1786,0.0514,0.356,0.0074,0.0106,0.0077,0.4,0.95,26.9263,5.3681,7.569
288,3,0,bound,0.6,-0.2,0.0,True,1000,10.0,timeout,0.4971,-0.0228,-0.0101,0.1866,0.1772,0.0494,0.3575,0.0073,0.0099,0.0064,0.4,0.95,26.474,5.4274,7.569
289,4,0,bound,0.6,-0.2,0.0,True,1000,10.0,timeout,0.491,-0.0227,-0.0111,0.1878,0.1773,0.0487,0.3577,0.0073,0.0104,0.0065,0.4,0.95,26.353,5.7883,7.569
290,0,0,bound,0.6,-0.2,0.25,True,1000,10.0,timeout,0.5201,-0.0179,0.2236,0.1822,0.1821,0.0768,0.3486,0.0093,0.0128,0.0252,0.4035,0.9415,28.689,5.6852,7.586
291,1,0,bound,0.6,-0.2,0.25,True,1000,10.0,timeout,0.5023,-0.0149,0.231,0.188,0.1851,0.0605,0.3529,0.0088,0.0084,0.0138,0.404,0.942,27.5755,5.4587,7.586
292,2,0,bound,0.6,-0.2,0.25,True,1000,10.0,timeout,0.5007,-0.0178,0.2254,0.1904,0.1822,0.06,0.3555,0.0086,0.0097,0.0116,0.4033,0.9423,26.6174,4.7895,7.586
293,3,0,bound,0.6,-0.2,0.25,True,1000,10.0,timeout,0.4979,-0.0192,0.2221,0.1923,0.1808,0.0603,0.3568,0.0086,0.0091,0.0107,0.4033,0.9418,26.1462,4.2326,7.586
294,4,0,bound,0.6,-0.2,0.25,True,1000,10.0,timeout,0.4922,-0.0187,0.2259,0.193,0.1813,0.0576,0.3571,0.0086,0.0077,0.0089,0.4038,0.9423,26.0863,5.8219,7.586
295,0,0,bound,0.6,-0.2,0.5,False,49,0.49,isaac_reset,0.5481,-0.0214,0.442,0.1658,0.1786,0.0935,0.3482,0.0108,0.0105,0.0232,0.4,0.93,29.1541,4.0143,1.021
296,1,0,bound,0.6,-0.2,0.5,False,49,0.49,isaac_reset,0.5409,-0.0173,0.4513,0.1689,0.1827,0.0802,0.3531,0.0099,0.0042,0.0076,0.39,0.94,27.3451,4.3838,1.021
297,2,0,bound,0.6,-0.2,0.5,False,49,0.49,isaac_reset,0.5452,-0.0175,0.459,0.1686,0.1825,0.0685,0.3559,0.0097,0.0027,0.0066,0.4,0.935,26.9501,3.4958,1.021
298,3,0,bound,0.6,-0.2,0.5,False,49,0.49,isaac_reset,0.5389,-0.0179,0.4552,0.1696,0.1821,0.0689,0.357,0.0096,0.0023,0.0058,0.4,0.95,26.499,4.1477,1.021
299,4,0,bound,0.6,-0.2,0.5,False,49,0.49,isaac_reset,0.5397,-0.0182,0.4558,0.172,0.1818,0.0691,0.3577,0.0095,0.0024,0.0055,0.39,0.94,25.8377,4.3114,1.021
300,0,0,bound,0.6,0.0,-0.5,True,1000,10.0,timeout,0.5054,0.0163,-0.4319,0.1662,0.02,0.069,0.3479,0.0067,0.0241,0.0195,0.402,0.952,29.2377,1.7318,7.612
301,1,0,bound,0.6,0.0,-0.5,True,1000,10.0,timeout,0.4982,0.0051,-0.4607,0.1776,0.0171,0.0427,0.3527,0.0068,0.0157,0.0151,0.4,0.95,27.962,1.353,7.612
302,2,0,bound,0.6,0.0,-0.5,True,1000,10.0,timeout,0.4971,-0.0045,-0.4718,0.1841,0.0188,0.0391,0.3556,0.0071,0.0095,0.01,0.4,0.95,27.0267,1.2201,7.612
303,3,0,bound,0.6,0.0,-0.5,True,1000,10.0,timeout,0.4941,-0.0086,-0.4721,0.1875,0.0202,0.0415,0.3569,0.0072,0.0077,0.0087,0.4,0.95,26.5601,1.211,7.612
304,4,0,bound,0.6,0.0,-0.5,True,1000,10.0,timeout,0.4883,-0.0089,-0.4723,0.1887,0.0206,0.0412,0.3572,0.0072,0.0074,0.0092,0.4,0.95,26.4424,1.2006,7.612
305,0,0,bound,0.6,0.0,-0.25,True,1000,10.0,timeout,0.5172,0.0175,-0.2017,0.1639,0.0212,0.0501,0.3492,0.0071,0.0274,0.0128,0.4,0.95,29.2675,4.4201,7.565
306,1,0,bound,0.6,0.0,-0.25,True,1000,10.0,timeout,0.5036,0.0044,-0.2221,0.177,0.0185,0.0383,0.3539,0.0071,0.0142,0.0097,0.4,0.95,27.9319,4.4135,7.565
307,2,0,bound,0.6,0.0,-0.25,True,1000,10.0,timeout,0.4999,-0.0017,-0.2324,0.182,0.0184,0.0393,0.3565,0.0073,0.0113,0.008,0.4,0.95,27.0223,4.5382,7.565
308,3,0,bound,0.6,0.0,-0.25,True,1000,10.0,timeout,0.496,-0.0043,-0.2346,0.1848,0.0185,0.0409,0.3576,0.0074,0.0101,0.0083,0.4,0.95,26.5639,4.1483,7.565
309,4,0,bound,0.6,0.0,-0.25,True,1000,10.0,timeout,0.4911,-0.0051,-0.2355,0.1859,0.0184,0.0419,0.358,0.0073,0.0084,0.0087,0.4,0.95,26.4193,3.5257,7.565
310,0,0,bound,0.6,0.0,0.0,True,1000,10.0,timeout,0.5183,0.0176,0.0217,0.1754,0.0223,0.0342,0.3496,0.0086,0.0274,0.0055,0.4035,0.942,28.9279,5.6617,7.566
311,1,0,bound,0.6,0.0,0.0,True,1000,10.0,timeout,0.5031,0.0084,0.0136,0.186,0.0196,0.0402,0.3542,0.0088,0.0181,0.007,0.4043,0.9423,27.6063,5.1024,7.566
312,2,0,bound,0.6,0.0,0.0,True,1000,10.0,timeout,0.4986,0.0048,0.0041,0.1912,0.0192,0.0429,0.3565,0.0087,0.0143,0.0079,0.403,0.942,26.7236,5.1896,7.566
313,3,0,bound,0.6,0.0,0.0,True,1000,10.0,timeout,0.4883,0.0027,0.0017,0.195,0.0181,0.0438,0.3576,0.0087,0.0121,0.0072,0.404,0.9425,26.2944,5.6614,7.566
314,4,0,bound,0.6,0.0,0.0,True,1000,10.0,timeout,0.4879,0.0025,0.001,0.1954,0.0181,0.0436,0.3579,0.0086,0.0116,0.0071,0.4038,0.9423,26.1984,5.7048,7.566
315,0,0,bound,0.6,0.0,0.25,False,49,0.49,isaac_reset,0.548,0.0149,0.2359,0.1657,0.0204,0.0419,0.3495,0.0105,0.0224,0.0116,0.4,0.95,29.2902,5.3455,1.009
316,1,0,bound,0.6,0.0,0.25,False,49,0.49,isaac_reset,0.5359,0.0132,0.2311,0.1731,0.0197,0.0435,0.354,0.0099,0.0179,0.0066,0.39,0.95,27.4597,4.5546,1.009
317,2,0,bound,0.6,0.0,0.25,False,49,0.49,isaac_reset,0.5297,0.0101,0.2255,0.1749,0.0174,0.0471,0.356,0.0098,0.0125,0.0072,0.4,0.94,27.1257,4.4795,1.009
318,3,0,bound,0.6,0.0,0.25,False,49,0.49,isaac_reset,0.5351,0.0086,0.2226,0.1774,0.0161,0.0489,0.3578,0.0096,0.0114,0.0083,0.39,0.94,26.0552,4.9445,1.009
319,4,0,bound,0.6,0.0,0.25,False,49,0.49,isaac_reset,0.5355,0.0089,0.2239,0.1777,0.0164,0.0481,0.3581,0.0096,0.0114,0.0084,0.39,0.93,25.9581,5.3497,1.009
320,0,0,bound,0.6,0.0,0.5,True,1000,10.0,timeout,0.54,0.0074,0.4664,0.1725,0.0162,0.0756,0.3487,0.0076,0.0108,0.0216,0.4,0.95,29.0645,1.4096,7.547
321,1,0,bound,0.6,0.0,0.5,True,1000,10.0,timeout,0.5315,0.0094,0.4706,0.1759,0.0167,0.0623,0.3534,0.0074,0.0155,0.0116,0.4,0.95,27.8282,1.364,7.547
322,2,0,bound,0.6,0.0,0.5,True,1000,10.0,timeout,0.5381,0.0081,0.4723,0.1769,0.0159,0.0575,0.3561,0.0073,0.016,0.0099,0.4,0.95,26.9382,1.3564,7.547
323,3,0,bound,0.6,0.0,0.5,True,1000,10.0,timeout,0.5315,0.0071,0.4711,0.1783,0.0148,0.0575,0.3574,0.0074,0.0159,0.0097,0.4,0.95,26.4304,1.3497,7.547
324,4,0,bound,0.6,0.0,0.5,True,1000,10.0,timeout,0.5328,0.007,0.4707,0.1785,0.0147,0.0576,0.3577,0.0074,0.0157,0.0099,0.4,0.95,26.3344,1.3521,7.547
325,0,0,bound,0.6,0.2,-0.5,True,1000,10.0,timeout,0.4916,0.0503,-0.4233,0.1701,0.1497,0.0776,0.3485,0.0067,0.0352,0.0222,0.4108,0.9608,29.2548,2.7988,7.553
326,1,0,bound,0.6,0.2,-0.5,True,1000,10.0,timeout,0.4853,0.0382,-0.4541,0.1786,0.1618,0.048,0.3523,0.0066,0.0306,0.0198,0.4,0.95,28.0237,1.7407,7.553
327,2,0,bound,0.6,0.2,-0.5,True,1000,10.0,timeout,0.4876,0.0295,-0.4793,0.1823,0.1705,0.0296,0.3554,0.0067,0.0277,0.0185,0.4,0.95,27.1066,1.674,7.553
328,3,0,bound,0.6,0.2,-0.5,True,1000,10.0,timeout,0.4798,0.0241,-0.4828,0.1871,0.1759,0.0292,0.3571,0.0068,0.0267,0.0159,0.4,0.95,26.5952,1.0569,7.553
329,4,0,bound,0.6,0.2,-0.5,True,1000,10.0,timeout,0.48,0.0227,-0.4801,0.1885,0.1773,0.0324,0.3573,0.0069,0.0266,0.0148,0.4,0.95,26.4777,0.9552,7.553
330,0,0,bound,0.6,0.2,-0.25,True,1000,10.0,timeout,0.4896,0.0527,-0.1773,0.1758,0.1473,0.074,0.3493,0.0083,0.0463,0.0186,0.4088,0.9458,28.9537,4.1713,7.553
331,1,0,bound,0.6,0.2,-0.25,True,1000,10.0,timeout,0.491,0.0382,-0.2099,0.1815,0.1618,0.0423,0.3537,0.0081,0.0382,0.0189,0.404,0.9425,27.7729,4.2864,7.553
332,2,0,bound,0.6,0.2,-0.25,True,1000,10.0,timeout,0.4868,0.0294,-0.2259,0.1893,0.1706,0.0358,0.3567,0.008,0.0333,0.0163,0.403,0.942,26.8423,3.8078,7.553
333,3,0,bound,0.6,0.2,-0.25,True,1000,10.0,timeout,0.4767,0.024,-0.2285,0.1942,0.176,0.0357,0.358,0.0083,0.0305,0.0136,0.4035,0.942,26.3466,3.9643,7.553
334,4,0,bound,0.6,0.2,-0.25,True,1000,10.0,timeout,0.4766,0.0235,-0.2295,0.1946,0.1765,0.0359,0.3583,0.0083,0.0298,0.0135,0.4035,0.942,26.2411,3.3782,7.553
335,0,0,bound,0.6,0.2,0.0,False,49,0.49,isaac_reset,0.5433,0.0465,0.0429,0.1604,0.1535,0.0444,0.35,0.01,0.0484,0.0104,0.39,0.95,28.8534,4.274,1.009
336,1,0,bound,0.6,0.2,0.0,False,49,0.49,isaac_reset,0.5338,0.0335,0.0175,0.1698,0.1665,0.03,0.3543,0.0097,0.0358,0.0073,0.39,0.95,27.5833,4.2473,1.009
337,2,0,bound,0.6,0.2,0.0,False,49,0.49,isaac_reset,0.5302,0.0277,0.0114,0.1733,0.1723,0.0351,0.3562,0.0098,0.0309,0.0054,0.4,0.95,27.3442,3.8529,1.009
338,3,0,bound,0.6,0.2,0.0,False,49,0.49,isaac_reset,0.5277,0.0246,0.0126,0.1769,0.1754,0.0396,0.3578,0.0096,0.029,0.0059,0.39,0.95,26.1916,3.6914,1.009
339,4,0,bound,0.6,0.2,0.0,False,49,0.49,isaac_reset,0.5225,0.0235,0.0147,0.1788,0.1765,0.0428,0.3578,0.0096,0.0276,0.0061,0.39,0.935,26.1154,3.2376,1.009
340,0,0,bound,0.6,0.2,0.25,True,1000,10.0,timeout,0.5438,0.0428,0.257,0.1684,0.1572,0.0234,0.3496,0.0074,0.0491,0.0102,0.4,0.95,29.1184,4.205,7.552
341,1,0,bound,0.6,0.2,0.25,True,1000,10.0,timeout,0.5356,0.0359,0.245,0.1764,0.1641,0.0329,0.3538,0.0076,0.0425,0.0109,0.4,0.95,27.8545,4.2882,7.552
342,2,0,bound,0.6,0.2,0.25,True,1000,10.0,timeout,0.5347,0.0329,0.2393,0.1817,0.1671,0.0377,0.356,0.0076,0.0395,0.0134,0.4,0.95,27.0105,4.3394,7.552
343,3,0,bound,0.6,0.2,0.25,True,1000,10.0,timeout,0.5255,0.0317,0.2391,0.1853,0.1683,0.0386,0.3571,0.0076,0.0382,0.0135,0.4,0.95,26.5297,4.2737,7.552
344,4,0,bound,0.6,0.2,0.25,True,1000,10.0,timeout,0.5253,0.0313,0.2386,0.1859,0.1687,0.0389,0.3573,0.0076,0.0375,0.0138,0.4,0.95,26.4268,4.2767,7.552
345,0,0,bound,0.6,0.2,0.5,True,1000,10.0,timeout,0.544,0.035,0.4891,0.1719,0.165,0.0511,0.3491,0.0077,0.0385,0.0194,0.4005,0.9505,29.1137,3.9075,7.562
346,1,0,bound,0.6,0.2,0.5,True,1000,10.0,timeout,0.5395,0.0359,0.4821,0.1768,0.1641,0.0498,0.3532,0.0075,0.0372,0.0152,0.4,0.95,27.8819,4.087,7.562
347,2,0,bound,0.6,0.2,0.5,True,1000,10.0,timeout,0.5425,0.0333,0.4792,0.18,0.1667,0.0518,0.3556,0.0074,0.0345,0.0153,0.4,0.95,27.0025,4.019,7.562
348,3,0,bound,0.6,0.2,0.5,True,1000,10.0,timeout,0.5391,0.032,0.4782,0.1814,0.168,0.053,0.357,0.0075,0.0328,0.0157,0.4,0.95,26.4763,3.5112,7.562
349,4,0,bound,0.6,0.2,0.5,True,1000,10.0,timeout,0.5399,0.0315,0.4782,0.1817,0.1685,0.0531,0.3573,0.0075,0.0325,0.0158,0.4,0.95,26.3811,3.4002,7.562
350,0,0,bound,0.6,0.4,-0.5,True,1000,10.0,timeout,0.4554,0.0806,-0.4071,0.189,0.3194,0.0937,0.3486,0.008,0.0363,0.0196,0.416,0.953,28.9455,2.7834,7.552
351,1,0,bound,0.6,0.4,-0.5,True,1000,10.0,timeout,0.4569,0.0707,-0.4345,0.1963,0.3293,0.0678,0.3519,0.0079,0.0341,0.0166,0.4043,0.9423,27.7356,1.9029,7.552
352,2,0,bound,0.6,0.4,-0.5,True,1000,10.0,timeout,0.4641,0.0636,-0.4632,0.1969,0.3364,0.0427,0.355,0.0081,0.0323,0.0142,0.404,0.942,26.8614,1.9771,7.552
353,3,0,bound,0.6,0.4,-0.5,True,1000,10.0,timeout,0.4624,0.0584,-0.4738,0.1996,0.3416,0.0376,0.3564,0.0082,0.0321,0.0135,0.4045,0.942,26.4153,1.9268,7.552
354,4,0,bound,0.6,0.4,-0.5,True,1000,10.0,timeout,0.4614,0.0574,-0.475,0.2007,0.3426,0.0376,0.3567,0.0081,0.0319,0.0133,0.4045,0.942,26.3271,2.244,7.552
355,0,0,bound,0.6,0.4,-0.25,False,49,0.49,isaac_reset,0.4957,0.0935,-0.1804,0.1694,0.3065,0.0732,0.3486,0.0098,0.0487,0.0121,0.395,0.955,28.7457,2.3846,1.044
356,1,0,bound,0.6,0.4,-0.25,False,49,0.49,isaac_reset,0.5039,0.0837,-0.218,0.1735,0.3163,0.0392,0.3532,0.0096,0.0481,0.0087,0.395,0.955,27.5241,1.0745,1.044
357,2,0,bound,0.6,0.4,-0.25,False,49,0.49,isaac_reset,0.5066,0.0792,-0.237,0.1787,0.3208,0.0281,0.3552,0.0094,0.0467,0.0062,0.39,0.935,26.8074,1.0946,1.044
358,3,0,bound,0.6,0.4,-0.25,False,49,0.49,isaac_reset,0.5041,0.0713,-0.2429,0.1812,0.3287,0.0278,0.3565,0.0094,0.0448,0.0061,0.39,0.94,26.2626,1.1929,1.044
359,4,0,bound,0.6,0.4,-0.25,False,49,0.49,isaac_reset,0.5046,0.0707,-0.2427,0.1824,0.3293,0.0286,0.3571,0.0093,0.0451,0.0056,0.39,0.935,26.1863,1.0042,1.044
360,0,0,bound,0.6,0.4,0.0,True,1000,10.0,timeout,0.5125,0.0936,0.0521,0.1704,0.3064,0.0542,0.3494,0.0069,0.0649,0.0044,0.406,0.956,29.2021,5.5201,7.533
361,1,0,bound,0.6,0.4,0.0,True,1000,10.0,timeout,0.5133,0.0789,0.0244,0.1781,0.3211,0.0264,0.3534,0.0071,0.0585,0.0048,0.4,0.95,28.0151,5.5646,7.533
362,2,0,bound,0.6,0.4,0.0,True,1000,10.0,timeout,0.5094,0.0724,0.003,0.1839,0.3276,0.0182,0.3565,0.0072,0.0569,0.0058,0.4,0.95,27.1505,5.5101,7.533
363,3,0,bound,0.6,0.4,0.0,True,1000,10.0,timeout,0.5066,0.0636,0.0006,0.1867,0.3364,0.0206,0.3579,0.0073,0.0543,0.006,0.4,0.95,26.662,5.4803,7.533
364,4,0,bound,0.6,0.4,0.0,True,1000,10.0,timeout,0.5064,0.0618,-0.0016,0.1871,0.3382,0.0212,0.3582,0.0073,0.0541,0.0061,0.4,0.95,26.5419,5.4562,7.533
365,0,0,bound,0.6,0.4,0.25,True,1000,10.0,timeout,0.5422,0.0796,0.2828,0.1693,0.3204,0.0367,0.3487,0.0077,0.0654,0.0129,0.4023,0.9523,29.1694,5.0494,7.577
366,1,0,bound,0.6,0.4,0.25,True,1000,10.0,timeout,0.5343,0.0692,0.2562,0.1792,0.3308,0.0248,0.3531,0.0075,0.0584,0.0141,0.4,0.95,27.928,5.522,7.577
367,2,0,bound,0.6,0.4,0.25,True,1000,10.0,timeout,0.5314,0.0652,0.2426,0.1852,0.3348,0.0322,0.3554,0.0076,0.0527,0.0175,0.4,0.95,27.0656,5.3438,7.577
368,3,0,bound,0.6,0.4,0.25,True,1000,10.0,timeout,0.5294,0.0611,0.2412,0.1874,0.3389,0.0348,0.3567,0.0076,0.0505,0.0178,0.4,0.95,26.5929,5.4045,7.577
369,4,0,bound,0.6,0.4,0.25,True,1000,10.0,timeout,0.5294,0.0606,0.2413,0.1876,0.3394,0.0351,0.357,0.0076,0.0504,0.0181,0.4,0.95,26.4912,5.8669,7.577
370,0,0,bound,0.6,0.4,0.5,True,1000,10.0,timeout,0.537,0.0657,0.5026,0.1834,0.3343,0.0391,0.3488,0.0091,0.0531,0.0223,0.405,0.942,28.8541,3.1263,7.56
371,1,0,bound,0.6,0.4,0.5,True,1000,10.0,timeout,0.5343,0.0628,0.4892,0.1891,0.3372,0.0459,0.3527,0.009,0.0487,0.022,0.4045,0.942,27.63,3.5788,7.56
372,2,0,bound,0.6,0.4,0.5,True,1000,10.0,timeout,0.5296,0.0622,0.4846,0.1934,0.3378,0.0494,0.355,0.0088,0.0468,0.0213,0.4043,0.9423,26.7984,4.0968,7.56
373,3,0,bound,0.6,0.4,0.5,True,1000,10.0,timeout,0.5265,0.0598,0.482,0.1964,0.3402,0.0514,0.3561,0.0088,0.0448,0.0213,0.4043,0.9423,26.3383,4.3062,7.56
374,4,0,bound,0.6,0.4,0.5,True,1000,10.0,timeout,0.5273,0.0594,0.482,0.1961,0.3406,0.0516,0.3564,0.0088,0.0443,0.0211,0.4038,0.9423,26.247,4.249,7.56
375,0,0,bound,0.9,-0.4,-0.5,False,49,0.49,isaac_reset,0.7233,-0.0326,-0.4442,0.2012,0.3674,0.0672,0.3494,0.01,0.0061,0.0074,0.39,0.95,28.7292,1.706,1.017
376,1,0,bound,0.9,-0.4,-0.5,False,49,0.49,isaac_reset,0.7127,-0.0457,-0.4517,0.2085,0.3543,0.059,0.3541,0.0098,0.0099,0.0093,0.39,0.95,27.4341,1.7856,1.017
377,2,0,bound,0.9,-0.4,-0.5,False,49,0.49,isaac_reset,0.7017,-0.0516,-0.4647,0.2163,0.3484,0.0522,0.3567,0.0096,0.0124,0.0096,0.39,0.94,26.4879,0.8422,1.017
378,3,0,bound,0.9,-0.4,-0.5,False,49,0.49,isaac_reset,0.6973,-0.0568,-0.4777,0.2188,0.3432,0.0479,0.358,0.0095,0.014,0.0146,0.39,0.94,26.1863,2.3222,1.017
379,4,0,bound,0.9,-0.4,-0.5,False,49,0.49,isaac_reset,0.7003,-0.0574,-0.4774,0.2166,0.3426,0.0472,0.3582,0.0094,0.0138,0.0151,0.39,0.94,26.0683,1.0774,1.017
380,0,0,bound,0.9,-0.4,-0.25,True,1000,10.0,timeout,0.694,-0.0512,-0.2557,0.2238,0.3488,0.053,0.3492,0.0073,0.026,0.0059,0.4,0.95,29.1353,5.3206,7.56
381,1,0,bound,0.9,-0.4,-0.25,True,1000,10.0,timeout,0.6868,-0.055,-0.2681,0.227,0.345,0.0515,0.354,0.0071,0.0277,0.0086,0.4,0.95,27.9621,5.0718,7.56
382,2,0,bound,0.9,-0.4,-0.25,True,1000,10.0,timeout,0.6892,-0.0575,-0.2626,0.2254,0.3425,0.0463,0.3569,0.0074,0.0264,0.0101,0.4,0.95,27.0149,5.1744,7.56
383,3,0,bound,0.9,-0.4,-0.25,True,1000,10.0,timeout,0.6926,-0.0598,-0.2608,0.2225,0.3402,0.046,0.3583,0.0077,0.0264,0.0116,0.4,0.95,26.5276,5.2336,7.56
384,4,0,bound,0.9,-0.4,-0.25,True,1000,10.0,timeout,0.693,-0.0598,-0.2604,0.2223,0.3402,0.0457,0.3585,0.0077,0.0258,0.0116,0.4,0.95,26.4231,5.2387,7.56
385,0,0,bound,0.9,-0.4,0.0,True,1000,10.0,timeout,0.6878,-0.0527,-0.0356,0.228,0.3473,0.0636,0.3494,0.0074,0.0238,0.0116,0.4,0.95,29.0815,6.9991,7.549
386,1,0,bound,0.9,-0.4,0.0,True,1000,10.0,timeout,0.6864,-0.0525,-0.045,0.2263,0.3475,0.0581,0.3544,0.0073,0.0197,0.0065,0.4,0.95,28.0084,7.2808,7.549
387,2,0,bound,0.9,-0.4,0.0,True,1000,10.0,timeout,0.6811,-0.0539,-0.0396,0.229,0.3461,0.0512,0.3576,0.0075,0.0163,0.0109,0.4,0.95,27.0621,7.1914,7.549
388,3,0,bound,0.9,-0.4,0.0,True,1000,10.0,timeout,0.6911,-0.0528,-0.0349,0.2218,0.3472,0.0481,0.3581,0.008,0.016,0.0102,0.4,0.95,26.5749,7.3875,7.549
389,4,0,bound,0.9,-0.4,0.0,True,1000,10.0,timeout,0.6912,-0.052,-0.0337,0.2211,0.348,0.047,0.3585,0.008,0.0148,0.0119,0.4,0.95,26.4595,8.4368,7.549
390,0,0,bound,0.9,-0.4,0.25,True,1000,10.0,timeout,0.6828,-0.0592,0.1935,0.2367,0.3408,0.0806,0.3487,0.0088,0.0202,0.0172,0.4043,0.9423,28.8408,7.4032,7.571
391,1,0,bound,0.9,-0.4,0.25,True,1000,10.0,timeout,0.6774,-0.0544,0.1938,0.237,0.3456,0.0688,0.3541,0.0086,0.0118,0.0059,0.404,0.9425,27.7414,6.6158,7.571
392,2,0,bound,0.9,-0.4,0.25,True,1000,10.0,timeout,0.6721,-0.0545,0.2003,0.2391,0.3455,0.0617,0.3571,0.0088,0.009,0.0099,0.404,0.9425,26.8233,7.6669,7.571
393,3,0,bound,0.9,-0.4,0.25,True,1000,10.0,timeout,0.6814,-0.0543,0.2094,0.2331,0.3457,0.0549,0.3577,0.0092,0.0079,0.0097,0.4048,0.9423,26.3014,6.7618,7.571
394,4,0,bound,0.9,-0.4,0.25,True,1000,10.0,timeout,0.6827,-0.054,0.2098,0.2325,0.346,0.0534,0.3579,0.0092,0.0074,0.009,0.404,0.9425,26.1946,7.381,7.571
395,0,0,bound,0.9,-0.4,0.5,False,49,0.49,isaac_reset,0.7163,-0.0674,0.4195,0.2064,0.3326,0.098,0.3482,0.0102,0.0109,0.0147,0.4,0.93,28.9969,6.0872,1.04
396,1,0,bound,0.9,-0.4,0.5,False,49,0.49,isaac_reset,0.7126,-0.0596,0.4273,0.2045,0.3404,0.0849,0.3544,0.0094,0.0021,0.0047,0.39,0.95,27.0986,6.5565,1.04
397,2,0,bound,0.9,-0.4,0.5,False,49,0.49,isaac_reset,0.7165,-0.0588,0.4366,0.2005,0.3412,0.0757,0.3581,0.0091,0.0041,0.0109,0.39,0.93,26.1525,6.0115,1.04
398,3,0,bound,0.9,-0.4,0.5,False,49,0.49,isaac_reset,0.7116,-0.0571,0.4388,0.2027,0.3429,0.071,0.3592,0.0093,0.0061,0.0132,0.39,0.95,25.5779,6.4164,1.04
399,4,0,bound,0.9,-0.4,0.5,False,49,0.49,isaac_reset,0.7208,-0.0576,0.4436,0.197,0.3424,0.0683,0.359,0.0094,0.0061,0.0119,0.39,0.94,25.4123,5.5286,1.04
400,0,0,bound,0.9,-0.2,-0.5,True,1000,10.0,timeout,0.6866,-0.0146,-0.4676,0.2254,0.1854,0.0452,0.3486,0.0067,0.0059,0.0121,0.4003,0.9503,29.1867,1.7403,7.583
401,1,0,bound,0.9,-0.2,-0.5,True,1000,10.0,timeout,0.6759,-0.0252,-0.4875,0.2342,0.1748,0.0356,0.3533,0.0069,0.0104,0.0123,0.4,0.95,27.9542,1.4129,7.583
402,2,0,bound,0.9,-0.2,-0.5,True,1000,10.0,timeout,0.6721,-0.0297,-0.4951,0.2375,0.1703,0.0383,0.356,0.0073,0.0099,0.0109,0.4,0.95,26.9543,1.3463,7.583
403,3,0,bound,0.9,-0.2,-0.5,True,1000,10.0,timeout,0.6701,-0.031,-0.4982,0.2395,0.169,0.038,0.3576,0.0073,0.0094,0.0115,0.4,0.95,26.5126,1.2637,7.583
404,4,0,bound,0.9,-0.2,-0.5,True,1000,10.0,timeout,0.6701,-0.0317,-0.4992,0.2395,0.1683,0.0378,0.3579,0.0073,0.0096,0.0121,0.4,0.95,26.4262,1.2629,7.583
405,0,0,bound,0.9,-0.2,-0.25,True,1000,10.0,timeout,0.6873,-0.0224,-0.2449,0.2269,0.1776,0.0344,0.3498,0.0071,0.0071,0.0058,0.4,0.95,29.181,4.8539,7.568
406,1,0,bound,0.9,-0.2,-0.25,True,1000,10.0,timeout,0.6775,-0.0266,-0.2609,0.2323,0.1734,0.0367,0.3544,0.007,0.0093,0.0134,0.4,0.95,27.9917,4.6857,7.568
407,2,0,bound,0.9,-0.2,-0.25,True,1000,10.0,timeout,0.6826,-0.0288,-0.2587,0.229,0.1712,0.0376,0.3571,0.0076,0.0078,0.0114,0.4,0.95,27.0018,4.5479,7.568
408,3,0,bound,0.9,-0.2,-0.25,True,1000,10.0,timeout,0.6778,-0.0316,-0.2635,0.2329,0.1684,0.0401,0.3586,0.0076,0.0099,0.013,0.4,0.95,26.5434,4.6112,7.568
409,4,0,bound,0.9,-0.2,-0.25,True,1000,10.0,timeout,0.6753,-0.0307,-0.2615,0.235,0.1693,0.0385,0.359,0.0076,0.008,0.0131,0.4,0.95,26.4727,4.8384,7.568
410,0,0,bound,0.9,-0.2,0.0,True,1000,10.0,timeout,0.669,-0.0243,-0.0284,0.2455,0.1757,0.0521,0.3502,0.0088,0.0089,0.007,0.4043,0.9428,28.926,6.6303,7.553
411,1,0,bound,0.9,-0.2,0.0,True,1000,10.0,timeout,0.6637,-0.0233,-0.0347,0.2475,0.1767,0.0516,0.3548,0.0085,0.006,0.0087,0.404,0.9425,27.8137,6.7828,7.553
412,2,0,bound,0.9,-0.2,0.0,True,1000,10.0,timeout,0.6655,-0.023,-0.0261,0.245,0.177,0.0436,0.3575,0.0088,0.0056,0.0107,0.4038,0.9428,26.8166,6.0118,7.553
413,3,0,bound,0.9,-0.2,0.0,True,1000,10.0,timeout,0.6711,-0.0247,-0.0324,0.241,0.1753,0.0472,0.3583,0.0092,0.0076,0.0115,0.4035,0.943,26.3445,7.146,7.553
414,4,0,bound,0.9,-0.2,0.0,True,1000,10.0,timeout,0.6711,-0.0229,-0.0309,0.241,0.1771,0.0463,0.3588,0.0091,0.0058,0.0108,0.404,0.9425,26.2199,7.0234,7.553
415,0,0,bound,0.9,-0.2,0.25,False,49,0.49,isaac_reset,0.7016,-0.0247,0.188,0.2157,0.1753,0.0754,0.3505,0.0101,0.0094,0.0085,0.39,0.95,28.4473,6.0111,1.046
416,1,0,bound,0.9,-0.2,0.25,False,49,0.49,isaac_reset,0.7075,-0.022,0.185,0.2097,0.178,0.0702,0.3556,0.0096,0.0037,0.0055,0.39,0.93,27.2084,6.3084,1.046
417,2,0,bound,0.9,-0.2,0.25,False,49,0.49,isaac_reset,0.713,-0.0183,0.1917,0.2051,0.1817,0.0618,0.3585,0.0096,0.0028,0.0094,0.39,0.94,26.0888,6.4968,1.046
418,3,0,bound,0.9,-0.2,0.25,False,49,0.49,isaac_reset,0.7163,-0.0186,0.1991,0.2025,0.1814,0.0559,0.3598,0.0096,0.0033,0.0117,0.39,0.95,25.5037,7.1542,1.046
419,4,0,bound,0.9,-0.2,0.25,False,49,0.49,isaac_reset,0.7167,-0.0185,0.1988,0.2025,0.1815,0.0562,0.3601,0.0095,0.0035,0.0117,0.39,0.94,25.406,6.8165,1.046
420,0,0,bound,0.9,-0.2,0.5,True,1000,10.0,timeout,0.6975,-0.0338,0.4342,0.2214,0.1662,0.0903,0.3488,0.0071,0.0069,0.013,0.4,0.95,29.0625,2.3482,7.575
421,1,0,bound,0.9,-0.2,0.5,True,1000,10.0,timeout,0.7075,-0.0292,0.4419,0.2121,0.1708,0.0734,0.3541,0.007,0.0043,0.0053,0.4,0.95,27.9304,2.2819,7.575
422,2,0,bound,0.9,-0.2,0.5,True,1000,10.0,timeout,0.7204,-0.0263,0.4523,0.2049,0.1737,0.0617,0.3569,0.0073,0.0075,0.0068,0.4,0.95,27.0036,2.1205,7.575
423,3,0,bound,0.9,-0.2,0.5,True,1000,10.0,timeout,0.723,-0.0256,0.4596,0.2034,0.1744,0.0549,0.3579,0.0076,0.011,0.0086,0.4,0.95,26.5039,1.9484,7.575
424,4,0,bound,0.9,-0.2,0.5,True,1000,10.0,timeout,0.7247,-0.0258,0.4602,0.2023,0.1742,0.0537,0.3583,0.0076,0.0115,0.0089,0.4,0.95,26.3777,1.9738,7.575
425,0,0,bound,0.9,0.0,-0.5,True,1000,10.0,timeout,0.6672,0.0134,-0.4491,0.2375,0.0248,0.0638,0.3487,0.0064,0.0217,0.0255,0.4003,0.9503,29.2568,3.7143,7.557
426,1,0,bound,0.9,0.0,-0.5,True,1000,10.0,timeout,0.6718,0.0037,-0.4772,0.2353,0.0251,0.0392,0.3535,0.0067,0.014,0.0231,0.4,0.95,27.9675,2.6535,7.557
427,2,0,bound,0.9,0.0,-0.5,True,1000,10.0,timeout,0.6642,-0.0016,-0.4994,0.242,0.0262,0.0323,0.3566,0.0069,0.0122,0.021,0.3993,0.9493,27.0562,2.7089,7.557
428,3,0,bound,0.9,0.0,-0.5,True,1000,10.0,timeout,0.6586,-0.0076,-0.5066,0.2467,0.0273,0.0341,0.3581,0.0068,0.0086,0.0229,0.397,0.947,26.6774,1.8745,7.557
429,4,0,bound,0.9,0.0,-0.5,True,1000,10.0,timeout,0.6583,-0.0081,-0.5063,0.2469,0.0278,0.0344,0.3585,0.0069,0.0084,0.0232,0.3968,0.9468,26.5875,1.247,7.557
430,0,0,bound,0.9,0.0,-0.25,True,1000,10.0,timeout,0.6621,0.0086,-0.2214,0.2465,0.0246,0.041,0.3502,0.0081,0.02,0.0177,0.404,0.9425,28.9877,5.1884,7.578
431,1,0,bound,0.9,0.0,-0.25,True,1000,10.0,timeout,0.6629,0.0035,-0.2352,0.2453,0.0253,0.0326,0.3546,0.0083,0.017,0.022,0.4038,0.9428,27.7689,4.8829,7.578
432,2,0,bound,0.9,0.0,-0.25,True,1000,10.0,timeout,0.6572,-0.0026,-0.2505,0.2502,0.0248,0.0353,0.3576,0.0085,0.0126,0.0229,0.4015,0.9405,26.8685,4.1952,7.578
433,3,0,bound,0.9,0.0,-0.25,True,1000,10.0,timeout,0.654,-0.0043,-0.254,0.2531,0.0256,0.0363,0.359,0.0083,0.0122,0.0218,0.3985,0.938,26.4345,4.6688,7.578
434,4,0,bound,0.9,0.0,-0.25,True,1000,10.0,timeout,0.6552,-0.0048,-0.2557,0.2517,0.0257,0.0372,0.3593,0.0084,0.0125,0.0238,0.399,0.9375,26.3272,4.8734,7.578
435,0,0,bound,0.9,0.0,0.0,False,49,0.49,isaac_reset,0.7041,0.0028,-0.0033,0.2124,0.0215,0.0265,0.3511,0.0099,0.0138,0.0069,0.39,0.95,28.4835,5.4572,1.012
436,1,0,bound,0.9,0.0,0.0,False,49,0.49,isaac_reset,0.7012,0.0013,-0.0105,0.2134,0.0218,0.0254,0.3558,0.0094,0.0138,0.0146,0.39,0.95,27.2453,4.6017,1.012
437,2,0,bound,0.9,0.0,0.0,False,49,0.49,isaac_reset,0.7063,0.0009,-0.0103,0.21,0.0212,0.0286,0.3582,0.0095,0.0131,0.0132,0.39,0.95,26.1003,4.7847,1.012
438,3,0,bound,0.9,0.0,0.0,False,49,0.49,isaac_reset,0.7047,0.0011,-0.0177,0.2116,0.0214,0.0305,0.3595,0.0095,0.0125,0.0118,0.39,0.95,25.6074,4.6821,1.012
439,4,0,bound,0.9,0.0,0.0,False,49,0.49,isaac_reset,0.7064,-0.0006,-0.0172,0.2104,0.0206,0.0306,0.36,0.0094,0.0122,0.0139,0.39,0.93,25.4538,4.3413,1.012
440,0,0,bound,0.9,0.0,0.25,True,1000,10.0,timeout,0.6945,0.0027,0.214,0.2231,0.0212,0.0474,0.3506,0.0073,0.0195,0.0059,0.4,0.95,29.1118,5.9372,7.548
441,1,0,bound,0.9,0.0,0.25,True,1000,10.0,timeout,0.7004,0.0023,0.2126,0.2185,0.0206,0.045,0.3552,0.0074,0.0192,0.0055,0.4,0.95,27.8996,6.0109,7.548
442,2,0,bound,0.9,0.0,0.25,True,1000,10.0,timeout,0.7042,0.002,0.2162,0.2164,0.0203,0.0432,0.3578,0.0078,0.02,0.0057,0.4,0.95,26.8623,5.9893,7.548
443,3,0,bound,0.9,0.0,0.25,True,1000,10.0,timeout,0.7065,0.0027,0.2127,0.2157,0.0203,0.0446,0.3589,0.008,0.0204,0.0059,0.4,0.95,26.3985,6.0575,7.548
444,4,0,bound,0.9,0.0,0.25,True,1000,10.0,timeout,0.7074,0.0027,0.2126,0.2152,0.0204,0.0439,0.3593,0.008,0.0212,0.006,0.4,0.95,26.2874,6.0549,7.548
445,0,0,bound,0.9,0.0,0.5,True,1000,10.0,timeout,0.6938,-0.0032,0.4419,0.2248,0.0163,0.0807,0.3493,0.0072,0.0117,0.0124,0.4005,0.9505,29.1187,5.052,7.583
446,1,0,bound,0.9,0.0,0.5,True,1000,10.0,timeout,0.7095,-0.0005,0.4497,0.2135,0.0157,0.068,0.3543,0.0072,0.0156,0.0064,0.4003,0.9503,27.9235,5.5942,7.583
447,2,0,bound,0.9,0.0,0.5,True,1000,10.0,timeout,0.7242,0.0028,0.4564,0.2064,0.0162,0.0581,0.3571,0.0074,0.0188,0.007,0.4,0.95,26.9682,5.5005,7.583
448,3,0,bound,0.9,0.0,0.5,True,1000,10.0,timeout,0.7256,0.0025,0.4604,0.2062,0.0164,0.0554,0.3581,0.0075,0.0195,0.0067,0.4,0.95,26.4494,5.7594,7.583
449,4,0,bound,0.9,0.0,0.5,True,1000,10.0,timeout,0.7279,0.0015,0.4584,0.2047,0.0151,0.0577,0.3584,0.0076,0.02,0.0069,0.4,0.95,26.2894,5.1864,7.583
450,0,0,bound,0.9,0.2,-0.5,True,1000,10.0,timeout,0.6348,0.0442,-0.4212,0.2665,0.1558,0.0907,0.3488,0.0079,0.0335,0.0285,0.405,0.943,28.9767,4.436,7.567
451,1,0,bound,0.9,0.2,-0.5,True,1000,10.0,timeout,0.6377,0.0354,-0.4596,0.2642,0.1646,0.0621,0.3534,0.0078,0.0297,0.0329,0.404,0.9425,27.802,3.2679,7.567
452,2,0,bound,0.9,0.2,-0.5,True,1000,10.0,timeout,0.6396,0.0244,-0.4883,0.2636,0.1756,0.0418,0.3568,0.0082,0.0268,0.0298,0.4018,0.9398,26.8958,2.89,7.567
453,3,0,bound,0.9,0.2,-0.5,True,1000,10.0,timeout,0.638,0.0203,-0.498,0.2654,0.1797,0.0411,0.3583,0.008,0.0253,0.0278,0.3993,0.9383,26.4853,3.1106,7.567
454,4,0,bound,0.9,0.2,-0.5,True,1000,10.0,timeout,0.6349,0.0203,-0.4963,0.2679,0.1797,0.0425,0.3587,0.0078,0.0251,0.0286,0.3985,0.937,26.3936,3.041,7.567
455,0,0,bound,0.9,0.2,-0.25,False,49,0.49,isaac_reset,0.6795,0.0508,-0.1945,0.2257,0.1492,0.0648,0.3499,0.0096,0.0473,0.0192,0.39,0.93,28.4839,2.2236,1.04
456,1,0,bound,0.9,0.2,-0.25,False,49,0.49,isaac_reset,0.6811,0.0432,-0.2317,0.2245,0.1568,0.0338,0.3548,0.0093,0.0435,0.023,0.39,0.93,27.0134,2.1227,1.04
457,2,0,bound,0.9,0.2,-0.25,False,49,0.49,isaac_reset,0.6744,0.0357,-0.2567,0.2298,0.1643,0.0301,0.3581,0.0089,0.0387,0.0257,0.39,0.94,26.2192,0.9386,1.04
458,3,0,bound,0.9,0.2,-0.25,False,49,0.49,isaac_reset,0.6782,0.0355,-0.2618,0.228,0.1645,0.0316,0.3599,0.0089,0.0385,0.0214,0.38,0.925,25.7236,2.3332,1.04
459,4,0,bound,0.9,0.2,-0.25,False,49,0.49,isaac_reset,0.6791,0.0344,-0.2622,0.2275,0.1656,0.0312,0.3603,0.0089,0.0374,0.0207,0.38,0.92,25.6253,1.7362,1.04
460,0,0,bound,0.9,0.2,0.0,True,1000,10.0,timeout,0.6895,0.0395,0.0156,0.2232,0.1605,0.0262,0.351,0.0069,0.0504,0.0128,0.4,0.95,29.219,7.4002,7.564
461,1,0,bound,0.9,0.2,0.0,True,1000,10.0,timeout,0.6881,0.036,0.0018,0.2241,0.164,0.0163,0.3552,0.0072,0.0485,0.017,0.4,0.95,27.9525,7.4081,7.564
462,2,0,bound,0.9,0.2,0.0,True,1000,10.0,timeout,0.6863,0.0333,-0.0227,0.225,0.1667,0.0253,0.3583,0.0074,0.0446,0.0192,0.395,0.945,27.0748,7.3596,7.564
463,3,0,bound,0.9,0.2,0.0,True,1000,10.0,timeout,0.6854,0.0311,-0.0292,0.2263,0.1689,0.0305,0.36,0.0074,0.0439,0.0205,0.3945,0.9445,26.6244,7.3289,7.564
464,4,0,bound,0.9,0.2,0.0,True,1000,10.0,timeout,0.6868,0.0297,-0.0292,0.226,0.1703,0.0308,0.3603,0.0074,0.0429,0.0196,0.3948,0.9448,26.5071,7.3036,7.564
465,0,0,bound,0.9,0.2,0.25,True,1000,10.0,timeout,0.6919,0.0305,0.2373,0.2247,0.1695,0.0245,0.3505,0.0073,0.043,0.0069,0.4005,0.9505,29.1635,6.9237,7.595
466,1,0,bound,0.9,0.2,0.25,True,1000,10.0,timeout,0.7001,0.0307,0.2293,0.219,0.1693,0.028,0.3552,0.0074,0.0431,0.007,0.4,0.95,27.909,7.243,7.595
467,2,0,bound,0.9,0.2,0.25,True,1000,10.0,timeout,0.7042,0.029,0.2192,0.2173,0.171,0.0374,0.3582,0.0076,0.0396,0.0071,0.4,0.95,26.9339,7.7112,7.595
468,3,0,bound,0.9,0.2,0.25,True,1000,10.0,timeout,0.7043,0.0284,0.2137,0.2171,0.1716,0.0415,0.3595,0.0077,0.0396,0.0091,0.3995,0.9495,26.4985,8.0028,7.595
469,4,0,bound,0.9,0.2,0.25,True,1000,10.0,timeout,0.7052,0.0279,0.2176,0.217,0.1721,0.0385,0.3597,0.0078,0.0393,0.0084,0.3998,0.9498,26.3851,7.4204,7.595
470,0,0,bound,0.9,0.2,0.5,True,1000,10.0,timeout,0.6857,0.023,0.4591,0.2365,0.177,0.0634,0.3498,0.0088,0.0331,0.0126,0.4043,0.9428,28.9402,5.4534,7.554
471,1,0,bound,0.9,0.2,0.5,True,1000,10.0,timeout,0.6929,0.0264,0.4601,0.2319,0.1736,0.0581,0.3547,0.0089,0.0345,0.0084,0.404,0.9415,27.6774,5.152,7.554
472,2,0,bound,0.9,0.2,0.5,True,1000,10.0,timeout,0.7039,0.028,0.4639,0.227,0.172,0.0564,0.3571,0.009,0.0352,0.0078,0.4038,0.9423,26.7067,4.378,7.554
473,3,0,bound,0.9,0.2,0.5,True,1000,10.0,timeout,0.712,0.0257,0.4626,0.2229,0.1743,0.0583,0.3582,0.009,0.034,0.0081,0.404,0.9425,26.2046,4.9826,7.554
474,4,0,bound,0.9,0.2,0.5,True,1000,10.0,timeout,0.7132,0.0253,0.4628,0.2226,0.1747,0.0585,0.3584,0.009,0.0337,0.0082,0.4043,0.9423,26.0898,5.6677,7.554
475,0,0,bound,0.9,0.4,-0.5,False,49,0.49,isaac_reset,0.6567,0.0886,-0.3888,0.2441,0.3114,0.1198,0.3491,0.0096,0.0401,0.0205,0.39,0.94,28.453,1.9573,1.046
476,1,0,bound,0.9,0.4,-0.5,False,49,0.49,isaac_reset,0.6638,0.0732,-0.4449,0.2385,0.3268,0.0702,0.3538,0.0092,0.036,0.0236,0.39,0.94,27.2917,2.1036,1.046
477,2,0,bound,0.9,0.4,-0.5,False,49,0.49,isaac_reset,0.6673,0.0666,-0.4756,0.2365,0.3334,0.0479,0.3569,0.0091,0.0376,0.0184,0.39,0.95,26.3742,2.3061,1.046
478,3,0,bound,0.9,0.4,-0.5,False,49,0.49,isaac_reset,0.6612,0.0523,-0.4912,0.2417,0.3477,0.0381,0.3586,0.0088,0.0346,0.0224,0.39,0.93,26.0696,2.8158,1.046
479,4,0,bound,0.9,0.4,-0.5,False,49,0.49,isaac_reset,0.658,0.0534,-0.4878,0.2443,0.3466,0.0406,0.3587,0.0087,0.0357,0.0238,0.385,0.935,25.9832,3.2516,1.046
480,0,0,bound,0.9,0.4,-0.25,True,1000,10.0,timeout,0.6511,0.077,-0.1802,0.251,0.323,0.0771,0.3498,0.0063,0.0539,0.0231,0.402,0.952,29.2134,5.9539,7.587
481,1,0,bound,0.9,0.4,-0.25,True,1000,10.0,timeout,0.661,0.0668,-0.2237,0.243,0.3332,0.0431,0.3543,0.0065,0.0497,0.0284,0.4,0.95,28.045,5.4977,7.587
482,2,0,bound,0.9,0.4,-0.25,True,1000,10.0,timeout,0.6615,0.0557,-0.2475,0.2434,0.3443,0.026,0.3577,0.0066,0.0484,0.0293,0.3955,0.9455,27.217,5.17,7.587
483,3,0,bound,0.9,0.4,-0.25,True,1000,10.0,timeout,0.6609,0.0519,-0.2571,0.2446,0.3481,0.0246,0.3592,0.0067,0.0473,0.0266,0.3945,0.9445,26.734,4.9983,7.587
484,4,0,bound,0.9,0.4,-0.25,True,1000,10.0,timeout,0.6608,0.0512,-0.2582,0.2447,0.3488,0.0241,0.3594,0.0067,0.0466,0.0262,0.3945,0.9445,26.6258,4.9949,7.587
485,0,0,bound,0.9,0.4,0.0,True,1000,10.0,timeout,0.6707,0.0771,0.0442,0.2379,0.3229,0.0532,0.3502,0.0067,0.0643,0.0132,0.402,0.952,29.2132,7.1086,7.575
486,1,0,bound,0.9,0.4,0.0,True,1000,10.0,timeout,0.6779,0.0679,0.009,0.2334,0.3321,0.023,0.355,0.0068,0.0568,0.0144,0.4,0.95,27.9868,6.9646,7.575
487,2,0,bound,0.9,0.4,0.0,True,1000,10.0,timeout,0.6816,0.0641,-0.0107,0.2327,0.3359,0.0192,0.3578,0.0071,0.0548,0.011,0.4,0.95,27.1099,8.4519,7.575
488,3,0,bound,0.9,0.4,0.0,True,1000,10.0,timeout,0.6809,0.0582,-0.0217,0.2329,0.3418,0.0253,0.3594,0.0071,0.0514,0.0132,0.3953,0.9453,26.685,7.2119,7.575
489,4,0,bound,0.9,0.4,0.0,True,1000,10.0,timeout,0.6794,0.0589,-0.0218,0.234,0.3411,0.0248,0.3597,0.0071,0.0519,0.0122,0.395,0.945,26.6106,7.2655,7.575
490,0,0,bound,0.9,0.4,0.25,True,1000,10.0,timeout,0.6794,0.0616,0.2524,0.24,0.3384,0.0235,0.3502,0.0087,0.0586,0.0081,0.4045,0.943,28.9146,6.2779,7.584
491,1,0,bound,0.9,0.4,0.25,True,1000,10.0,timeout,0.677,0.06,0.2357,0.2422,0.34,0.0235,0.3549,0.0085,0.0546,0.007,0.404,0.9425,27.7478,5.9433,7.584
492,2,0,bound,0.9,0.4,0.25,True,1000,10.0,timeout,0.6851,0.0559,0.2249,0.2382,0.3441,0.035,0.3576,0.0088,0.0515,0.0079,0.404,0.9425,26.7563,6.9145,7.584
493,3,0,bound,0.9,0.4,0.25,True,1000,10.0,timeout,0.6847,0.0528,0.2178,0.2392,0.3472,0.0402,0.3591,0.0089,0.0498,0.0086,0.404,0.9425,26.305,6.6673,7.584
494,4,0,bound,0.9,0.4,0.25,True,1000,10.0,timeout,0.684,0.0526,0.2196,0.2398,0.3474,0.0398,0.3594,0.0089,0.0494,0.0082,0.4038,0.9428,26.1931,6.9651,7.584
495,0,0,bound,0.9,0.4,0.5,False,49,0.49,isaac_reset,0.725,0.0496,0.4748,0.2075,0.3504,0.0447,0.3507,0.0101,0.0539,0.0107,0.39,0.94,28.6218,5.2921,1.042
496,1,0,bound,0.9,0.4,0.5,False,49,0.49,isaac_reset,0.7265,0.0509,0.4638,0.2062,0.3491,0.0501,0.3552,0.0097,0.0523,0.0057,0.39,0.95,27.3359,5.7,1.042
497,2,0,bound,0.9,0.4,0.5,False,49,0.49,isaac_reset,0.7344,0.0496,0.4584,0.2038,0.3504,0.054,0.3582,0.0093,0.0511,0.0061,0.39,0.93,26.4403,5.0832,1.042
498,3,0,bound,0.9,0.4,0.5,False,49,0.49,isaac_reset,0.7384,0.0465,0.4623,0.2045,0.3535,0.0542,0.359,0.0093,0.0487,0.0078,0.39,0.94,25.9314,6.214,1.042
499,4,0,bound,0.9,0.4,0.5,False,49,0.49,isaac_reset,0.7394,0.0455,0.4638,0.2043,0.3545,0.0551,0.3591,0.0092,0.0476,0.0078,0.39,0.95,25.789,5.8821,1.042
500,0,0,bound,1.2,-0.4,-0.5,True,1000,10.0,timeout,0.8798,-0.0386,-0.4773,0.3202,0.3614,0.0525,0.3482,0.0073,0.0168,0.0058,0.4,0.95,29.2411,2.0578,7.533
501,1,0,bound,1.2,-0.4,-0.5,True,1000,10.0,timeout,0.8835,-0.0448,-0.4903,0.3165,0.3552,0.0495,0.3529,0.0077,0.0177,0.0096,0.4,0.95,27.9469,1.8253,7.533
502,2,0,bound,1.2,-0.4,-0.5,True,1000,10.0,timeout,0.8805,-0.0499,-0.5024,0.3195,0.3501,0.0462,0.3561,0.0076,0.0186,0.0169,0.3968,0.9468,27.12,1.6128,7.533
503,3,0,bound,1.2,-0.4,-0.5,True,1000,10.0,timeout,0.8798,-0.0505,-0.5062,0.3202,0.3495,0.0454,0.3581,0.0078,0.018,0.0202,0.394,0.944,26.6171,1.5272,7.533
504,4,0,bound,1.2,-0.4,-0.5,True,1000,10.0,timeout,0.8816,-0.0505,-0.5078,0.3184,0.3495,0.0455,0.3585,0.0078,0.0181,0.0205,0.3938,0.9438,26.4911,1.4976,7.533
505,0,0,bound,1.2,-0.4,-0.25,True,1000,10.0,timeout,0.8822,-0.0496,-0.2657,0.3178,0.3504,0.0391,0.3487,0.0075,0.0222,0.0073,0.4003,0.9503,29.2252,6.2752,7.567
506,1,0,bound,1.2,-0.4,-0.25,True,1000,10.0,timeout,0.8857,-0.051,-0.2706,0.3143,0.349,0.0391,0.3535,0.0077,0.0197,0.0105,0.4,0.95,28.0281,6.6349,7.567
507,2,0,bound,1.2,-0.4,-0.25,True,1000,10.0,timeout,0.8876,-0.0539,-0.2756,0.3124,0.3461,0.042,0.357,0.0076,0.0189,0.0264,0.395,0.945,27.1456,5.9195,7.567
508,3,0,bound,1.2,-0.4,-0.25,True,1000,10.0,timeout,0.8977,-0.0548,-0.2832,0.3023,0.3452,0.0438,0.358,0.0083,0.0201,0.0202,0.394,0.944,26.7607,5.3438,7.567
509,4,0,bound,1.2,-0.4,-0.25,True,1000,10.0,timeout,0.8977,-0.0552,-0.2844,0.3023,0.3448,0.0448,0.3584,0.0082,0.0202,0.0213,0.3935,0.9435,26.6466,6.2743,7.567
510,0,0,bound,1.2,-0.4,0.0,True,1000,10.0,timeout,0.8576,-0.0556,-0.0488,0.3424,0.3444,0.061,0.348,0.0092,0.0185,0.0165,0.406,0.943,28.9045,8.3879,7.56
511,1,0,bound,1.2,-0.4,0.0,True,1000,10.0,timeout,0.8718,-0.0536,-0.045,0.3282,0.3464,0.0559,0.3532,0.009,0.0134,0.0076,0.404,0.9425,27.8802,8.5002,7.56
512,2,0,bound,1.2,-0.4,0.0,True,1000,10.0,timeout,0.88,-0.0524,-0.0449,0.32,0.3476,0.0542,0.3561,0.0095,0.0113,0.014,0.4008,0.9388,27.0089,8.5444,7.56
513,3,0,bound,1.2,-0.4,0.0,True,1000,10.0,timeout,0.8866,-0.0541,-0.0461,0.3134,0.3459,0.0545,0.3575,0.01,0.0111,0.0167,0.3985,0.938,26.5992,8.5168,7.56
514,4,0,bound,1.2,-0.4,0.0,True,1000,10.0,timeout,0.8818,-0.055,-0.0494,0.3182,0.345,0.0568,0.3585,0.0094,0.0099,0.0225,0.396,0.935,26.5077,9.0803,7.56
515,0,0,bound,1.2,-0.4,0.25,False,49,0.49,isaac_reset,0.879,-0.0658,0.177,0.321,0.3342,0.0783,0.3477,0.0102,0.0078,0.0199,0.39,0.95,28.405,8.4044,1.011
516,1,0,bound,1.2,-0.4,0.25,False,49,0.49,isaac_reset,0.9025,-0.0601,0.1875,0.2975,0.3399,0.0664,0.3537,0.0095,0.004,0.0025,0.39,0.95,27.1575,9.0493,1.011
517,2,0,bound,1.2,-0.4,0.25,False,49,0.49,isaac_reset,0.9157,-0.0578,0.1921,0.2843,0.3422,0.0662,0.3541,0.0101,0.0031,0.0137,0.38,0.94,26.6521,9.4956,1.011
518,3,0,bound,1.2,-0.4,0.25,False,49,0.49,isaac_reset,0.9216,-0.0571,0.1997,0.2784,0.3429,0.0602,0.3564,0.0101,0.0036,0.0153,0.38,0.93,26.1872,9.0707,1.011
519,4,0,bound,1.2,-0.4,0.25,False,49,0.49,isaac_reset,0.9246,-0.0566,0.1989,0.2754,0.3434,0.06,0.3573,0.01,0.0044,0.0173,0.38,0.92,25.9861,9.4836,1.011
520,0,0,bound,1.2,-0.4,0.5,True,1000,10.0,timeout,0.8677,-0.086,0.4193,0.3323,0.314,0.0893,0.3462,0.0067,0.0037,0.021,0.4008,0.9508,29.1227,3.2268,7.576
521,1,0,bound,1.2,-0.4,0.5,True,1000,10.0,timeout,0.8896,-0.0795,0.4342,0.3104,0.3205,0.0731,0.3524,0.0068,0.0084,0.0063,0.4,0.95,28.0977,2.9873,7.576
522,2,0,bound,1.2,-0.4,0.5,True,1000,10.0,timeout,0.9194,-0.0772,0.4499,0.2806,0.3228,0.0608,0.3558,0.0075,0.0125,0.0092,0.4,0.95,27.2071,2.7651,7.576
523,3,0,bound,1.2,-0.4,0.5,True,1000,10.0,timeout,0.9306,-0.0755,0.463,0.2694,0.3245,0.0509,0.3574,0.0076,0.0157,0.0128,0.4,0.95,26.6744,2.5105,7.576
524,4,0,bound,1.2,-0.4,0.5,True,1000,10.0,timeout,0.9342,-0.0757,0.4638,0.2658,0.3243,0.0509,0.3576,0.0076,0.0157,0.013,0.4,0.95,26.5905,2.51,7.576
525,0,0,bound,1.2,-0.2,-0.5,True,1000,10.0,timeout,0.8766,-0.0091,-0.4547,0.3234,0.1909,0.0745,0.3486,0.0072,0.0082,0.0134,0.4008,0.9508,29.2683,4.2067,7.565
526,1,0,bound,1.2,-0.2,-0.5,True,1000,10.0,timeout,0.8694,-0.0192,-0.4799,0.3306,0.1808,0.0592,0.3532,0.0074,0.0076,0.0198,0.3995,0.9495,28.0215,4.2815,7.565
527,2,0,bound,1.2,-0.2,-0.5,True,1000,10.0,timeout,0.8658,-0.0222,-0.4883,0.3342,0.1778,0.0549,0.3566,0.0076,0.0064,0.0245,0.3943,0.9443,27.0426,2.7121,7.565
528,3,0,bound,1.2,-0.2,-0.5,True,1000,10.0,timeout,0.8711,-0.0236,-0.5044,0.3289,0.1764,0.0487,0.3582,0.0078,0.0069,0.0216,0.3943,0.9443,26.5983,2.4106,7.565
529,4,0,bound,1.2,-0.2,-0.5,True,1000,10.0,timeout,0.8714,-0.0233,-0.505,0.3286,0.1767,0.048,0.3586,0.0078,0.0066,0.0212,0.394,0.944,26.4953,3.4382,7.565
530,0,0,bound,1.2,-0.2,-0.25,True,1000,10.0,timeout,0.8536,-0.02,-0.2437,0.3464,0.18,0.0372,0.3496,0.0088,0.0055,0.01,0.4045,0.943,29.0052,5.4188,7.554
531,1,0,bound,1.2,-0.2,-0.25,True,1000,10.0,timeout,0.8594,-0.0233,-0.2488,0.3406,0.1767,0.037,0.3539,0.0088,0.0056,0.0152,0.404,0.9425,27.8395,5.8226,7.554
532,2,0,bound,1.2,-0.2,-0.25,True,1000,10.0,timeout,0.855,-0.0258,-0.2566,0.345,0.1742,0.0388,0.3575,0.0091,0.0065,0.0287,0.3988,0.9363,26.9463,6.5332,7.554
533,3,0,bound,1.2,-0.2,-0.25,True,1000,10.0,timeout,0.8663,-0.0323,-0.2806,0.3337,0.1677,0.0475,0.3584,0.0094,0.0092,0.0282,0.3955,0.934,26.6303,6.3257,7.554
534,4,0,bound,1.2,-0.2,-0.25,True,1000,10.0,timeout,0.8594,-0.0286,-0.2734,0.3406,0.1714,0.046,0.359,0.0092,0.0072,0.0273,0.3948,0.9333,26.4909,5.3001,7.554
535,0,0,bound,1.2,-0.2,0.0,False,49,0.49,isaac_reset,0.8839,-0.0292,-0.0319,0.3161,0.1708,0.0437,0.3496,0.0101,0.0094,0.0046,0.39,0.93,28.2877,5.8887,1.017
536,1,0,bound,1.2,-0.2,0.0,False,49,0.49,isaac_reset,0.9015,-0.0285,-0.0205,0.2985,0.1715,0.0311,0.3541,0.0097,0.0043,0.0088,0.39,0.94,27.0641,6.0577,1.017
537,2,0,bound,1.2,-0.2,0.0,False,49,0.49,isaac_reset,0.9129,-0.0276,-0.0254,0.2871,0.1724,0.0318,0.3563,0.0094,0.0039,0.0167,0.385,0.945,26.3596,6.341,1.017
538,3,0,bound,1.2,-0.2,0.0,False,49,0.49,isaac_reset,0.9117,-0.0281,-0.0287,0.2883,0.1719,0.0371,0.3606,0.0107,0.004,0.0148,0.38,0.92,25.2387,6.7913,1.017
539,4,0,bound,1.2,-0.2,0.0,False,49,0.49,isaac_reset,0.9148,-0.029,-0.0288,0.2852,0.171,0.0347,0.3595,0.0093,0.0041,0.0214,0.38,0.93,25.535,6.3,1.017
540,0,0,bound,1.2,-0.2,0.25,True,1000,10.0,timeout,0.8716,-0.0349,0.1846,0.3284,0.1651,0.0703,0.3481,0.0071,0.0051,0.0158,0.4,0.95,29.1061,7.9108,7.563
541,1,0,bound,1.2,-0.2,0.25,True,1000,10.0,timeout,0.896,-0.0313,0.1929,0.304,0.1687,0.0604,0.3536,0.0074,0.0052,0.0048,0.4,0.95,27.948,8.0032,7.563
542,2,0,bound,1.2,-0.2,0.25,True,1000,10.0,timeout,0.9165,-0.0291,0.2036,0.2835,0.1709,0.0508,0.3564,0.0079,0.0081,0.0052,0.4,0.95,26.9749,8.0027,7.563
543,3,0,bound,1.2,-0.2,0.25,True,1000,10.0,timeout,0.9168,-0.0298,0.2025,0.2832,0.1702,0.0529,0.3577,0.0085,0.0076,0.0105,0.3948,0.9448,26.67,8.0459,7.563
544,4,0,bound,1.2,-0.2,0.25,True,1000,10.0,timeout,0.9177,-0.03,0.203,0.2823,0.17,0.0528,0.358,0.0086,0.0074,0.0105,0.3945,0.9445,26.6043,8.0521,7.563
545,0,0,bound,1.2,-0.2,0.5,True,1000,10.0,timeout,0.8585,-0.057,0.4212,0.3415,0.143,0.0952,0.3457,0.0079,0.0069,0.0223,0.4028,0.9508,29.1571,6.1852,7.573
546,1,0,bound,1.2,-0.2,0.5,True,1000,10.0,timeout,0.8933,-0.0468,0.4361,0.3067,0.1532,0.0736,0.3524,0.007,0.0109,0.0075,0.4003,0.9503,28.0407,7.8076,7.573
547,2,0,bound,1.2,-0.2,0.5,True,1000,10.0,timeout,0.9188,-0.0441,0.4487,0.2812,0.1559,0.0638,0.3557,0.0076,0.0144,0.0089,0.4,0.95,27.1495,6.9757,7.573
548,3,0,bound,1.2,-0.2,0.5,True,1000,10.0,timeout,0.9239,-0.044,0.455,0.2761,0.156,0.0626,0.3572,0.0081,0.0155,0.0124,0.3968,0.9468,26.7708,7.952,7.573
549,4,0,bound,1.2,-0.2,0.5,True,1000,10.0,timeout,0.9254,-0.0412,0.46,0.2746,0.1588,0.0556,0.3578,0.0077,0.0163,0.0102,0.3993,0.9493,26.5469,7.8285,7.573
550,0,0,bound,1.2,0.0,-0.5,True,1000,10.0,timeout,0.8373,0.0186,-0.4258,0.3627,0.0305,0.1017,0.3487,0.0083,0.0273,0.0243,0.4045,0.943,29.0921,5.9965,7.559
551,1,0,bound,1.2,0.0,-0.5,True,1000,10.0,timeout,0.835,0.0099,-0.461,0.365,0.0327,0.0786,0.3537,0.0085,0.0192,0.0314,0.3998,0.9373,27.7464,5.2845,7.559
552,2,0,bound,1.2,0.0,-0.5,True,1000,10.0,timeout,0.8349,0.006,-0.4772,0.3651,0.0328,0.0677,0.3565,0.0094,0.0194,0.029,0.3993,0.9363,26.832,4.6973,7.559
553,3,0,bound,1.2,0.0,-0.5,True,1000,10.0,timeout,0.8424,0.0034,-0.4979,0.3576,0.0323,0.0568,0.3583,0.009,0.0183,0.0277,0.3978,0.9378,26.4063,3.4072,7.559
554,4,0,bound,1.2,0.0,-0.5,True,1000,10.0,timeout,0.8415,0.0038,-0.497,0.3585,0.0327,0.0571,0.3587,0.0088,0.0185,0.0267,0.3978,0.9373,26.2994,3.386,7.559
555,0,0,bound,1.2,0.0,-0.25,False,49,0.49,isaac_reset,0.8718,0.0168,-0.2142,0.3282,0.0328,0.0551,0.3502,0.01,0.0305,0.0139,0.39,0.94,28.188,3.1627,1.018
556,1,0,bound,1.2,0.0,-0.25,False,49,0.49,isaac_reset,0.873,0.0151,-0.2455,0.327,0.0339,0.0365,0.3552,0.01,0.0235,0.0258,0.385,0.935,26.6396,2.8675,1.018
557,2,0,bound,1.2,0.0,-0.25,False,49,0.49,isaac_reset,0.8777,0.0141,-0.2649,0.3223,0.0357,0.0376,0.3595,0.0097,0.0266,0.0297,0.38,0.94,25.6828,2.9496,1.018
558,3,0,bound,1.2,0.0,-0.25,False,49,0.49,isaac_reset,0.8812,0.015,-0.2771,0.3188,0.035,0.0437,0.3599,0.0099,0.0262,0.0284,0.38,0.94,25.508,2.7571,1.018
559,4,0,bound,1.2,0.0,-0.25,False,49,0.49,isaac_reset,0.8785,0.0118,-0.2817,0.3215,0.0352,0.0458,0.3608,0.0096,0.0243,0.0288,0.375,0.935,25.3703,1.4768,1.018
560,0,0,bound,1.2,0.0,0.0,True,1000,10.0,timeout,0.8822,0.0015,-0.0132,0.3178,0.0263,0.0223,0.3502,0.0074,0.0234,0.0063,0.4,0.95,29.2175,9.4518,7.546
561,1,0,bound,1.2,0.0,0.0,True,1000,10.0,timeout,0.8862,0.0019,-0.0188,0.3138,0.0272,0.0244,0.3549,0.0077,0.024,0.0161,0.4,0.95,27.9533,9.4916,7.546
562,2,0,bound,1.2,0.0,0.0,True,1000,10.0,timeout,0.8928,0.0026,-0.0374,0.3072,0.0294,0.0396,0.3582,0.0081,0.0245,0.0294,0.3935,0.9435,27.2743,9.5089,7.546
563,3,0,bound,1.2,0.0,0.0,True,1000,10.0,timeout,0.8872,-0.0031,-0.0429,0.3128,0.0283,0.044,0.3602,0.0078,0.0191,0.0326,0.3888,0.9388,26.825,9.4523,7.546
564,4,0,bound,1.2,0.0,0.0,True,1000,10.0,timeout,0.8869,-0.0031,-0.0442,0.3131,0.0283,0.0449,0.3606,0.0079,0.019,0.0326,0.3888,0.9388,26.7377,9.4503,7.546
565,0,0,bound,1.2,0.0,0.25,True,1000,10.0,timeout,0.8708,-0.0081,0.1986,0.3292,0.0204,0.056,0.3487,0.0077,0.017,0.0126,0.401,0.9505,29.1276,8.8342,7.558
566,1,0,bound,1.2,0.0,0.25,True,1000,10.0,timeout,0.8911,-0.0047,0.2089,0.3089,0.0206,0.0447,0.354,0.0076,0.0213,0.0095,0.4003,0.9503,27.9603,9.8662,7.558
567,2,0,bound,1.2,0.0,0.25,True,1000,10.0,timeout,0.9068,-0.0017,0.2175,0.2932,0.0222,0.0377,0.357,0.0079,0.0233,0.012,0.3998,0.9498,27.0289,11.2064,7.558
568,3,0,bound,1.2,0.0,0.25,True,1000,10.0,timeout,0.9098,-0.0016,0.2121,0.2902,0.0228,0.0419,0.3589,0.0079,0.0244,0.017,0.3938,0.9438,26.6559,10.927,7.558
569,4,0,bound,1.2,0.0,0.25,True,1000,10.0,timeout,0.9116,-0.0013,0.2078,0.2884,0.0226,0.0463,0.3588,0.0081,0.0237,0.0155,0.3938,0.9438,26.6216,10.6985,7.558
570,0,0,bound,1.2,0.0,0.5,True,1000,10.0,timeout,0.8426,-0.0187,0.4207,0.3574,0.0208,0.0902,0.347,0.0089,0.0115,0.0229,0.4055,0.942,28.8688,6.5839,7.556
571,1,0,bound,1.2,0.0,0.5,True,1000,10.0,timeout,0.8745,-0.0145,0.4382,0.3255,0.0183,0.0725,0.3526,0.0086,0.0189,0.0098,0.405,0.942,27.8351,6.2445,7.556
572,2,0,bound,1.2,0.0,0.5,True,1000,10.0,timeout,0.8971,-0.0113,0.4522,0.3029,0.0181,0.063,0.356,0.0088,0.0198,0.0091,0.404,0.9425,26.8957,7.7334,7.556
573,3,0,bound,1.2,0.0,0.5,True,1000,10.0,timeout,0.9069,-0.0126,0.4533,0.2931,0.0175,0.0635,0.3572,0.0093,0.0216,0.01,0.404,0.943,26.3791,7.4802,7.556
574,4,0,bound,1.2,0.0,0.5,True,1000,10.0,timeout,0.9095,-0.0122,0.4562,0.2905,0.0176,0.0612,0.3577,0.0092,0.0222,0.0092,0.4038,0.9433,26.2816,6.9414,7.556
575,0,0,bound,1.2,0.2,-0.5,False,49,0.49,isaac_reset,0.874,0.0608,-0.3915,0.326,0.1392,0.1294,0.3497,0.01,0.0449,0.0183,0.39,0.94,28.2636,2.7221,1.042
576,1,0,bound,1.2,0.2,-0.5,False,49,0.49,isaac_reset,0.8656,0.0422,-0.4514,0.3344,0.1578,0.0882,0.3549,0.0094,0.0371,0.0328,0.385,0.935,26.9005,2.9554,1.042
577,2,0,bound,1.2,0.2,-0.5,False,49,0.49,isaac_reset,0.8652,0.042,-0.4653,0.3348,0.158,0.0752,0.3581,0.0095,0.039,0.0251,0.38,0.94,25.987,3.3427,1.042
578,3,0,bound,1.2,0.2,-0.5,False,49,0.49,isaac_reset,0.8629,0.037,-0.4832,0.3371,0.163,0.0611,0.3595,0.0094,0.0362,0.0269,0.38,0.94,25.4499,3.2698,1.042
579,4,0,bound,1.2,0.2,-0.5,False,49,0.49,isaac_reset,0.863,0.0365,-0.4858,0.337,0.1635,0.0593,0.3599,0.0093,0.0353,0.0262,0.38,0.93,25.3499,2.7155,1.042
580,0,0,bound,1.2,0.2,-0.25,True,1000,10.0,timeout,0.861,0.0421,-0.1907,0.339,0.1579,0.0842,0.3497,0.0068,0.0507,0.0264,0.4,0.95,29.3033,7.7057,7.574
581,1,0,bound,1.2,0.2,-0.25,True,1000,10.0,timeout,0.863,0.0321,-0.2238,0.337,0.1679,0.0588,0.3548,0.0071,0.0435,0.0379,0.3943,0.9443,28.043,7.1558,7.574
582,2,0,bound,1.2,0.2,-0.25,True,1000,10.0,timeout,0.8747,0.0326,-0.252,0.3253,0.1674,0.0477,0.358,0.0078,0.0423,0.037,0.3938,0.9438,27.1775,6.7236,7.574
583,3,0,bound,1.2,0.2,-0.25,True,1000,10.0,timeout,0.8686,0.0245,-0.2693,0.3314,0.1755,0.0385,0.3599,0.0077,0.0358,0.0362,0.3898,0.9398,26.7581,6.3122,7.574
584,4,0,bound,1.2,0.2,-0.25,True,1000,10.0,timeout,0.8677,0.0235,-0.2727,0.3323,0.1765,0.0389,0.3603,0.0077,0.0349,0.0372,0.3895,0.9395,26.6925,6.2342,7.574
585,0,0,bound,1.2,0.2,0.0,True,1000,10.0,timeout,0.8717,0.0326,0.0102,0.3283,0.1674,0.0318,0.3501,0.0072,0.0463,0.0154,0.4003,0.9503,29.2643,9.0383,7.561
586,1,0,bound,1.2,0.2,0.0,True,1000,10.0,timeout,0.8763,0.0314,-0.0017,0.3237,0.1686,0.0304,0.3549,0.0075,0.044,0.0272,0.3965,0.9465,28.07,9.1445,7.561
587,2,0,bound,1.2,0.2,0.0,True,1000,10.0,timeout,0.8792,0.0285,-0.0264,0.3208,0.1715,0.0353,0.3587,0.0077,0.04,0.0345,0.3905,0.9405,27.2431,9.6634,7.561
588,3,0,bound,1.2,0.2,0.0,True,1000,10.0,timeout,0.8793,0.0254,-0.0378,0.3207,0.1746,0.0418,0.3605,0.0078,0.0374,0.0332,0.3893,0.9393,26.7767,9.9954,7.561
589,4,0,bound,1.2,0.2,0.0,True,1000,10.0,timeout,0.8802,0.025,-0.0384,0.3198,0.175,0.042,0.3608,0.0078,0.0369,0.0323,0.3893,0.9393,26.685,9.4833,7.561
590,0,0,bound,1.2,0.2,0.25,True,1000,10.0,timeout,0.8509,0.0195,0.2242,0.3491,0.1805,0.0334,0.3496,0.009,0.0399,0.0092,0.4053,0.9428,28.9953,8.194,7.605
591,1,0,bound,1.2,0.2,0.25,True,1000,10.0,timeout,0.8734,0.0206,0.2334,0.3266,0.1794,0.0286,0.3545,0.0089,0.0388,0.0105,0.4038,0.9428,27.7237,8.758,7.605
592,2,0,bound,1.2,0.2,0.25,True,1000,10.0,timeout,0.8792,0.0231,0.2282,0.3208,0.1769,0.0346,0.3576,0.0089,0.0409,0.0181,0.3988,0.9388,26.8374,10.3716,7.605
593,3,0,bound,1.2,0.2,0.25,True,1000,10.0,timeout,0.8844,0.0203,0.2164,0.3156,0.1797,0.0469,0.3587,0.0094,0.0396,0.02,0.3995,0.9375,26.4031,10.0142,7.605
594,4,0,bound,1.2,0.2,0.25,True,1000,10.0,timeout,0.8881,0.0215,0.2149,0.3119,0.1785,0.0469,0.3592,0.0093,0.0397,0.0185,0.3985,0.9375,26.3374,9.1344,7.605
595,0,0,bound,1.2,0.2,0.5,False,49,0.49,isaac_reset,0.8841,0.0109,0.4473,0.3159,0.1891,0.0656,0.3489,0.0098,0.0335,0.0116,0.39,0.94,28.4186,6.5083,1.012
596,1,0,bound,1.2,0.2,0.5,False,49,0.49,isaac_reset,0.9132,0.0119,0.4589,0.2868,0.1881,0.0613,0.3543,0.0093,0.0341,0.0034,0.39,0.93,27.1671,6.6207,1.012
597,2,0,bound,1.2,0.2,0.5,False,49,0.49,isaac_reset,0.9404,0.0147,0.4686,0.2608,0.1853,0.0584,0.3564,0.0091,0.0346,0.0046,0.39,0.94,26.2249,7.5693,1.012
598,3,0,bound,1.2,0.2,0.5,False,49,0.49,isaac_reset,0.9439,0.0119,0.4709,0.258,0.1881,0.0603,0.3575,0.009,0.0357,0.0082,0.385,0.93,25.9364,7.2411,1.012
599,4,0,bound,1.2,0.2,0.5,False,49,0.49,isaac_reset,0.9446,0.0126,0.4694,0.2575,0.1874,0.0636,0.358,0.0089,0.0346,0.0084,0.38,0.93,25.7844,7.2491,1.012
600,0,0,bound,1.2,0.4,-0.5,True,1000,10.0,timeout,0.8211,0.0871,-0.3994,0.3789,0.3129,0.123,0.3479,0.0063,0.043,0.025,0.4,0.95,29.2075,3.457,7.608
601,1,0,bound,1.2,0.4,-0.5,True,1000,10.0,timeout,0.8416,0.0802,-0.4549,0.3584,0.3198,0.087,0.3528,0.0068,0.0401,0.0255,0.4,0.95,27.9185,2.4303,7.608
602,2,0,bound,1.2,0.4,-0.5,True,1000,10.0,timeout,0.8381,0.07,-0.4812,0.3619,0.33,0.0686,0.3565,0.0069,0.0399,0.0296,0.3943,0.9443,27.0998,1.8782,7.608
603,3,0,bound,1.2,0.4,-0.5,True,1000,10.0,timeout,0.8412,0.0678,-0.5026,0.3588,0.3322,0.0552,0.358,0.0072,0.0399,0.0266,0.394,0.944,26.6251,1.4969,7.608
604,4,0,bound,1.2,0.4,-0.5,True,1000,10.0,timeout,0.8409,0.0667,-0.5051,0.3591,0.3333,0.0534,0.3583,0.0072,0.0397,0.0266,0.394,0.944,26.5287,1.4463,7.608
605,0,0,bound,1.2,0.4,-0.25,True,1000,10.0,timeout,0.8459,0.0753,-0.1771,0.3541,0.3247,0.0932,0.3493,0.0067,0.0556,0.0234,0.4005,0.9505,29.2422,7.374,7.572
606,1,0,bound,1.2,0.4,-0.25,True,1000,10.0,timeout,0.851,0.0635,-0.2223,0.349,0.3365,0.0631,0.3541,0.0068,0.0501,0.0373,0.4,0.95,28.1228,5.8944,7.572
607,2,0,bound,1.2,0.4,-0.25,True,1000,10.0,timeout,0.8574,0.0641,-0.2436,0.3426,0.3359,0.0472,0.3578,0.0073,0.0501,0.0333,0.3945,0.9445,27.1375,6.4767,7.572
608,3,0,bound,1.2,0.4,-0.25,True,1000,10.0,timeout,0.8628,0.0616,-0.2621,0.3372,0.3384,0.0426,0.3593,0.0077,0.047,0.0313,0.3943,0.9443,26.7155,6.0017,7.572
609,4,0,bound,1.2,0.4,-0.25,True,1000,10.0,timeout,0.859,0.0571,-0.2658,0.341,0.3429,0.0392,0.36,0.0075,0.046,0.0339,0.3913,0.9413,26.6615,5.8835,7.572
610,0,0,bound,1.2,0.4,0.0,True,1000,10.0,timeout,0.8441,0.0646,0.0343,0.3559,0.3354,0.054,0.35,0.0084,0.0593,0.0128,0.404,0.9425,29.0182,9.01,7.566
611,1,0,bound,1.2,0.4,0.0,True,1000,10.0,timeout,0.8413,0.06,0.0087,0.3587,0.34,0.0399,0.3546,0.0084,0.0543,0.0268,0.4025,0.9415,27.8689,9.1602,7.566
612,2,0,bound,1.2,0.4,0.0,True,1000,10.0,timeout,0.8465,0.0603,-0.0087,0.3535,0.3397,0.0361,0.3582,0.009,0.0522,0.027,0.3985,0.9375,26.8667,8.782,7.566
613,3,0,bound,1.2,0.4,0.0,True,1000,10.0,timeout,0.8568,0.0552,-0.0306,0.3432,0.3448,0.0431,0.3598,0.009,0.0485,0.0278,0.395,0.934,26.556,8.5738,7.566
614,4,0,bound,1.2,0.4,0.0,True,1000,10.0,timeout,0.8563,0.0548,-0.0287,0.3437,0.3452,0.0429,0.3601,0.009,0.0481,0.0273,0.394,0.9335,26.4496,9.3961,7.566
615,0,0,bound,1.2,0.4,0.25,False,49,0.49,isaac_reset,0.8826,0.0589,0.2521,0.3174,0.3411,0.0277,0.3514,0.0097,0.0614,0.0058,0.39,0.935,28.2637,7.8648,1.042
616,1,0,bound,1.2,0.4,0.25,False,49,0.49,isaac_reset,0.893,0.0606,0.2395,0.307,0.3394,0.0288,0.3558,0.0095,0.0593,0.0179,0.39,0.94,26.779,8.6712,1.042
617,2,0,bound,1.2,0.4,0.25,False,49,0.49,isaac_reset,0.9002,0.058,0.2242,0.2998,0.342,0.0417,0.3594,0.0092,0.0551,0.0238,0.38,0.94,25.9008,8.5864,1.042
618,3,0,bound,1.2,0.4,0.25,False,49,0.49,isaac_reset,0.9077,0.0552,0.2211,0.2923,0.3448,0.0454,0.3611,0.009,0.0531,0.0241,0.375,0.92,25.5761,8.588,1.042
619,4,0,bound,1.2,0.4,0.25,False,49,0.49,isaac_reset,0.9094,0.0552,0.2205,0.2906,0.3448,0.0458,0.3614,0.009,0.0528,0.0239,0.375,0.935,25.5109,8.4146,1.042
620,0,0,bound,1.2,0.4,0.5,True,1000,10.0,timeout,0.888,0.0375,0.4802,0.3121,0.3625,0.0418,0.3485,0.0071,0.0497,0.0161,0.4005,0.9505,29.1661,1.9993,7.572
621,1,0,bound,1.2,0.4,0.5,True,1000,10.0,timeout,0.9166,0.0383,0.4886,0.2835,0.3617,0.0397,0.3539,0.007,0.0505,0.0067,0.4,0.95,28.0299,1.9059,7.572
622,2,0,bound,1.2,0.4,0.5,True,1000,10.0,timeout,0.9317,0.0379,0.4888,0.2697,0.3621,0.0444,0.3567,0.0072,0.0489,0.0063,0.4,0.95,27.0428,1.8886,7.572
623,3,0,bound,1.2,0.4,0.5,True,1000,10.0,timeout,0.9377,0.0368,0.4878,0.2646,0.3632,0.0502,0.3579,0.0074,0.0472,0.0067,0.4,0.95,26.5118,1.9508,7.572
624,4,0,bound,1.2,0.4,0.5,True,1000,10.0,timeout,0.9412,0.0368,0.488,0.2617,0.3632,0.0506,0.3581,0.0074,0.0475,0.0065,0.4,0.95,26.3557,1.969,7.572
625,0,1,trot,0.0,-0.4,-0.5,True,1000,10.0,timeout,0.2322,-0.0713,-0.4605,0.2322,0.3287,0.0698,0.3397,0.003,0.029,0.036,0.5,0.95,21.8575,1.7903,7.579
626,1,1,trot,0.0,-0.4,-0.5,True,1000,10.0,timeout,0.2257,-0.0724,-0.4615,0.2257,0.3276,0.0699,0.3417,0.003,0.0292,0.0325,0.5,0.95,20.8735,1.7929,7.579
627,2,1,trot,0.0,-0.4,-0.5,True,1000,10.0,timeout,0.2213,-0.074,-0.4644,0.2213,0.326,0.0698,0.3431,0.0031,0.0285,0.03,0.5,0.95,20.1701,1.757,7.579
628,3,1,trot,0.0,-0.4,-0.5,True,1000,10.0,timeout,0.2215,-0.0745,-0.4667,0.2215,0.3255,0.0715,0.3438,0.0031,0.0273,0.0305,0.5,0.95,19.7621,2.5349,7.579
629,4,1,trot,0.0,-0.4,-0.5,True,1000,10.0,timeout,0.2214,-0.0749,-0.4675,0.2214,0.3251,0.0718,0.344,0.0031,0.0269,0.0306,0.5,0.95,19.6804,1.8119,7.579
630,0,1,trot,0.0,-0.4,-0.25,True,1000,10.0,timeout,0.2321,-0.0758,-0.262,0.2325,0.3242,0.0759,0.341,0.0063,0.0122,0.0477,0.497,0.948,21.793,1.1201,7.543
631,1,1,trot,0.0,-0.4,-0.25,True,1000,10.0,timeout,0.2267,-0.0759,-0.2609,0.2272,0.3241,0.0759,0.343,0.0062,0.0084,0.0447,0.497,0.948,20.7722,1.7086,7.543
632,2,1,trot,0.0,-0.4,-0.25,True,1000,10.0,timeout,0.2212,-0.0753,-0.261,0.2217,0.3247,0.0753,0.3443,0.0061,0.0056,0.0415,0.497,0.948,20.0626,1.2744,7.543
633,3,1,trot,0.0,-0.4,-0.25,True,1000,10.0,timeout,0.2202,-0.0744,-0.2608,0.2207,0.3256,0.0762,0.345,0.0061,0.0042,0.0407,0.497,0.948,19.6676,1.4663,7.543
634,4,1,trot,0.0,-0.4,-0.25,True,1000,10.0,timeout,0.2188,-0.0718,-0.2592,0.2192,0.3282,0.0764,0.3451,0.006,0.0034,0.0398,0.497,0.948,19.5884,1.6549,7.543
635,0,1,trot,0.0,-0.4,0.0,False,49,0.49,isaac_reset,0.2261,-0.0715,-0.0628,0.2261,0.3285,0.0852,0.3418,0.009,0.0269,0.0491,0.49,0.94,21.6788,1.3347,1.037
636,1,1,trot,0.0,-0.4,0.0,False,49,0.49,isaac_reset,0.2229,-0.0672,-0.0619,0.2229,0.3328,0.0859,0.3435,0.0088,0.0209,0.0455,0.49,0.92,20.8031,1.7998,1.037
637,2,1,trot,0.0,-0.4,0.0,False,49,0.49,isaac_reset,0.2205,-0.0644,-0.0611,0.2205,0.3356,0.088,0.3448,0.0087,0.0173,0.0424,0.49,0.94,20.1679,1.8237,1.037
638,3,1,trot,0.0,-0.4,0.0,False,49,0.49,isaac_reset,0.2204,-0.0635,-0.0606,0.2204,0.3365,0.0891,0.3454,0.0086,0.0157,0.0418,0.49,0.925,19.8215,2.1613,1.037
639,4,1,trot,0.0,-0.4,0.0,False,49,0.49,isaac_reset,0.2203,-0.0632,-0.0602,0.2203,0.3368,0.0891,0.3456,0.0086,0.0153,0.0416,0.49,0.94,19.7532,2.1286,1.037
640,0,1,trot,0.0,-0.4,0.25,True,1000,10.0,timeout,0.2341,-0.0643,0.171,0.2341,0.3357,0.0896,0.34,0.0034,0.0318,0.0507,0.5,0.95,21.8587,2.2803,7.542
641,1,1,trot,0.0,-0.4,0.25,True,1000,10.0,timeout,0.2324,-0.0603,0.1693,0.2324,0.3397,0.0935,0.3419,0.0035,0.0267,0.0471,0.5,0.95,20.8356,2.2809,7.542
642,2,1,trot,0.0,-0.4,0.25,True,1000,10.0,timeout,0.23,-0.0579,0.1678,0.23,0.3421,0.0971,0.3433,0.0036,0.0237,0.0451,0.5,0.95,20.0673,2.2358,7.542
643,3,1,trot,0.0,-0.4,0.25,True,1000,10.0,timeout,0.2305,-0.0567,0.168,0.2305,0.3433,0.0989,0.3441,0.0036,0.0225,0.0451,0.5,0.95,19.6526,2.2364,7.542
644,4,1,trot,0.0,-0.4,0.25,True,1000,10.0,timeout,0.2303,-0.0568,0.1679,0.2303,0.3432,0.0992,0.3442,0.0036,0.0226,0.045,0.5,0.95,19.5677,2.2346,7.542
645,0,1,trot,0.0,-0.4,0.5,True,1000,10.0,timeout,0.253,-0.0473,0.3804,0.253,0.3527,0.1229,0.3397,0.0036,0.0099,0.0501,0.5,0.95,21.7888,2.397,7.584
646,1,1,trot,0.0,-0.4,0.5,True,1000,10.0,timeout,0.251,-0.0446,0.3766,0.251,0.3554,0.1277,0.3415,0.0038,0.0124,0.0476,0.5,0.95,20.8221,2.7928,7.584
647,2,1,trot,0.0,-0.4,0.5,True,1000,10.0,timeout,0.249,-0.0433,0.3753,0.249,0.3567,0.1303,0.3429,0.0039,0.013,0.0452,0.5,0.95,20.1168,1.6533,7.584
648,3,1,trot,0.0,-0.4,0.5,True,1000,10.0,timeout,0.2488,-0.0427,0.3751,0.2488,0.3573,0.1317,0.3436,0.0039,0.0133,0.0445,0.5,0.95,19.7434,1.9255,7.584
649,4,1,trot,0.0,-0.4,0.5,True,1000,10.0,timeout,0.2488,-0.0428,0.3753,0.2488,0.3572,0.1318,0.3437,0.0039,0.0132,0.0445,0.5,0.95,19.6609,2.14,7.584
650,0,1,trot,0.0,-0.2,-0.5,True,1000,10.0,timeout,0.2256,-0.049,-0.4454,0.226,0.151,0.0771,0.3409,0.0062,0.029,0.0358,0.497,0.948,21.9516,1.419,7.561
651,1,1,trot,0.0,-0.2,-0.5,True,1000,10.0,timeout,0.2192,-0.0484,-0.446,0.2196,0.1516,0.0777,0.3429,0.0059,0.0308,0.0315,0.497,0.948,20.9582,0.9813,7.561
652,2,1,trot,0.0,-0.2,-0.5,True,1000,10.0,timeout,0.2159,-0.052,-0.4504,0.2164,0.148,0.0772,0.3444,0.0059,0.0291,0.0299,0.497,0.948,20.2431,1.8803,7.561
653,3,1,trot,0.0,-0.2,-0.5,True,1000,10.0,timeout,0.2165,-0.0523,-0.4517,0.217,0.1477,0.0793,0.3451,0.0059,0.0287,0.0299,0.497,0.948,19.859,2.0677,7.561
654,4,1,trot,0.0,-0.2,-0.5,True,1000,10.0,timeout,0.216,-0.0523,-0.4521,0.2165,0.1477,0.0798,0.3452,0.0059,0.0291,0.0296,0.497,0.948,19.7872,1.6582,7.561
655,0,1,trot,0.0,-0.2,-0.25,False,49,0.49,isaac_reset,0.2199,-0.0426,-0.2418,0.2199,0.1574,0.0614,0.3413,0.009,0.0125,0.0436,0.49,0.94,21.3801,1.4704,1.037
656,1,1,trot,0.0,-0.2,-0.25,False,49,0.49,isaac_reset,0.2157,-0.0421,-0.2406,0.2157,0.1579,0.0596,0.3434,0.0087,0.0135,0.0401,0.49,0.94,20.4695,0.9101,1.037
657,2,1,trot,0.0,-0.2,-0.25,False,49,0.49,isaac_reset,0.2145,-0.0454,-0.2472,0.2145,0.1546,0.0641,0.3446,0.0086,0.0131,0.0386,0.49,0.94,19.8199,1.1512,1.037
658,3,1,trot,0.0,-0.2,-0.25,False,49,0.49,isaac_reset,0.2154,-0.0454,-0.2482,0.2154,0.1546,0.0657,0.3454,0.0085,0.0131,0.0389,0.49,0.94,19.459,0.7463,1.037
659,4,1,trot,0.0,-0.2,-0.25,False,49,0.49,isaac_reset,0.2152,-0.0456,-0.2486,0.2152,0.1544,0.0662,0.3456,0.0084,0.0129,0.0387,0.49,0.925,19.3889,0.7253,1.037
660,0,1,trot,0.0,-0.2,0.0,True,1000,10.0,timeout,0.2281,-0.0531,-0.0453,0.2281,0.1469,0.0806,0.3412,0.0035,0.0349,0.0531,0.5,0.95,21.6015,2.5519,7.538
661,1,1,trot,0.0,-0.2,0.0,True,1000,10.0,timeout,0.2261,-0.049,-0.0418,0.2261,0.151,0.0796,0.343,0.0035,0.0282,0.0495,0.5,0.95,20.5893,2.5223,7.538
662,2,1,trot,0.0,-0.2,0.0,True,1000,10.0,timeout,0.2226,-0.0471,-0.0413,0.2226,0.1529,0.0776,0.3443,0.0035,0.0251,0.0463,0.5,0.95,19.8682,2.4805,7.538
663,3,1,trot,0.0,-0.2,0.0,True,1000,10.0,timeout,0.2223,-0.0463,-0.0407,0.2223,0.1537,0.0789,0.3451,0.0035,0.0247,0.0458,0.5,0.95,19.4683,2.4745,7.538
664,4,1,trot,0.0,-0.2,0.0,True,1000,10.0,timeout,0.2223,-0.0464,-0.0407,0.2223,0.1536,0.0793,0.3452,0.0035,0.0244,0.0458,0.5,0.95,19.3845,2.4732,7.538
665,0,1,trot,0.0,-0.2,0.25,True,1000,10.0,timeout,0.2383,-0.0436,0.1555,0.2383,0.1564,0.1029,0.3409,0.0036,0.03,0.0528,0.5,0.95,21.6752,1.8931,7.586
666,1,1,trot,0.0,-0.2,0.25,True,1000,10.0,timeout,0.2367,-0.0405,0.1541,0.2367,0.1595,0.109,0.3429,0.0036,0.0243,0.0495,0.5,0.95,20.6334,2.4619,7.586
667,2,1,trot,0.0,-0.2,0.25,True,1000,10.0,timeout,0.2344,-0.0368,0.1521,0.2344,0.1632,0.1131,0.3441,0.0036,0.0181,0.0464,0.5,0.95,19.9087,2.6531,7.586
668,3,1,trot,0.0,-0.2,0.25,True,1000,10.0,timeout,0.2352,-0.0357,0.1523,0.2352,0.1643,0.115,0.3448,0.0037,0.0178,0.0467,0.5,0.95,19.4984,2.5754,7.586
669,4,1,trot,0.0,-0.2,0.25,True,1000,10.0,timeout,0.235,-0.0358,0.1523,0.235,0.1642,0.1153,0.345,0.0037,0.0177,0.0466,0.5,0.95,19.4166,3.1095,7.586
670,0,1,trot,0.0,-0.2,0.5,True,1000,10.0,timeout,0.2522,-0.0265,0.3577,0.2526,0.1735,0.1431,0.3408,0.0067,0.0215,0.0513,0.4968,0.9478,21.8587,1.9733,7.581
671,1,1,trot,0.0,-0.2,0.5,True,1000,10.0,timeout,0.2494,-0.0249,0.3565,0.2499,0.1751,0.1453,0.3426,0.0065,0.0214,0.0481,0.4968,0.9478,20.9267,2.1682,7.581
672,2,1,trot,0.0,-0.2,0.5,True,1000,10.0,timeout,0.2481,-0.0244,0.356,0.2486,0.1756,0.1467,0.3439,0.0064,0.0212,0.0462,0.4968,0.9478,20.2405,2.0256,7.581
673,3,1,trot,0.0,-0.2,0.5,True,1000,10.0,timeout,0.2477,-0.0242,0.3557,0.2483,0.1758,0.1479,0.3446,0.0064,0.021,0.0459,0.4968,0.9478,19.858,2.0493,7.581
674,4,1,trot,0.0,-0.2,0.5,True,1000,10.0,timeout,0.248,-0.0241,0.3545,0.2485,0.1759,0.1489,0.3447,0.0064,0.0208,0.0455,0.4968,0.9478,19.7791,2.4918,7.581
675,0,1,trot,0.0,0.0,-0.5,False,49,0.49,isaac_reset,0.2195,-0.0243,-0.4481,0.2195,0.0243,0.0776,0.3418,0.0089,0.0236,0.0363,0.49,0.93,21.6968,1.6864,1.011
676,1,1,trot,0.0,0.0,-0.5,False,49,0.49,isaac_reset,0.2159,-0.0247,-0.4501,0.2159,0.0247,0.0753,0.3438,0.0086,0.0253,0.0332,0.49,0.93,20.7624,1.5601,1.011
677,2,1,trot,0.0,0.0,-0.5,False,49,0.49,isaac_reset,0.2133,-0.0275,-0.454,0.2133,0.0275,0.0768,0.3452,0.0085,0.0245,0.0309,0.49,0.94,20.1,1.4858,1.011
678,3,1,trot,0.0,0.0,-0.5,False,49,0.49,isaac_reset,0.2138,-0.0276,-0.4552,0.2138,0.0276,0.0783,0.346,0.0084,0.0246,0.0307,0.49,0.92,19.7518,2.1678,1.011
679,4,1,trot,0.0,0.0,-0.5,False,49,0.49,isaac_reset,0.2138,-0.0278,-0.4557,0.2138,0.0278,0.0787,0.3461,0.0083,0.0246,0.0307,0.49,0.94,19.6786,1.4485,1.011
680,0,1,trot,0.0,0.0,-0.25,True,1000,10.0,timeout,0.2192,-0.0197,-0.2088,0.2192,0.0197,0.0655,0.3412,0.0031,0.0197,0.0403,0.5,0.95,21.7732,1.9519,7.578
681,1,1,trot,0.0,0.0,-0.25,True,1000,10.0,timeout,0.2177,-0.0183,-0.2104,0.2177,0.0183,0.0657,0.3431,0.0031,0.0209,0.0381,0.5,0.95,20.7878,1.9224,7.578
682,2,1,trot,0.0,0.0,-0.25,True,1000,10.0,timeout,0.2141,-0.0194,-0.2132,0.2141,0.0194,0.0669,0.3445,0.0032,0.0204,0.0355,0.5,0.95,20.1116,1.8855,7.578
683,3,1,trot,0.0,0.0,-0.25,True,1000,10.0,timeout,0.2138,-0.0189,-0.2137,0.2138,0.0189,0.0689,0.3452,0.0032,0.0216,0.0349,0.5,0.95,19.7441,1.8567,7.578
684,4,1,trot,0.0,0.0,-0.25,True,1000,10.0,timeout,0.214,-0.0194,-0.2149,0.214,0.0194,0.0694,0.3454,0.0032,0.0204,0.0352,0.5,0.95,19.6586,1.8743,7.578
685,0,1,trot,0.0,0.0,0.0,True,1000,10.0,timeout,0.2288,-0.026,-0.0377,0.2288,0.026,0.0728,0.3418,0.0037,0.0255,0.0536,0.5,0.95,21.4479,1.6585,7.577
686,1,1,trot,0.0,0.0,0.0,True,1000,10.0,timeout,0.2257,-0.0225,-0.0314,0.2257,0.0225,0.0708,0.3436,0.0037,0.0184,0.0501,0.5,0.95,20.4495,2.4841,7.577
687,2,1,trot,0.0,0.0,0.0,True,1000,10.0,timeout,0.2221,-0.0211,-0.0306,0.2221,0.0211,0.0699,0.3448,0.0036,0.0142,0.0466,0.5,0.95,19.7729,2.5445,7.577
688,3,1,trot,0.0,0.0,0.0,True,1000,10.0,timeout,0.2217,-0.02,-0.0289,0.2217,0.02,0.0707,0.3455,0.0036,0.0114,0.0464,0.5,0.95,19.3714,2.1385,7.577
689,4,1,trot,0.0,0.0,0.0,True,1000,10.0,timeout,0.2214,-0.0199,-0.0289,0.2214,0.0199,0.0708,0.3457,0.0036,0.011,0.046,0.5,0.95,19.2991,1.8891,7.577
690,0,1,trot,0.0,0.0,0.25,True,1000,10.0,timeout,0.2412,-0.0188,0.1298,0.2417,0.0189,0.1253,0.3421,0.0065,0.0079,0.0523,0.4968,0.9478,21.6109,2.3932,7.601
691,1,1,trot,0.0,0.0,0.25,True,1000,10.0,timeout,0.2372,-0.0163,0.1294,0.2377,0.0164,0.1281,0.3439,0.0063,0.0088,0.0492,0.4968,0.9478,20.6016,1.6389,7.601
692,2,1,trot,0.0,0.0,0.25,True,1000,10.0,timeout,0.2341,-0.0142,0.1292,0.2345,0.0143,0.1291,0.3451,0.0062,0.0122,0.0457,0.4968,0.9478,19.9523,2.4439,7.601
693,3,1,trot,0.0,0.0,0.25,True,1000,10.0,timeout,0.2333,-0.0133,0.1297,0.2339,0.0134,0.1299,0.3458,0.0061,0.0132,0.0455,0.4968,0.9478,19.565,1.9992,7.601
694,4,1,trot,0.0,0.0,0.25,True,1000,10.0,timeout,0.2338,-0.0143,0.1302,0.2343,0.0144,0.13,0.346,0.0061,0.012,0.046,0.4968,0.9478,19.4789,1.7092,7.601
695,0,1,trot,0.0,0.0,0.5,False,49,0.49,isaac_reset,0.2484,0.0035,0.3363,0.2484,0.0057,0.1637,0.3416,0.0091,0.0186,0.0508,0.49,0.92,21.4891,2.4699,1.033
696,1,1,trot,0.0,0.0,0.5,False,49,0.49,isaac_reset,0.246,0.0034,0.3342,0.246,0.0045,0.166,0.3432,0.0089,0.0191,0.0473,0.49,0.925,20.7144,2.084,1.033
697,2,1,trot,0.0,0.0,0.5,False,49,0.49,isaac_reset,0.2434,0.0028,0.3338,0.2434,0.0031,0.1669,0.3446,0.0088,0.0201,0.045,0.49,0.925,20.1158,2.7321,1.033
698,3,1,trot,0.0,0.0,0.5,False,49,0.49,isaac_reset,0.2446,0.003,0.3339,0.2446,0.0033,0.1676,0.3452,0.0087,0.0198,0.0452,0.49,0.93,19.7694,2.0754,1.033
699,4,1,trot,0.0,0.0,0.5,False,49,0.49,isaac_reset,0.2445,0.0028,0.3335,0.2445,0.0031,0.1681,0.3453,0.0087,0.0195,0.045,0.49,0.94,19.7009,2.0866,1.033
700,0,1,trot,0.0,0.2,-0.5,True,1000,10.0,timeout,0.2156,-0.0018,-0.4448,0.2156,0.2018,0.0735,0.3415,0.003,0.0157,0.0386,0.5,0.95,21.803,0.6444,7.567
701,1,1,trot,0.0,0.2,-0.5,True,1000,10.0,timeout,0.2123,-0.0017,-0.444,0.2123,0.2017,0.0747,0.3434,0.0031,0.017,0.0352,0.5,0.95,20.8148,0.645,7.567
702,2,1,trot,0.0,0.2,-0.5,True,1000,10.0,timeout,0.2092,-0.0034,-0.4449,0.2092,0.2034,0.0757,0.3448,0.0031,0.0177,0.0321,0.5,0.95,20.1474,0.6239,7.567
703,3,1,trot,0.0,0.2,-0.5,True,1000,10.0,timeout,0.2096,-0.0031,-0.4459,0.2096,0.2031,0.0776,0.3456,0.0031,0.018,0.032,0.5,0.95,19.7659,0.6214,7.567
704,4,1,trot,0.0,0.2,-0.5,True,1000,10.0,timeout,0.2095,-0.0034,-0.4462,0.2095,0.2034,0.078,0.3457,0.0031,0.018,0.0319,0.5,0.95,19.6924,0.6214,7.567
705,0,1,trot,0.0,0.2,-0.25,True,1000,10.0,timeout,0.2169,0.0046,-0.2057,0.2169,0.1954,0.0672,0.3419,0.0032,0.0193,0.0409,0.5,0.95,21.6945,1.7398,7.584
706,1,1,trot,0.0,0.2,-0.25,True,1000,10.0,timeout,0.2148,0.0066,-0.2073,0.2148,0.1934,0.0671,0.3438,0.0033,0.0231,0.0382,0.5,0.95,20.726,1.7914,7.584
707,2,1,trot,0.0,0.2,-0.25,True,1000,10.0,timeout,0.2111,0.0062,-0.2107,0.2111,0.1938,0.0672,0.3451,0.0033,0.0265,0.0346,0.5,0.95,20.1033,1.261,7.584
708,3,1,trot,0.0,0.2,-0.25,True,1000,10.0,timeout,0.211,0.0062,-0.212,0.211,0.1938,0.0684,0.3458,0.0033,0.028,0.0341,0.5,0.95,19.7432,1.8722,7.584
709,4,1,trot,0.0,0.2,-0.25,True,1000,10.0,timeout,0.2109,0.0059,-0.2125,0.2109,0.1941,0.0688,0.346,0.0033,0.0278,0.034,0.5,0.95,19.667,1.1799,7.584
710,0,1,trot,0.0,0.2,0.0,True,1000,10.0,timeout,0.2269,0.0092,-0.0232,0.2273,0.1908,0.0646,0.3425,0.0062,0.0474,0.0441,0.4968,0.9478,21.7165,1.6191,7.597
711,1,1,trot,0.0,0.2,0.0,True,1000,10.0,timeout,0.2213,0.0085,-0.023,0.2218,0.1915,0.0666,0.3443,0.0061,0.0453,0.0421,0.4968,0.9478,20.728,1.2287,7.597
712,2,1,trot,0.0,0.2,0.0,True,1000,10.0,timeout,0.2162,0.0071,-0.0242,0.2167,0.1929,0.0673,0.3456,0.006,0.0425,0.0398,0.4968,0.9478,20.0304,1.903,7.597
713,3,1,trot,0.0,0.2,0.0,True,1000,10.0,timeout,0.2175,0.0103,-0.0222,0.2179,0.1897,0.0692,0.3461,0.0059,0.0482,0.0384,0.497,0.948,19.6718,2.0056,7.597
714,4,1,trot,0.0,0.2,0.0,True,1000,10.0,timeout,0.216,0.007,-0.0231,0.2165,0.193,0.0692,0.3464,0.0059,0.0417,0.0399,0.4968,0.9478,19.5641,1.058,7.597
715,0,1,trot,0.0,0.2,0.25,False,49,0.49,isaac_reset,0.2359,0.0247,0.16,0.2359,0.1753,0.1021,0.3425,0.0089,0.0566,0.0455,0.49,0.92,21.528,3.1919,1.044
716,1,1,trot,0.0,0.2,0.25,False,49,0.49,isaac_reset,0.2317,0.022,0.1527,0.2317,0.178,0.1092,0.3443,0.0087,0.0516,0.0435,0.49,0.925,20.5768,1.8235,1.044
717,2,1,trot,0.0,0.2,0.25,False,49,0.49,isaac_reset,0.2279,0.0194,0.1457,0.2279,0.1806,0.1163,0.3456,0.0085,0.0477,0.0408,0.49,0.93,19.9574,2.3488,1.044
718,3,1,trot,0.0,0.2,0.25,False,49,0.49,isaac_reset,0.2298,0.0192,0.1458,0.2298,0.1808,0.1193,0.3463,0.0085,0.0463,0.0417,0.49,0.94,19.5851,2.2767,1.044
719,4,1,trot,0.0,0.2,0.25,False,49,0.49,isaac_reset,0.2298,0.0189,0.145,0.2298,0.1811,0.1202,0.3464,0.0085,0.0456,0.0416,0.49,0.94,19.5161,1.7425,1.044
720,0,1,trot,0.0,0.2,0.5,True,1000,10.0,timeout,0.2546,0.0246,0.3553,0.2546,0.1754,0.1452,0.3412,0.0035,0.0193,0.0526,0.5,0.95,21.5807,1.2884,7.608
721,1,1,trot,0.0,0.2,0.5,True,1000,10.0,timeout,0.2511,0.0252,0.359,0.2511,0.1748,0.1431,0.3431,0.0036,0.0202,0.049,0.5,0.95,20.6673,1.2409,7.608
722,2,1,trot,0.0,0.2,0.5,True,1000,10.0,timeout,0.2484,0.026,0.3604,0.2484,0.174,0.1432,0.3442,0.0037,0.0217,0.0459,0.5,0.95,20.0217,1.2198,7.608
723,3,1,trot,0.0,0.2,0.5,True,1000,10.0,timeout,0.2488,0.026,0.3611,0.2488,0.174,0.1442,0.3449,0.0037,0.0208,0.0459,0.5,0.95,19.6371,1.2182,7.608
724,4,1,trot,0.0,0.2,0.5,True,1000,10.0,timeout,0.249,0.0256,0.3609,0.249,0.1744,0.1444,0.3451,0.0037,0.0205,0.0459,0.5,0.95,19.5485,1.2232,7.608
725,0,1,trot,0.0,0.4,-0.5,True,1000,10.0,timeout,0.2131,0.022,-0.45,0.2131,0.378,0.0717,0.3422,0.0034,0.0089,0.0417,0.5008,0.9508,21.72,2.508,7.604
726,1,1,trot,0.0,0.4,-0.5,True,1000,10.0,timeout,0.2111,0.0217,-0.4466,0.2111,0.3783,0.0739,0.3438,0.0034,0.0102,0.038,0.504,0.954,20.7971,2.2857,7.604
727,2,1,trot,0.0,0.4,-0.5,True,1000,10.0,timeout,0.2088,0.0202,-0.4466,0.2088,0.3798,0.0759,0.3451,0.0034,0.0119,0.0346,0.5045,0.9545,20.1472,1.8457,7.604
728,3,1,trot,0.0,0.4,-0.5,True,1000,10.0,timeout,0.2094,0.0204,-0.4469,0.2094,0.3796,0.0778,0.3458,0.0034,0.0126,0.0343,0.505,0.955,19.7796,1.479,7.604
729,4,1,trot,0.0,0.4,-0.5,True,1000,10.0,timeout,0.2094,0.0201,-0.447,0.2094,0.3799,0.0781,0.3459,0.0034,0.0126,0.0343,0.505,0.955,19.6971,1.1599,7.604
730,0,1,trot,0.0,0.4,-0.25,True,1000,10.0,timeout,0.2145,0.0309,-0.2298,0.215,0.3691,0.0701,0.3431,0.0062,0.0454,0.0362,0.4963,0.9473,21.9349,1.0835,7.633
731,1,1,trot,0.0,0.4,-0.25,True,1000,10.0,timeout,0.2092,0.0295,-0.2263,0.2097,0.3705,0.0691,0.3449,0.006,0.0423,0.0346,0.497,0.948,20.9378,1.4442,7.633
732,2,1,trot,0.0,0.4,-0.25,True,1000,10.0,timeout,0.2054,0.0269,-0.2246,0.2059,0.3731,0.0692,0.3462,0.0059,0.0391,0.032,0.497,0.948,20.2428,1.4366,7.633
733,3,1,trot,0.0,0.4,-0.25,True,1000,10.0,timeout,0.2056,0.0262,-0.2235,0.2061,0.3738,0.0717,0.3469,0.0059,0.0384,0.0324,0.497,0.948,19.8584,1.431,7.633
734,4,1,trot,0.0,0.4,-0.25,True,1000,10.0,timeout,0.2054,0.026,-0.2232,0.2059,0.374,0.0718,0.347,0.0059,0.0383,0.0322,0.497,0.948,19.7899,1.9478,7.633
735,0,1,trot,0.0,0.4,0.0,False,49,0.49,isaac_reset,0.2331,0.05,-0.0308,0.2331,0.35,0.0819,0.343,0.0088,0.0866,0.0353,0.49,0.94,22.1466,1.9477,1.041
736,1,1,trot,0.0,0.4,0.0,False,49,0.49,isaac_reset,0.2288,0.0453,-0.0342,0.2288,0.3547,0.0829,0.3446,0.0086,0.0815,0.0336,0.49,0.93,21.2083,1.1227,1.041
737,2,1,trot,0.0,0.4,0.0,False,49,0.49,isaac_reset,0.2252,0.0422,-0.0368,0.2252,0.3578,0.0821,0.3458,0.0084,0.0766,0.0321,0.49,0.94,20.4985,0.8328,1.041
738,3,1,trot,0.0,0.4,0.0,False,49,0.49,isaac_reset,0.2253,0.0417,-0.0367,0.2253,0.3583,0.0836,0.3464,0.0084,0.0754,0.0327,0.49,0.92,20.136,1.999,1.041
739,4,1,trot,0.0,0.4,0.0,False,49,0.49,isaac_reset,0.225,0.0413,-0.0367,0.225,0.3587,0.0836,0.3466,0.0084,0.0749,0.0325,0.49,0.94,20.0591,2.1173,1.041
740,0,1,trot,0.0,0.4,0.25,True,1000,10.0,timeout,0.2432,0.0503,0.1949,0.2432,0.3497,0.0839,0.3417,0.0032,0.0734,0.0482,0.5,0.95,21.8181,2.1427,7.604
741,1,1,trot,0.0,0.4,0.25,True,1000,10.0,timeout,0.2389,0.0479,0.1928,0.2389,0.3521,0.0862,0.3434,0.0032,0.0704,0.0458,0.5,0.95,20.8267,2.1215,7.604
742,2,1,trot,0.0,0.4,0.25,True,1000,10.0,timeout,0.2349,0.0451,0.1867,0.2349,0.3549,0.0893,0.3447,0.0033,0.0662,0.043,0.5,0.95,20.1271,2.1191,7.604
743,3,1,trot,0.0,0.4,0.25,True,1000,10.0,timeout,0.2349,0.0449,0.1875,0.2349,0.3551,0.0902,0.3453,0.0033,0.0661,0.0432,0.5,0.95,19.7369,2.1469,7.604
744,4,1,trot,0.0,0.4,0.25,True,1000,10.0,timeout,0.2349,0.044,0.1847,0.2349,0.356,0.0919,0.3455,0.0033,0.0635,0.0433,0.5,0.95,19.6405,2.1304,7.604
745,0,1,trot,0.0,0.4,0.5,True,1000,10.0,timeout,0.2568,0.0483,0.3671,0.2568,0.3517,0.1339,0.3418,0.0037,0.0258,0.0536,0.5,0.95,21.448,2.2996,7.65
746,1,1,trot,0.0,0.4,0.5,True,1000,10.0,timeout,0.252,0.0488,0.3708,0.252,0.3512,0.1326,0.3435,0.0037,0.0251,0.0498,0.5,0.95,20.5367,1.8791,7.65
747,2,1,trot,0.0,0.4,0.5,True,1000,10.0,timeout,0.2486,0.0492,0.3724,0.2486,0.3508,0.1329,0.3447,0.0038,0.0258,0.0471,0.5,0.95,19.8735,1.749,7.65
748,3,1,trot,0.0,0.4,0.5,True,1000,10.0,timeout,0.2487,0.0495,0.3739,0.2487,0.3505,0.1337,0.3453,0.0038,0.0249,0.0473,0.5,0.95,19.4964,1.8734,7.65
749,4,1,trot,0.0,0.4,0.5,True,1000,10.0,timeout,0.2487,0.0494,0.374,0.2487,0.3506,0.1338,0.3455,0.0038,0.0248,0.0472,0.5,0.95,19.4207,1.6896,7.65
750,0,1,trot,0.3,-0.4,-0.5,True,1000,10.0,timeout,0.3541,-0.0576,-0.4537,0.0617,0.3424,0.0763,0.3389,0.0065,0.0363,0.0298,0.497,0.948,22.4239,1.5192,7.652
751,1,1,trot,0.3,-0.4,-0.5,True,1000,10.0,timeout,0.3494,-0.0564,-0.4559,0.0557,0.3436,0.0774,0.341,0.0064,0.0367,0.027,0.498,0.949,21.4295,1.7161,7.652
752,2,1,trot,0.3,-0.4,-0.5,True,1000,10.0,timeout,0.347,-0.0596,-0.4591,0.0548,0.3404,0.0782,0.3425,0.0063,0.035,0.0255,0.4973,0.9483,20.7446,1.9169,7.652
753,3,1,trot,0.3,-0.4,-0.5,True,1000,10.0,timeout,0.3461,-0.0578,-0.4593,0.0523,0.3422,0.0815,0.3432,0.0062,0.0366,0.0245,0.497,0.948,20.3692,1.7468,7.652
754,4,1,trot,0.3,-0.4,-0.5,True,1000,10.0,timeout,0.3457,-0.058,-0.4597,0.052,0.342,0.0819,0.3434,0.0062,0.0366,0.0243,0.497,0.948,20.2946,1.8757,7.652
755,0,1,trot,0.3,-0.4,-0.25,False,49,0.49,isaac_reset,0.3563,-0.0538,-0.2595,0.0683,0.3462,0.074,0.339,0.0093,0.0131,0.0372,0.49,0.94,21.9029,1.4075,1.029
756,1,1,trot,0.3,-0.4,-0.25,False,49,0.49,isaac_reset,0.3506,-0.054,-0.2594,0.0626,0.346,0.0745,0.3411,0.0091,0.0137,0.0353,0.49,0.93,20.9915,1.0064,1.029
757,2,1,trot,0.3,-0.4,-0.25,False,49,0.49,isaac_reset,0.347,-0.0563,-0.2631,0.059,0.3437,0.074,0.3425,0.0089,0.0126,0.0331,0.49,0.92,20.3937,1.252,1.029
758,3,1,trot,0.3,-0.4,-0.25,False,49,0.49,isaac_reset,0.348,-0.057,-0.2631,0.06,0.343,0.0751,0.3432,0.0089,0.0121,0.0334,0.49,0.94,20.0697,0.663,1.029
759,4,1,trot,0.3,-0.4,-0.25,False,49,0.49,isaac_reset,0.3479,-0.0569,-0.2633,0.0599,0.3431,0.0753,0.3433,0.0088,0.0118,0.0332,0.49,0.94,19.9992,1.0243,1.029
760,0,1,trot,0.3,-0.4,0.0,True,1000,10.0,timeout,0.37,-0.0615,-0.0385,0.07,0.3385,0.0785,0.3384,0.0035,0.0203,0.0434,0.5,0.95,22.2409,4.0683,7.652
761,1,1,trot,0.3,-0.4,0.0,True,1000,10.0,timeout,0.3683,-0.0581,-0.0327,0.0683,0.3419,0.0805,0.3402,0.0036,0.015,0.0417,0.5,0.95,21.2155,4.0451,7.652
762,2,1,trot,0.3,-0.4,0.0,True,1000,10.0,timeout,0.3625,-0.0553,-0.0302,0.0625,0.3447,0.0784,0.3415,0.0037,0.0103,0.0385,0.5,0.95,20.5228,3.9923,7.652
763,3,1,trot,0.3,-0.4,0.0,True,1000,10.0,timeout,0.3619,-0.0545,-0.0292,0.0619,0.3455,0.0784,0.3423,0.0037,0.0087,0.0378,0.5,0.95,20.1226,3.9774,7.652
764,4,1,trot,0.3,-0.4,0.0,True,1000,10.0,timeout,0.3621,-0.0549,-0.0291,0.0621,0.3451,0.0786,0.3425,0.0038,0.0086,0.0378,0.5,0.95,20.0389,3.98,7.652
765,0,1,trot,0.3,-0.4,0.25,True,1000,10.0,timeout,0.3816,-0.0547,0.1771,0.0816,0.3453,0.0856,0.3382,0.0037,0.0158,0.0443,0.5,0.95,22.2265,3.6868,7.659
766,1,1,trot,0.3,-0.4,0.25,True,1000,10.0,timeout,0.3777,-0.0501,0.1758,0.0777,0.3499,0.0895,0.3401,0.0038,0.009,0.042,0.5,0.95,21.2333,4.7364,7.659
767,2,1,trot,0.3,-0.4,0.25,True,1000,10.0,timeout,0.3769,-0.0484,0.1747,0.0769,0.3516,0.0932,0.3414,0.0039,0.0051,0.0404,0.5,0.95,20.5044,4.3246,7.659
768,3,1,trot,0.3,-0.4,0.25,True,1000,10.0,timeout,0.377,-0.0473,0.175,0.077,0.3527,0.0947,0.342,0.004,0.0031,0.0398,0.5,0.95,20.1363,3.9389,7.659
769,4,1,trot,0.3,-0.4,0.25,True,1000,10.0,timeout,0.3772,-0.048,0.175,0.0772,0.352,0.0949,0.3422,0.004,0.0035,0.0401,0.5,0.95,20.0361,3.6829,7.659
770,0,1,trot,0.3,-0.4,0.5,True,1000,10.0,timeout,0.3981,-0.049,0.3904,0.1057,0.351,0.1128,0.3381,0.0072,0.0223,0.0463,0.4968,0.9478,22.3991,3.0597,7.665
771,1,1,trot,0.3,-0.4,0.5,True,1000,10.0,timeout,0.3936,-0.0473,0.3891,0.1017,0.3527,0.1161,0.34,0.007,0.0234,0.0441,0.4968,0.9478,21.4311,3.3827,7.665
772,2,1,trot,0.3,-0.4,0.5,True,1000,10.0,timeout,0.3917,-0.0462,0.3851,0.0998,0.3538,0.1206,0.3414,0.007,0.0245,0.0421,0.4968,0.9478,20.7264,3.5783,7.665
773,3,1,trot,0.3,-0.4,0.5,True,1000,10.0,timeout,0.3912,-0.0457,0.3823,0.0995,0.3543,0.1238,0.3421,0.0069,0.0253,0.0413,0.4968,0.9478,20.3447,2.6496,7.665
774,4,1,trot,0.3,-0.4,0.5,True,1000,10.0,timeout,0.3918,-0.0459,0.3826,0.0998,0.3541,0.1238,0.3422,0.007,0.0255,0.0415,0.4968,0.9478,20.2708,2.4327,7.665
775,0,1,trot,0.3,-0.2,-0.5,False,49,0.49,isaac_reset,0.3491,-0.0302,-0.455,0.0611,0.1698,0.0787,0.3401,0.0091,0.0358,0.0299,0.49,0.94,22.0892,1.31,1.017
776,1,1,trot,0.3,-0.2,-0.5,False,49,0.49,isaac_reset,0.3453,-0.0303,-0.4587,0.0573,0.1697,0.0792,0.3422,0.0089,0.0366,0.0278,0.49,0.93,21.2375,1.446,1.017
777,2,1,trot,0.3,-0.2,-0.5,False,49,0.49,isaac_reset,0.3417,-0.0323,-0.4616,0.0537,0.1677,0.0804,0.3436,0.0088,0.0368,0.0256,0.49,0.92,20.624,1.6621,1.017
778,3,1,trot,0.3,-0.2,-0.5,False,49,0.49,isaac_reset,0.3424,-0.0331,-0.4628,0.0544,0.1669,0.0825,0.3443,0.0087,0.0365,0.0256,0.49,0.93,20.2896,1.5241,1.017
779,4,1,trot,0.3,-0.2,-0.5,False,49,0.49,isaac_reset,0.3421,-0.0333,-0.4635,0.0541,0.1667,0.0831,0.3445,0.0086,0.0365,0.0256,0.49,0.94,20.2225,1.3566,1.017
780,0,1,trot,0.3,-0.2,-0.25,True,1000,10.0,timeout,0.355,-0.031,-0.2216,0.055,0.169,0.0661,0.3387,0.0033,0.0246,0.0349,0.5,0.95,22.2877,3.0479,7.667
781,1,1,trot,0.3,-0.2,-0.25,True,1000,10.0,timeout,0.3531,-0.0308,-0.2215,0.0531,0.1692,0.0695,0.3406,0.0035,0.025,0.0327,0.5,0.95,21.3445,3.0234,7.667
782,2,1,trot,0.3,-0.2,-0.25,True,1000,10.0,timeout,0.3494,-0.0318,-0.2235,0.0494,0.1682,0.0722,0.342,0.0036,0.0254,0.0304,0.5,0.95,20.6759,2.9585,7.667
783,3,1,trot,0.3,-0.2,-0.25,True,1000,10.0,timeout,0.3501,-0.0321,-0.2241,0.0501,0.1679,0.0753,0.3428,0.0036,0.0237,0.0307,0.5,0.95,20.2918,2.9752,7.667
784,4,1,trot,0.3,-0.2,-0.25,True,1000,10.0,timeout,0.3504,-0.0326,-0.2247,0.0504,0.1674,0.0757,0.3429,0.0036,0.023,0.0307,0.5,0.95,20.1985,2.9783,7.667
785,0,1,trot,0.3,-0.2,0.0,True,1000,10.0,timeout,0.3709,-0.0377,-0.0371,0.0709,0.1623,0.0751,0.3389,0.0036,0.0203,0.0462,0.5,0.95,22.0835,3.5731,7.675
786,1,1,trot,0.3,-0.2,0.0,True,1000,10.0,timeout,0.367,-0.0342,-0.0313,0.067,0.1658,0.0755,0.3408,0.0037,0.0147,0.0435,0.5,0.95,21.0724,3.8425,7.675
787,2,1,trot,0.3,-0.2,0.0,True,1000,10.0,timeout,0.3619,-0.0318,-0.0264,0.0619,0.1682,0.073,0.3422,0.0037,0.0087,0.04,0.5,0.95,20.39,3.2261,7.675
788,3,1,trot,0.3,-0.2,0.0,True,1000,10.0,timeout,0.3614,-0.0313,-0.0253,0.0614,0.1687,0.0746,0.3429,0.0037,0.0079,0.0399,0.5,0.95,19.9932,3.9805,7.675
789,4,1,trot,0.3,-0.2,0.0,True,1000,10.0,timeout,0.3612,-0.0309,-0.025,0.0612,0.1691,0.0741,0.343,0.0037,0.0073,0.0395,0.5,0.95,19.9228,4.3615,7.675
790,0,1,trot,0.3,-0.2,0.25,True,1000,10.0,timeout,0.3776,-0.0338,0.1566,0.0862,0.1662,0.1027,0.3396,0.0067,0.008,0.0463,0.4968,0.9478,22.2202,3.2551,7.658
791,1,1,trot,0.3,-0.2,0.25,True,1000,10.0,timeout,0.3739,-0.0306,0.1559,0.0824,0.1694,0.1064,0.3413,0.0066,0.0061,0.0437,0.4968,0.9478,21.2528,4.0257,7.658
792,2,1,trot,0.3,-0.2,0.25,True,1000,10.0,timeout,0.3723,-0.0293,0.1549,0.0811,0.1707,0.1087,0.3426,0.0065,0.008,0.0417,0.4968,0.9478,20.5512,3.251,7.658
793,3,1,trot,0.3,-0.2,0.25,True,1000,10.0,timeout,0.3719,-0.0283,0.1557,0.0807,0.1717,0.1095,0.3432,0.0065,0.0099,0.041,0.4968,0.9478,20.1983,3.4902,7.658
794,4,1,trot,0.3,-0.2,0.25,True,1000,10.0,timeout,0.3725,-0.0289,0.1562,0.0813,0.1711,0.1094,0.3433,0.0065,0.0094,0.0412,0.4968,0.9478,20.1134,2.4785,7.658
795,0,1,trot,0.3,-0.2,0.5,False,49,0.49,isaac_reset,0.4026,-0.017,0.3548,0.1146,0.183,0.1453,0.3387,0.0096,0.0279,0.0456,0.49,0.94,22.1184,3.6252,1.042
796,1,1,trot,0.3,-0.2,0.5,False,49,0.49,isaac_reset,0.3937,-0.0158,0.3566,0.1057,0.1842,0.1444,0.3403,0.0094,0.0303,0.0432,0.49,0.925,21.293,4.0075,1.042
797,2,1,trot,0.3,-0.2,0.5,False,49,0.49,isaac_reset,0.3909,-0.0155,0.3563,0.1029,0.1845,0.1448,0.3417,0.0093,0.0299,0.0413,0.49,0.925,20.6641,3.4588,1.042
798,3,1,trot,0.3,-0.2,0.5,False,49,0.49,isaac_reset,0.3906,-0.0155,0.3554,0.1026,0.1845,0.1462,0.3424,0.0092,0.03,0.0407,0.49,0.93,20.3254,3.6114,1.042
799,4,1,trot,0.3,-0.2,0.5,False,49,0.49,isaac_reset,0.3918,-0.0164,0.3552,0.1038,0.1836,0.1461,0.3425,0.0092,0.0299,0.0408,0.49,0.94,20.225,3.0347,1.042
800,0,1,trot,0.3,0.0,-0.5,True,1000,10.0,timeout,0.3494,-0.0099,-0.4505,0.0494,0.0103,0.0724,0.3391,0.0031,0.0296,0.0313,0.5,0.95,22.352,1.004,7.666
801,1,1,trot,0.3,0.0,-0.5,True,1000,10.0,timeout,0.3455,-0.0098,-0.451,0.0455,0.0104,0.0727,0.3412,0.0032,0.0312,0.0287,0.5,0.95,21.4036,0.9781,7.666
802,2,1,trot,0.3,0.0,-0.5,True,1000,10.0,timeout,0.3412,-0.0116,-0.4526,0.0412,0.0122,0.0735,0.3426,0.0032,0.0324,0.0261,0.5,0.95,20.7403,0.955,7.666
803,3,1,trot,0.3,0.0,-0.5,True,1000,10.0,timeout,0.3411,-0.0117,-0.4528,0.0411,0.0124,0.0765,0.3434,0.0032,0.0326,0.026,0.5,0.95,20.3726,0.954,7.666
804,4,1,trot,0.3,0.0,-0.5,True,1000,10.0,timeout,0.3411,-0.0119,-0.4533,0.0411,0.0126,0.0767,0.3436,0.0032,0.0327,0.0258,0.5,0.95,20.3005,0.9485,7.666
805,0,1,trot,0.3,0.0,-0.25,True,1000,10.0,timeout,0.354,-0.0039,-0.2125,0.054,0.0076,0.0653,0.3392,0.0033,0.0318,0.0345,0.5,0.95,22.2801,2.4036,7.641
806,1,1,trot,0.3,0.0,-0.25,True,1000,10.0,timeout,0.3511,-0.0043,-0.2131,0.0511,0.0077,0.0666,0.3411,0.0034,0.0333,0.0321,0.5003,0.9503,21.3485,2.28,7.641
807,2,1,trot,0.3,0.0,-0.25,True,1000,10.0,timeout,0.347,-0.0063,-0.2159,0.047,0.0085,0.0674,0.3426,0.0035,0.034,0.0297,0.5,0.95,20.6821,3.3558,7.641
808,3,1,trot,0.3,0.0,-0.25,True,1000,10.0,timeout,0.3473,-0.0066,-0.2162,0.0473,0.0086,0.0706,0.3433,0.0035,0.0335,0.0298,0.5,0.95,20.3145,3.0813,7.641
809,4,1,trot,0.3,0.0,-0.25,True,1000,10.0,timeout,0.3475,-0.0067,-0.2167,0.0475,0.0087,0.0706,0.3435,0.0035,0.0335,0.0295,0.5,0.95,20.2431,3.4278,7.641
810,0,1,trot,0.3,0.0,0.0,True,1000,10.0,timeout,0.3581,-0.0093,-0.0246,0.0666,0.0113,0.0605,0.3399,0.0066,0.0208,0.0427,0.4968,0.9478,22.1034,2.8003,7.641
811,1,1,trot,0.3,0.0,0.0,True,1000,10.0,timeout,0.3547,-0.009,-0.0216,0.0635,0.0109,0.0621,0.3419,0.0064,0.022,0.0408,0.4968,0.9478,21.1644,3.3378,7.641
812,2,1,trot,0.3,0.0,0.0,True,1000,10.0,timeout,0.3497,-0.009,-0.0215,0.0589,0.0108,0.0619,0.3433,0.0063,0.0225,0.0374,0.4968,0.9478,20.5175,2.9794,7.641
813,3,1,trot,0.3,0.0,0.0,True,1000,10.0,timeout,0.3506,-0.0091,-0.0198,0.0596,0.011,0.0649,0.344,0.0063,0.0223,0.0379,0.4968,0.9478,20.1534,2.7527,7.641
814,4,1,trot,0.3,0.0,0.0,True,1000,10.0,timeout,0.3503,-0.0091,-0.0201,0.0597,0.0108,0.0647,0.3441,0.0062,0.0219,0.0375,0.4968,0.9478,20.0622,3.4773,7.641
815,0,1,trot,0.3,0.0,0.25,False,49,0.49,isaac_reset,0.3742,0.0054,0.1381,0.0862,0.0068,0.1169,0.3401,0.0093,0.0382,0.0413,0.49,0.94,21.9485,3.6415,1.037
816,1,1,trot,0.3,0.0,0.25,False,49,0.49,isaac_reset,0.3696,0.003,0.1407,0.0816,0.0053,0.1167,0.342,0.009,0.0373,0.0394,0.49,0.94,21.0816,3.5732,1.037
817,2,1,trot,0.3,0.0,0.25,False,49,0.49,isaac_reset,0.3675,0.0009,0.1403,0.0795,0.0053,0.1187,0.3434,0.0089,0.0344,0.0379,0.49,0.92,20.4445,2.8993,1.037
818,3,1,trot,0.3,0.0,0.25,False,49,0.49,isaac_reset,0.3682,0.0012,0.1427,0.0802,0.0054,0.1191,0.344,0.0088,0.0343,0.0381,0.49,0.93,20.1151,3.8552,1.037
819,4,1,trot,0.3,0.0,0.25,False,49,0.49,isaac_reset,0.3687,0.001,0.1423,0.0807,0.0054,0.1194,0.3442,0.0088,0.0338,0.0381,0.49,0.925,20.0434,4.1499,1.037
820,0,1,trot,0.3,0.0,0.5,True,1000,10.0,timeout,0.4049,0.0085,0.3727,0.1049,0.0096,0.1281,0.3381,0.0037,0.0334,0.0466,0.5,0.95,22.2347,1.9001,7.658
821,1,1,trot,0.3,0.0,0.5,True,1000,10.0,timeout,0.3954,0.0085,0.3776,0.0954,0.009,0.1252,0.34,0.0039,0.0335,0.0437,0.5,0.95,21.2898,1.8088,7.658
822,2,1,trot,0.3,0.0,0.5,True,1000,10.0,timeout,0.3945,0.0077,0.3788,0.0945,0.0078,0.1251,0.3414,0.004,0.0327,0.0422,0.5,0.95,20.5704,1.8038,7.658
823,3,1,trot,0.3,0.0,0.5,True,1000,10.0,timeout,0.3951,0.0071,0.3789,0.0951,0.0073,0.1261,0.3421,0.004,0.0313,0.042,0.5,0.95,20.1885,1.8062,7.658
824,4,1,trot,0.3,0.0,0.5,True,1000,10.0,timeout,0.3956,0.0068,0.3789,0.0956,0.007,0.1262,0.3423,0.004,0.031,0.0419,0.5,0.95,20.1123,1.7973,7.658
825,0,1,trot,0.3,0.2,-0.5,True,1000,10.0,timeout,0.3458,0.0133,-0.4552,0.0458,0.1867,0.0699,0.3395,0.0032,0.0211,0.0354,0.5003,0.9503,22.293,2.0396,7.648
826,1,1,trot,0.3,0.2,-0.5,True,1000,10.0,timeout,0.3428,0.0134,-0.4554,0.0428,0.1866,0.0705,0.3416,0.0033,0.0237,0.0324,0.5003,0.9503,21.3532,1.9516,7.648
827,2,1,trot,0.3,0.2,-0.5,True,1000,10.0,timeout,0.3382,0.0116,-0.4574,0.0382,0.1884,0.0712,0.343,0.0033,0.0255,0.0294,0.5003,0.9503,20.6971,2.3594,7.648
828,3,1,trot,0.3,0.2,-0.5,True,1000,10.0,timeout,0.338,0.0119,-0.4584,0.0381,0.1881,0.0736,0.3437,0.0033,0.0266,0.029,0.5003,0.9503,20.3465,2.7296,7.648
829,4,1,trot,0.3,0.2,-0.5,True,1000,10.0,timeout,0.338,0.0116,-0.4586,0.0381,0.1884,0.0741,0.3439,0.0033,0.0266,0.029,0.5003,0.9503,20.267,2.4215,7.648
830,0,1,trot,0.3,0.2,-0.25,True,1000,10.0,timeout,0.3467,0.0177,-0.2223,0.0557,0.1823,0.0644,0.3404,0.0065,0.0386,0.0345,0.497,0.948,22.3938,2.9128,7.685
831,1,1,trot,0.3,0.2,-0.25,True,1000,10.0,timeout,0.3412,0.0167,-0.2221,0.0509,0.1833,0.0647,0.3425,0.0063,0.04,0.0321,0.497,0.948,21.454,3.1323,7.685
832,2,1,trot,0.3,0.2,-0.25,True,1000,10.0,timeout,0.3373,0.0168,-0.2242,0.0442,0.1832,0.0648,0.3437,0.0061,0.0434,0.0292,0.497,0.948,20.8137,2.7986,7.685
833,3,1,trot,0.3,0.2,-0.25,True,1000,10.0,timeout,0.3373,0.0139,-0.2233,0.0467,0.1861,0.0676,0.3445,0.0061,0.041,0.0302,0.497,0.948,20.4439,2.4108,7.685
834,4,1,trot,0.3,0.2,-0.25,True,1000,10.0,timeout,0.336,0.014,-0.2237,0.0461,0.186,0.0675,0.3447,0.0061,0.0416,0.0296,0.497,0.948,20.3717,2.5077,7.685
835,0,1,trot,0.3,0.2,0.0,False,49,0.49,isaac_reset,0.3675,0.0304,-0.0272,0.0795,0.1696,0.0665,0.3407,0.0091,0.083,0.0329,0.49,0.94,22.3675,3.6379,1.046
836,1,1,trot,0.3,0.2,0.0,False,49,0.49,isaac_reset,0.3561,0.0271,-0.0267,0.0681,0.1729,0.0691,0.3427,0.0088,0.0768,0.031,0.49,0.93,21.4594,2.3107,1.046
837,2,1,trot,0.3,0.2,0.0,False,49,0.49,isaac_reset,0.3503,0.0234,-0.028,0.0623,0.1766,0.0678,0.344,0.0087,0.0707,0.029,0.49,0.94,20.8397,2.8519,1.046
838,3,1,trot,0.3,0.2,0.0,False,49,0.49,isaac_reset,0.3509,0.0225,-0.028,0.0629,0.1775,0.0696,0.3447,0.0086,0.0684,0.0292,0.49,0.93,20.4928,2.8631,1.046
839,4,1,trot,0.3,0.2,0.0,False,49,0.49,isaac_reset,0.3512,0.0222,-0.0282,0.0632,0.1778,0.0696,0.3449,0.0086,0.068,0.0291,0.49,0.94,20.4252,2.8893,1.046
840,0,1,trot,0.3,0.2,0.25,True,1000,10.0,timeout,0.3837,0.0289,0.1699,0.0837,0.1711,0.0869,0.3389,0.0034,0.0612,0.0435,0.5,0.95,22.3214,3.534,7.643
841,1,1,trot,0.3,0.2,0.25,True,1000,10.0,timeout,0.3763,0.0272,0.1701,0.0763,0.1728,0.0917,0.3409,0.0034,0.0571,0.0412,0.5,0.95,21.3325,3.4777,7.643
842,2,1,trot,0.3,0.2,0.25,True,1000,10.0,timeout,0.3714,0.0244,0.166,0.0714,0.1756,0.0972,0.3423,0.0034,0.0511,0.0389,0.5,0.95,20.6334,3.4643,7.643
843,3,1,trot,0.3,0.2,0.25,True,1000,10.0,timeout,0.3723,0.0244,0.1685,0.0723,0.1756,0.0988,0.343,0.0034,0.0505,0.0391,0.5,0.95,20.2619,3.4594,7.643
844,4,1,trot,0.3,0.2,0.25,True,1000,10.0,timeout,0.3729,0.0239,0.1674,0.0729,0.1761,0.0994,0.3432,0.0035,0.0495,0.039,0.5,0.95,20.1756,3.4711,7.643
845,0,1,trot,0.3,0.2,0.5,True,1000,10.0,timeout,0.402,0.03,0.3728,0.102,0.17,0.1278,0.3388,0.0037,0.0312,0.0479,0.5,0.95,22.0481,3.1162,7.656
846,1,1,trot,0.3,0.2,0.5,True,1000,10.0,timeout,0.3958,0.0306,0.3782,0.0958,0.1694,0.1248,0.3407,0.0038,0.0312,0.0449,0.5,0.95,21.1245,3.1823,7.656
847,2,1,trot,0.3,0.2,0.5,True,1000,10.0,timeout,0.3928,0.0296,0.3805,0.0928,0.1704,0.1237,0.3421,0.0039,0.0309,0.0429,0.5,0.95,20.4519,3.3839,7.656
848,3,1,trot,0.3,0.2,0.5,True,1000,10.0,timeout,0.3935,0.0292,0.3817,0.0935,0.1708,0.1241,0.3428,0.0039,0.0298,0.0425,0.5,0.95,20.0663,2.974,7.656
849,4,1,trot,0.3,0.2,0.5,True,1000,10.0,timeout,0.3939,0.0291,0.3818,0.0939,0.1709,0.1242,0.343,0.0039,0.0298,0.0424,0.5,0.95,19.9884,2.2728,7.656
850,0,1,trot,0.3,0.4,-0.5,True,1000,10.0,timeout,0.3366,0.0334,-0.4622,0.0467,0.3666,0.071,0.3403,0.0065,0.0159,0.0379,0.5025,0.9535,22.4105,2.408,7.645
851,1,1,trot,0.3,0.4,-0.5,True,1000,10.0,timeout,0.3342,0.0325,-0.46,0.044,0.3675,0.073,0.3423,0.0063,0.0196,0.0349,0.5025,0.9535,21.4734,2.8887,7.645
852,2,1,trot,0.3,0.4,-0.5,True,1000,10.0,timeout,0.3305,0.033,-0.4641,0.0383,0.367,0.0737,0.3438,0.0061,0.0232,0.0313,0.5018,0.9528,20.7859,2.843,7.645
853,3,1,trot,0.3,0.4,-0.5,True,1000,10.0,timeout,0.3293,0.0312,-0.4641,0.0394,0.3688,0.0756,0.3447,0.0062,0.0242,0.0312,0.5005,0.9515,20.4534,2.564,7.645
854,4,1,trot,0.3,0.4,-0.5,True,1000,10.0,timeout,0.3285,0.0309,-0.4642,0.0392,0.3691,0.0759,0.3448,0.0061,0.0242,0.0308,0.5008,0.9518,20.367,2.9975,7.645
855,0,1,trot,0.3,0.4,-0.25,False,49,0.49,isaac_reset,0.3511,0.0443,-0.2565,0.0631,0.3557,0.0627,0.3415,0.0091,0.042,0.0372,0.49,0.93,21.8439,1.0153,1.05
856,1,1,trot,0.3,0.4,-0.25,False,49,0.49,isaac_reset,0.3444,0.042,-0.2537,0.0564,0.358,0.064,0.3434,0.0088,0.0423,0.0347,0.49,0.93,21.0184,1.1018,1.05
857,2,1,trot,0.3,0.4,-0.25,False,49,0.49,isaac_reset,0.3403,0.0387,-0.252,0.0523,0.3613,0.0629,0.3445,0.0086,0.0423,0.0314,0.49,0.94,20.4753,1.4232,1.05
858,3,1,trot,0.3,0.4,-0.25,False,49,0.49,isaac_reset,0.3406,0.0384,-0.2512,0.0526,0.3616,0.066,0.3453,0.0085,0.0428,0.0317,0.49,0.94,20.1452,1.24,1.05
859,4,1,trot,0.3,0.4,-0.25,False,49,0.49,isaac_reset,0.3407,0.0382,-0.2513,0.0527,0.3618,0.066,0.3455,0.0085,0.0425,0.0316,0.49,0.93,20.0777,1.4836,1.05
860,0,1,trot,0.3,0.4,0.0,True,1000,10.0,timeout,0.3613,0.0509,-0.0126,0.0613,0.3491,0.0661,0.3404,0.0031,0.0952,0.0307,0.5,0.95,22.6795,3.9524,7.655
861,1,1,trot,0.3,0.4,0.0,True,1000,10.0,timeout,0.3552,0.0491,-0.0137,0.0552,0.3509,0.069,0.3422,0.0031,0.0921,0.0287,0.5,0.95,21.7599,3.8852,7.655
862,2,1,trot,0.3,0.4,0.0,True,1000,10.0,timeout,0.3527,0.0464,-0.0172,0.0527,0.3536,0.0679,0.3434,0.0031,0.088,0.0258,0.5,0.95,21.0982,3.8598,7.655
863,3,1,trot,0.3,0.4,0.0,True,1000,10.0,timeout,0.3535,0.046,-0.0152,0.0536,0.354,0.0712,0.3441,0.0031,0.0862,0.0264,0.5,0.95,20.6958,3.8672,7.655
864,4,1,trot,0.3,0.4,0.0,True,1000,10.0,timeout,0.3535,0.0458,-0.0151,0.0535,0.3542,0.0712,0.3442,0.0031,0.0864,0.0261,0.5,0.95,20.6267,3.859,7.655
865,0,1,trot,0.3,0.4,0.25,True,1000,10.0,timeout,0.3832,0.0542,0.2028,0.0832,0.3458,0.0742,0.3396,0.0035,0.0848,0.0422,0.5,0.95,22.4429,4.2459,7.668
866,1,1,trot,0.3,0.4,0.25,True,1000,10.0,timeout,0.3749,0.0527,0.2018,0.0749,0.3473,0.0784,0.3415,0.0034,0.081,0.0398,0.5,0.95,21.4896,4.4606,7.668
867,2,1,trot,0.3,0.4,0.25,True,1000,10.0,timeout,0.3709,0.0505,0.1984,0.0709,0.3495,0.0817,0.3429,0.0034,0.0765,0.0368,0.5,0.95,20.8131,3.4097,7.668
868,3,1,trot,0.3,0.4,0.25,True,1000,10.0,timeout,0.3721,0.0501,0.1982,0.0721,0.3499,0.0841,0.3436,0.0034,0.0748,0.0369,0.5,0.95,20.4242,4.44,7.668
869,4,1,trot,0.3,0.4,0.25,True,1000,10.0,timeout,0.3721,0.05,0.1983,0.0721,0.35,0.0843,0.3437,0.0034,0.0748,0.0365,0.5,0.95,20.3553,4.254,7.668
870,0,1,trot,0.3,0.4,0.5,True,1000,10.0,timeout,0.3929,0.0495,0.3826,0.1027,0.3505,0.1193,0.34,0.0067,0.0401,0.0482,0.4968,0.9478,22.1418,2.4791,7.646
871,1,1,trot,0.3,0.4,0.5,True,1000,10.0,timeout,0.3894,0.0503,0.3831,0.0959,0.3497,0.1215,0.3418,0.0066,0.0371,0.0452,0.497,0.948,21.1507,2.3061,7.646
872,2,1,trot,0.3,0.4,0.5,True,1000,10.0,timeout,0.3842,0.0489,0.387,0.0939,0.3511,0.1204,0.3433,0.0065,0.0371,0.0424,0.4968,0.9478,20.5512,2.4403,7.646
873,3,1,trot,0.3,0.4,0.5,True,1000,10.0,timeout,0.3846,0.0489,0.3878,0.0947,0.3511,0.1216,0.3439,0.0065,0.0365,0.0419,0.4968,0.9478,20.1843,3.1292,7.646
874,4,1,trot,0.3,0.4,0.5,True,1000,10.0,timeout,0.3855,0.0487,0.3876,0.0948,0.3513,0.122,0.344,0.0065,0.036,0.0419,0.4968,0.9478,20.1029,2.8615,7.646
875,0,1,trot,0.6,-0.4,-0.5,False,49,0.49,isaac_reset,0.4905,-0.0403,-0.4486,0.1095,0.3597,0.0787,0.3385,0.0094,0.0454,0.0226,0.49,0.94,22.6713,1.3102,1.042
876,1,1,trot,0.6,-0.4,-0.5,False,49,0.49,isaac_reset,0.4866,-0.0418,-0.4549,0.1134,0.3582,0.0798,0.3406,0.0092,0.0437,0.0201,0.49,0.94,21.7862,1.9549,1.042
877,2,1,trot,0.6,-0.4,-0.5,False,49,0.49,isaac_reset,0.4853,-0.0436,-0.4601,0.1147,0.3564,0.0823,0.342,0.009,0.0436,0.0186,0.49,0.93,21.1496,0.99,1.042
878,3,1,trot,0.6,-0.4,-0.5,False,49,0.49,isaac_reset,0.4857,-0.0442,-0.4644,0.1143,0.3558,0.082,0.3428,0.0089,0.0436,0.0181,0.49,0.94,20.8073,1.644,1.042
879,4,1,trot,0.6,-0.4,-0.5,False,49,0.49,isaac_reset,0.4856,-0.0441,-0.4638,0.1144,0.3559,0.0841,0.3429,0.0089,0.0435,0.0181,0.49,0.94,20.7523,1.5442,1.042
880,0,1,trot,0.6,-0.4,-0.25,True,1000,10.0,timeout,0.5015,-0.0417,-0.2226,0.0985,0.3583,0.067,0.3365,0.0036,0.024,0.0291,0.5,0.95,22.894,4.2772,7.672
881,1,1,trot,0.6,-0.4,-0.25,True,1000,10.0,timeout,0.5013,-0.0416,-0.2269,0.0987,0.3584,0.071,0.3386,0.0038,0.0233,0.0268,0.5,0.95,21.9209,4.2213,7.672
882,2,1,trot,0.6,-0.4,-0.25,True,1000,10.0,timeout,0.5003,-0.042,-0.2315,0.0997,0.358,0.0741,0.3401,0.0039,0.0251,0.0243,0.5,0.95,21.2291,4.1589,7.672
883,3,1,trot,0.6,-0.4,-0.25,True,1000,10.0,timeout,0.5011,-0.0419,-0.2331,0.0989,0.3581,0.0763,0.3409,0.0039,0.0253,0.0236,0.5,0.95,20.8521,4.1502,7.672
884,4,1,trot,0.6,-0.4,-0.25,True,1000,10.0,timeout,0.5014,-0.0423,-0.2335,0.0986,0.3577,0.0769,0.341,0.0039,0.0252,0.0236,0.5,0.95,20.7692,4.1499,7.672
885,0,1,trot,0.6,-0.4,0.0,True,1000,10.0,timeout,0.5202,-0.0482,-0.0255,0.0798,0.3518,0.071,0.3362,0.0038,0.0072,0.0358,0.5,0.95,22.6662,5.2792,7.648
886,1,1,trot,0.6,-0.4,0.0,True,1000,10.0,timeout,0.5192,-0.0448,-0.0233,0.0808,0.3552,0.072,0.3381,0.0039,0.0026,0.0339,0.5,0.95,21.705,5.1484,7.648
887,2,1,trot,0.6,-0.4,0.0,True,1000,10.0,timeout,0.5167,-0.044,-0.0235,0.0833,0.356,0.0718,0.3397,0.004,0.0023,0.0312,0.5,0.95,21.0061,4.8536,7.648
888,3,1,trot,0.6,-0.4,0.0,True,1000,10.0,timeout,0.5157,-0.0438,-0.0231,0.0843,0.3562,0.073,0.3405,0.004,0.0031,0.0305,0.5,0.95,20.628,5.5547,7.648
889,4,1,trot,0.6,-0.4,0.0,True,1000,10.0,timeout,0.5153,-0.0435,-0.023,0.0847,0.3565,0.0734,0.3406,0.004,0.0034,0.0301,0.5,0.95,20.5637,4.6818,7.648
890,0,1,trot,0.6,-0.4,0.25,True,1000,10.0,timeout,0.5261,-0.0523,0.1897,0.074,0.3477,0.0792,0.3368,0.0073,0.0037,0.0381,0.4968,0.9478,22.8306,5.6045,7.693
891,1,1,trot,0.6,-0.4,0.25,True,1000,10.0,timeout,0.5247,-0.0486,0.1848,0.0754,0.3514,0.0812,0.3387,0.0072,0.0079,0.0356,0.4968,0.9478,21.8511,4.5526,7.693
892,2,1,trot,0.6,-0.4,0.25,True,1000,10.0,timeout,0.5241,-0.0476,0.1821,0.0759,0.3524,0.0837,0.34,0.0071,0.0107,0.0344,0.4968,0.9478,21.1623,4.8345,7.693
893,3,1,trot,0.6,-0.4,0.25,True,1000,10.0,timeout,0.5236,-0.047,0.1805,0.0764,0.353,0.0858,0.3407,0.007,0.012,0.0335,0.4968,0.9478,20.7881,5.3069,7.693
894,4,1,trot,0.6,-0.4,0.25,True,1000,10.0,timeout,0.5234,-0.047,0.1802,0.0766,0.353,0.0861,0.3409,0.007,0.012,0.0333,0.4968,0.9478,20.7119,5.5207,7.693
895,0,1,trot,0.6,-0.4,0.5,False,49,0.49,isaac_reset,0.5527,-0.0416,0.3928,0.0483,0.3584,0.1083,0.3361,0.0101,0.0295,0.0382,0.49,0.94,22.7812,4.3793,1.047
896,1,1,trot,0.6,-0.4,0.5,False,49,0.49,isaac_reset,0.5493,-0.0411,0.3875,0.0511,0.3589,0.1138,0.3381,0.01,0.0321,0.0362,0.49,0.94,21.8468,4.6662,1.047
897,2,1,trot,0.6,-0.4,0.5,False,49,0.49,isaac_reset,0.5478,-0.041,0.3842,0.0524,0.359,0.1182,0.3396,0.0098,0.0332,0.0348,0.49,0.93,21.1906,4.0826,1.047
898,3,1,trot,0.6,-0.4,0.5,False,49,0.49,isaac_reset,0.547,-0.0412,0.3834,0.0532,0.3588,0.1197,0.3404,0.0097,0.0336,0.0342,0.49,0.94,20.8657,5.3082,1.047
899,4,1,trot,0.6,-0.4,0.5,False,49,0.49,isaac_reset,0.5471,-0.0413,0.3839,0.0531,0.3587,0.1197,0.3405,0.0097,0.0336,0.0341,0.49,0.94,20.794,4.8928,1.047
900,0,1,trot,0.6,-0.2,-0.5,True,1000,10.0,timeout,0.4931,-0.0181,-0.4427,0.1069,0.1819,0.0745,0.3374,0.0032,0.0418,0.0226,0.5,0.95,22.9868,1.4892,7.635
901,1,1,trot,0.6,-0.2,-0.5,True,1000,10.0,timeout,0.49,-0.0185,-0.4466,0.11,0.1815,0.0749,0.3395,0.0033,0.043,0.0197,0.5,0.95,22.0329,1.4223,7.635
902,2,1,trot,0.6,-0.2,-0.5,True,1000,10.0,timeout,0.4864,-0.02,-0.4513,0.1136,0.18,0.0754,0.3411,0.0034,0.0437,0.018,0.5,0.95,21.3336,1.3549,7.635
903,3,1,trot,0.6,-0.2,-0.5,True,1000,10.0,timeout,0.4866,-0.0201,-0.453,0.1134,0.1799,0.0774,0.3418,0.0034,0.0439,0.0176,0.5,0.95,20.9691,1.3362,7.635
904,4,1,trot,0.6,-0.2,-0.5,True,1000,10.0,timeout,0.4863,-0.0204,-0.4536,0.1137,0.1796,0.0779,0.342,0.0034,0.0441,0.0177,0.5,0.95,20.8845,1.3273,7.635
905,0,1,trot,0.6,-0.2,-0.25,True,1000,10.0,timeout,0.4997,-0.0138,-0.2058,0.1003,0.1862,0.0686,0.3369,0.0036,0.0391,0.0276,0.5,0.95,22.8797,4.2599,7.692
906,1,1,trot,0.6,-0.2,-0.25,True,1000,10.0,timeout,0.4977,-0.0135,-0.2106,0.1023,0.1865,0.0707,0.3392,0.0037,0.0397,0.0251,0.5,0.95,21.9359,3.6259,7.692
907,2,1,trot,0.6,-0.2,-0.25,True,1000,10.0,timeout,0.4958,-0.0153,-0.2177,0.1042,0.1847,0.0728,0.3406,0.0038,0.0386,0.0238,0.5,0.95,21.2437,4.4277,7.692
908,3,1,trot,0.6,-0.2,-0.25,True,1000,10.0,timeout,0.4955,-0.015,-0.2189,0.1045,0.185,0.0744,0.3414,0.0038,0.04,0.0227,0.5,0.95,20.9021,3.8162,7.692
909,4,1,trot,0.6,-0.2,-0.25,True,1000,10.0,timeout,0.4957,-0.0155,-0.22,0.1043,0.1845,0.075,0.3415,0.0038,0.0392,0.023,0.5,0.95,20.811,3.2059,7.692
910,0,1,trot,0.6,-0.2,0.0,True,1000,10.0,timeout,0.5073,-0.0246,-0.0216,0.0927,0.1754,0.0641,0.3375,0.007,0.008,0.0365,0.4968,0.9478,22.7184,4.2731,7.664
911,1,1,trot,0.6,-0.2,0.0,True,1000,10.0,timeout,0.5043,-0.0207,-0.017,0.0957,0.1793,0.0649,0.3394,0.0069,0.0156,0.0337,0.4968,0.9478,21.7718,4.4426,7.664
912,2,1,trot,0.6,-0.2,0.0,True,1000,10.0,timeout,0.4995,-0.0208,-0.0178,0.1005,0.1792,0.0666,0.3408,0.0068,0.0158,0.0315,0.4968,0.9478,21.0702,4.0039,7.664
913,3,1,trot,0.6,-0.2,0.0,True,1000,10.0,timeout,0.4995,-0.0212,-0.0178,0.1005,0.1788,0.0689,0.3416,0.0068,0.0163,0.0317,0.4968,0.9478,20.6918,4.3894,7.664
914,4,1,trot,0.6,-0.2,0.0,True,1000,10.0,timeout,0.4994,-0.0213,-0.0178,0.1006,0.1787,0.0691,0.3417,0.0067,0.0165,0.0315,0.4968,0.9478,20.6315,4.9941,7.664
915,0,1,trot,0.6,-0.2,0.25,False,49,0.49,isaac_reset,0.5259,-0.0151,0.1602,0.0741,0.1849,0.1004,0.3378,0.0097,0.0185,0.035,0.49,0.94,22.4945,5.1817,1.012
916,1,1,trot,0.6,-0.2,0.25,False,49,0.49,isaac_reset,0.5209,-0.0139,0.1596,0.0791,0.1861,0.1013,0.3396,0.0095,0.0261,0.0326,0.49,0.925,21.6326,4.9387,1.012
917,2,1,trot,0.6,-0.2,0.25,False,49,0.49,isaac_reset,0.5205,-0.0149,0.1595,0.0795,0.1851,0.1014,0.341,0.0093,0.0271,0.0311,0.49,0.93,21.028,5.3061,1.012
918,3,1,trot,0.6,-0.2,0.25,False,49,0.49,isaac_reset,0.5211,-0.0147,0.1597,0.0789,0.1853,0.1027,0.3418,0.0093,0.0278,0.0308,0.49,0.92,20.7133,5.237,1.012
919,4,1,trot,0.6,-0.2,0.25,False,49,0.49,isaac_reset,0.5212,-0.0147,0.1595,0.0788,0.1853,0.1029,0.3419,0.0092,0.0282,0.0307,0.49,0.94,20.6463,5.4305,1.012
920,0,1,trot,0.6,-0.2,0.5,True,1000,10.0,timeout,0.5635,-0.0135,0.4051,0.0367,0.1865,0.0959,0.3351,0.0044,0.0493,0.0405,0.5,0.95,22.9878,2.2094,7.674
921,1,1,trot,0.6,-0.2,0.5,True,1000,10.0,timeout,0.558,-0.0136,0.4012,0.042,0.1864,0.1002,0.3372,0.0046,0.0484,0.0374,0.5,0.95,22.0094,2.2387,7.674
922,2,1,trot,0.6,-0.2,0.5,True,1000,10.0,timeout,0.5561,-0.014,0.3987,0.0439,0.186,0.1035,0.3388,0.0047,0.0473,0.0354,0.5,0.95,21.2915,2.2736,7.674
923,3,1,trot,0.6,-0.2,0.5,True,1000,10.0,timeout,0.5553,-0.0143,0.3979,0.0447,0.1857,0.1053,0.3396,0.0047,0.0467,0.0348,0.5,0.95,20.9171,2.2915,7.674
924,4,1,trot,0.6,-0.2,0.5,True,1000,10.0,timeout,0.5555,-0.0147,0.3983,0.0445,0.1853,0.1053,0.3397,0.0047,0.0463,0.0347,0.5,0.95,20.8351,2.282,7.674
925,0,1,trot,0.6,0.0,-0.5,True,1000,10.0,timeout,0.4903,0.0074,-0.4471,0.1097,0.015,0.0722,0.3376,0.0033,0.0358,0.0261,0.5,0.95,22.9135,2.3438,7.681
926,1,1,trot,0.6,0.0,-0.5,True,1000,10.0,timeout,0.486,0.0073,-0.4503,0.114,0.0161,0.0728,0.3398,0.0033,0.038,0.0235,0.5,0.95,21.9645,3.5177,7.681
927,2,1,trot,0.6,0.0,-0.5,True,1000,10.0,timeout,0.4816,0.0054,-0.4546,0.1184,0.0165,0.0727,0.3413,0.0034,0.0399,0.0212,0.5,0.95,21.292,2.5982,7.681
928,3,1,trot,0.6,0.0,-0.5,True,1000,10.0,timeout,0.4813,0.0054,-0.4562,0.1187,0.0172,0.0744,0.3421,0.0034,0.0411,0.0206,0.5,0.95,20.9481,2.1409,7.681
929,4,1,trot,0.6,0.0,-0.5,True,1000,10.0,timeout,0.4812,0.0051,-0.4566,0.1188,0.0172,0.0748,0.3423,0.0034,0.0413,0.0207,0.5,0.95,20.8637,2.4156,7.681
930,0,1,trot,0.6,0.0,-0.25,True,1000,10.0,timeout,0.4897,0.0062,-0.2081,0.1103,0.0194,0.068,0.3382,0.0067,0.0466,0.0278,0.4968,0.9478,23.0054,4.1335,7.692
931,1,1,trot,0.6,0.0,-0.25,True,1000,10.0,timeout,0.4852,0.0064,-0.211,0.1148,0.0191,0.0689,0.3403,0.0067,0.0473,0.0257,0.4968,0.9478,22.0439,4.127,7.692
932,2,1,trot,0.6,0.0,-0.25,True,1000,10.0,timeout,0.481,0.0046,-0.2154,0.119,0.0192,0.0693,0.3418,0.0066,0.0481,0.0242,0.4968,0.9478,21.3729,4.1769,7.692
933,3,1,trot,0.6,0.0,-0.25,True,1000,10.0,timeout,0.4805,0.0044,-0.2175,0.1195,0.0194,0.0704,0.3426,0.0065,0.0489,0.0234,0.4968,0.9478,21.0352,3.9875,7.692
934,4,1,trot,0.6,0.0,-0.25,True,1000,10.0,timeout,0.4804,0.0045,-0.2178,0.1196,0.0193,0.0706,0.3427,0.0065,0.0491,0.0231,0.4968,0.9478,20.9595,3.7206,7.692
935,0,1,trot,0.6,0.0,0.0,False,49,0.49,isaac_reset,0.5107,0.0147,-0.0117,0.0893,0.016,0.0554,0.3384,0.0095,0.0704,0.0291,0.49,0.93,22.6935,4.1152,1.048
936,1,1,trot,0.6,0.0,0.0,False,49,0.49,isaac_reset,0.5046,0.0136,-0.0131,0.0954,0.0155,0.0555,0.3404,0.0093,0.0665,0.0267,0.49,0.93,21.8293,4.1682,1.048
937,2,1,trot,0.6,0.0,0.0,False,49,0.49,isaac_reset,0.5009,0.0112,-0.0162,0.0991,0.0142,0.0569,0.3419,0.0091,0.063,0.0257,0.49,0.94,21.2083,3.9441,1.048
938,3,1,trot,0.6,0.0,0.0,False,49,0.49,isaac_reset,0.5007,0.0105,-0.0176,0.0993,0.014,0.0594,0.3426,0.009,0.0631,0.0251,0.49,0.93,20.9124,3.1091,1.048
939,4,1,trot,0.6,0.0,0.0,False,49,0.49,isaac_reset,0.5009,0.0103,-0.0178,0.0991,0.0139,0.0597,0.3428,0.009,0.0627,0.0249,0.49,0.925,20.8406,4.4347,1.048
940,0,1,trot,0.6,0.0,0.25,True,1000,10.0,timeout,0.5418,0.0115,0.1715,0.0582,0.0125,0.0822,0.3362,0.0038,0.0523,0.0366,0.5,0.95,22.9206,4.9738,7.656
941,1,1,trot,0.6,0.0,0.25,True,1000,10.0,timeout,0.5333,0.0107,0.174,0.0667,0.0122,0.084,0.3383,0.0039,0.0496,0.0345,0.5,0.95,21.9305,4.8875,7.656
942,2,1,trot,0.6,0.0,0.25,True,1000,10.0,timeout,0.5284,0.0091,0.1727,0.0716,0.0118,0.0865,0.3398,0.004,0.047,0.0333,0.5,0.95,21.2285,4.8602,7.656
943,3,1,trot,0.6,0.0,0.25,True,1000,10.0,timeout,0.5275,0.0082,0.1733,0.0725,0.0116,0.0889,0.3406,0.004,0.0461,0.0332,0.5,0.95,20.8524,4.8531,7.656
944,4,1,trot,0.6,0.0,0.25,True,1000,10.0,timeout,0.5276,0.0078,0.1731,0.0724,0.0115,0.0893,0.3408,0.004,0.0455,0.0331,0.5,0.95,20.7705,4.855,7.656
945,0,1,trot,0.6,0.0,0.5,True,1000,10.0,timeout,0.5609,0.0098,0.4005,0.0394,0.0131,0.1004,0.3358,0.0042,0.045,0.041,0.5,0.95,22.8343,4.3708,7.734
946,1,1,trot,0.6,0.0,0.5,True,1000,10.0,timeout,0.5558,0.0104,0.4004,0.0444,0.0126,0.1015,0.3378,0.0044,0.0444,0.0377,0.5,0.95,21.8734,3.6506,7.734
947,2,1,trot,0.6,0.0,0.5,True,1000,10.0,timeout,0.553,0.0101,0.3997,0.0471,0.0121,0.1031,0.3393,0.0045,0.0439,0.036,0.5,0.95,21.1455,4.4836,7.734
948,3,1,trot,0.6,0.0,0.5,True,1000,10.0,timeout,0.5526,0.0099,0.3992,0.0474,0.0117,0.105,0.3401,0.0045,0.0436,0.0356,0.5,0.95,20.7716,4.5711,7.734
949,4,1,trot,0.6,0.0,0.5,True,1000,10.0,timeout,0.5526,0.0099,0.3993,0.0474,0.0116,0.1052,0.3403,0.0045,0.0435,0.0354,0.5,0.95,20.6945,3.9836,7.734
950,0,1,trot,0.6,0.2,-0.5,True,1000,10.0,timeout,0.4756,0.0275,-0.4565,0.1244,0.1725,0.0694,0.3387,0.0066,0.032,0.0288,0.4968,0.9478,22.9574,4.2402,7.679
951,1,1,trot,0.6,0.2,-0.5,True,1000,10.0,timeout,0.4708,0.0272,-0.4596,0.1292,0.1728,0.07,0.3409,0.0064,0.0353,0.026,0.4968,0.9478,22.0129,3.0542,7.679
952,2,1,trot,0.6,0.2,-0.5,True,1000,10.0,timeout,0.4661,0.0252,-0.4615,0.1339,0.1748,0.0706,0.3424,0.0063,0.0367,0.0239,0.4968,0.9478,21.3619,3.6614,7.679
953,3,1,trot,0.6,0.2,-0.5,True,1000,10.0,timeout,0.4657,0.0251,-0.4627,0.1343,0.1749,0.0732,0.3431,0.0063,0.0385,0.0231,0.4968,0.9478,21.0277,2.7136,7.679
954,4,1,trot,0.6,0.2,-0.5,True,1000,10.0,timeout,0.4654,0.0248,-0.4623,0.1346,0.1752,0.074,0.3433,0.0063,0.0387,0.0232,0.4968,0.9478,20.9391,3.2667,7.679
955,0,1,trot,0.6,0.2,-0.25,False,49,0.49,isaac_reset,0.4971,0.033,-0.2265,0.1029,0.167,0.0638,0.3392,0.0093,0.053,0.0287,0.49,0.93,22.5047,1.2804,1.042
956,1,1,trot,0.6,0.2,-0.25,False,49,0.49,isaac_reset,0.4905,0.0322,-0.228,0.1095,0.1678,0.0618,0.3412,0.009,0.0534,0.0273,0.49,0.92,21.6473,1.3298,1.042
957,2,1,trot,0.6,0.2,-0.25,False,49,0.49,isaac_reset,0.4844,0.0293,-0.2304,0.1156,0.1707,0.0605,0.3428,0.0089,0.0526,0.0251,0.49,0.94,21.0412,1.8162,1.042
958,3,1,trot,0.6,0.2,-0.25,False,49,0.49,isaac_reset,0.4836,0.0288,-0.2309,0.1164,0.1712,0.0619,0.3435,0.0088,0.0524,0.0246,0.49,0.925,20.7251,1.2027,1.042
959,4,1,trot,0.6,0.2,-0.25,False,49,0.49,isaac_reset,0.4834,0.0287,-0.2311,0.1166,0.1713,0.062,0.3437,0.0087,0.0523,0.0245,0.49,0.94,20.6555,1.3643,1.042
960,0,1,trot,0.6,0.2,0.0,True,1000,10.0,timeout,0.514,0.034,0.0028,0.086,0.166,0.0628,0.3379,0.0033,0.0967,0.0257,0.5,0.95,23.2445,5.5606,7.66
961,1,1,trot,0.6,0.2,0.0,True,1000,10.0,timeout,0.5095,0.0322,0.0022,0.0905,0.1678,0.0614,0.34,0.0034,0.0929,0.0236,0.5,0.95,22.3247,5.5368,7.66
962,2,1,trot,0.6,0.2,0.0,True,1000,10.0,timeout,0.5044,0.0313,-0.0023,0.0956,0.1687,0.0582,0.3413,0.0034,0.0876,0.0217,0.5,0.95,21.6172,5.4665,7.66
963,3,1,trot,0.6,0.2,0.0,True,1000,10.0,timeout,0.5042,0.0314,-0.0024,0.0958,0.1686,0.0603,0.342,0.0034,0.0868,0.0212,0.5,0.95,21.2673,5.4636,7.66
964,4,1,trot,0.6,0.2,0.0,True,1000,10.0,timeout,0.5044,0.031,-0.0024,0.0956,0.169,0.0605,0.3421,0.0035,0.086,0.0214,0.5,0.95,21.1806,5.4656,7.66
965,0,1,trot,0.6,0.2,0.25,True,1000,10.0,timeout,0.5375,0.0342,0.2004,0.0625,0.1658,0.0674,0.3369,0.0038,0.0751,0.0371,0.5,0.95,22.937,5.8702,7.68
966,1,1,trot,0.6,0.2,0.25,True,1000,10.0,timeout,0.5292,0.0342,0.2012,0.0708,0.1658,0.0712,0.3389,0.0039,0.0725,0.0341,0.5,0.95,22.0103,4.5351,7.68
967,2,1,trot,0.6,0.2,0.25,True,1000,10.0,timeout,0.5253,0.0329,0.1972,0.0747,0.1671,0.0749,0.3403,0.0039,0.0692,0.0327,0.5,0.95,21.3151,4.2723,7.68
968,3,1,trot,0.6,0.2,0.25,True,1000,10.0,timeout,0.5244,0.0325,0.1972,0.0756,0.1675,0.0778,0.3411,0.0039,0.0677,0.0323,0.5,0.95,20.9441,5.1654,7.68
969,4,1,trot,0.6,0.2,0.25,True,1000,10.0,timeout,0.5237,0.0324,0.1972,0.0763,0.1676,0.0783,0.3413,0.0039,0.0676,0.0321,0.5,0.95,20.8679,5.1885,7.68
970,0,1,trot,0.6,0.2,0.5,True,1000,10.0,timeout,0.5474,0.0287,0.3993,0.0528,0.1713,0.1029,0.3372,0.0072,0.0467,0.0417,0.4968,0.9478,22.8614,3.348,7.686
971,1,1,trot,0.6,0.2,0.5,True,1000,10.0,timeout,0.5428,0.0295,0.3989,0.0572,0.1705,0.1046,0.339,0.0073,0.0454,0.0384,0.497,0.948,21.8852,3.9382,7.686
972,2,1,trot,0.6,0.2,0.5,True,1000,10.0,timeout,0.5379,0.0285,0.4002,0.0622,0.1715,0.1046,0.3407,0.007,0.0441,0.0368,0.4968,0.9478,21.1706,3.8292,7.686
973,3,1,trot,0.6,0.2,0.5,True,1000,10.0,timeout,0.5376,0.0282,0.3989,0.0625,0.1718,0.1068,0.3415,0.007,0.0434,0.0363,0.4968,0.9478,20.8007,3.7807,7.686
974,4,1,trot,0.6,0.2,0.5,True,1000,10.0,timeout,0.537,0.0279,0.399,0.063,0.1721,0.107,0.3417,0.007,0.0431,0.0359,0.4968,0.9478,20.7039,3.9249,7.686
975,0,1,trot,0.6,0.4,-0.5,False,49,0.49,isaac_reset,0.4735,0.0602,-0.4821,0.1265,0.3398,0.066,0.3399,0.0093,0.0486,0.0238,0.495,0.945,22.7371,2.6723,1.042
976,1,1,trot,0.6,0.4,-0.5,False,49,0.49,isaac_reset,0.4691,0.0579,-0.4805,0.1309,0.3421,0.0697,0.3419,0.0091,0.046,0.0218,0.495,0.935,21.9119,2.4739,1.042
977,2,1,trot,0.6,0.4,-0.5,False,49,0.49,isaac_reset,0.4626,0.0541,-0.4801,0.1374,0.3459,0.0731,0.3436,0.0088,0.045,0.0208,0.49,0.94,21.2485,2.1419,1.042
978,3,1,trot,0.6,0.4,-0.5,False,49,0.49,isaac_reset,0.4635,0.0544,-0.4806,0.1365,0.3456,0.0755,0.3442,0.0088,0.045,0.0206,0.49,0.94,20.9578,1.788,1.042
979,4,1,trot,0.6,0.4,-0.5,False,49,0.49,isaac_reset,0.4633,0.0539,-0.4801,0.1367,0.3461,0.0761,0.3443,0.0087,0.0454,0.0206,0.49,0.94,20.8838,2.4498,1.042
980,0,1,trot,0.6,0.4,-0.25,True,1000,10.0,timeout,0.4926,0.0584,-0.2393,0.1074,0.3416,0.0595,0.3392,0.0031,0.0835,0.0201,0.5,0.95,23.3299,4.0226,7.668
981,1,1,trot,0.6,0.4,-0.25,True,1000,10.0,timeout,0.4866,0.0567,-0.238,0.1134,0.3433,0.0628,0.341,0.0032,0.0782,0.0189,0.5,0.95,22.4023,3.9747,7.668
982,2,1,trot,0.6,0.4,-0.25,True,1000,10.0,timeout,0.4817,0.0546,-0.2407,0.1183,0.3454,0.0643,0.3423,0.0033,0.0726,0.0178,0.5,0.95,21.6847,3.9082,7.668
983,3,1,trot,0.6,0.4,-0.25,True,1000,10.0,timeout,0.4819,0.0545,-0.2404,0.1181,0.3455,0.068,0.343,0.0033,0.0711,0.0178,0.5,0.95,21.3168,3.9126,7.668
984,4,1,trot,0.6,0.4,-0.25,True,1000,10.0,timeout,0.482,0.0543,-0.2407,0.118,0.3457,0.0683,0.3431,0.0033,0.0706,0.0177,0.5,0.95,21.2431,3.9112,7.668
985,0,1,trot,0.6,0.4,0.0,True,1000,10.0,timeout,0.5125,0.0574,-0.001,0.0875,0.3426,0.0642,0.3387,0.0033,0.0976,0.026,0.5,0.95,23.2387,5.3352,7.664
986,1,1,trot,0.6,0.4,0.0,True,1000,10.0,timeout,0.5085,0.0561,-0.0012,0.0915,0.3439,0.0639,0.3406,0.0033,0.0931,0.0242,0.5,0.95,22.3095,4.8524,7.664
987,2,1,trot,0.6,0.4,0.0,True,1000,10.0,timeout,0.5045,0.0551,-0.0043,0.0955,0.3449,0.0632,0.3418,0.0034,0.0892,0.0217,0.5,0.95,21.6413,5.2167,7.664
988,3,1,trot,0.6,0.4,0.0,True,1000,10.0,timeout,0.5044,0.0552,-0.0044,0.0956,0.3448,0.0651,0.3425,0.0034,0.0885,0.0209,0.5,0.95,21.3116,5.4871,7.664
989,4,1,trot,0.6,0.4,0.0,True,1000,10.0,timeout,0.5048,0.0549,-0.0042,0.0952,0.3451,0.0655,0.3426,0.0034,0.0876,0.0212,0.5,0.95,21.2172,5.7597,7.664
990,0,1,trot,0.6,0.4,0.25,True,1000,10.0,timeout,0.5249,0.0511,0.2214,0.0751,0.3489,0.0693,0.3382,0.0069,0.0879,0.0371,0.4968,0.9478,23.1665,4.6392,7.69
991,1,1,trot,0.6,0.4,0.25,True,1000,10.0,timeout,0.517,0.0511,0.221,0.083,0.3489,0.0689,0.3402,0.0068,0.0837,0.0338,0.4968,0.9478,22.209,5.3096,7.69
992,2,1,trot,0.6,0.4,0.25,True,1000,10.0,timeout,0.5133,0.0507,0.2171,0.0867,0.3493,0.0691,0.3417,0.0066,0.0812,0.0312,0.4968,0.9478,21.5057,4.831,7.69
993,3,1,trot,0.6,0.4,0.25,True,1000,10.0,timeout,0.5138,0.0499,0.2161,0.0862,0.3501,0.0718,0.3424,0.0066,0.0794,0.0311,0.4968,0.9478,21.1398,4.2485,7.69
994,4,1,trot,0.6,0.4,0.25,True,1000,10.0,timeout,0.5137,0.0496,0.2159,0.0863,0.3504,0.0725,0.3425,0.0066,0.079,0.0311,0.4968,0.9478,21.0628,5.3394,7.69
995,0,1,trot,0.6,0.4,0.5,False,49,0.49,isaac_reset,0.5443,0.0632,0.4201,0.0558,0.3368,0.0853,0.3373,0.0098,0.0764,0.0417,0.49,0.93,22.6734,4.5384,1.045
996,1,1,trot,0.6,0.4,0.5,False,49,0.49,isaac_reset,0.5418,0.0624,0.4187,0.0582,0.3376,0.0905,0.3393,0.0096,0.0727,0.0387,0.49,0.92,21.8604,3.5598,1.045
997,2,1,trot,0.6,0.4,0.5,False,49,0.49,isaac_reset,0.5386,0.0605,0.4129,0.0614,0.3395,0.0979,0.3409,0.0094,0.0682,0.0369,0.49,0.94,21.1827,4.3173,1.045
998,3,1,trot,0.6,0.4,0.5,False,49,0.49,isaac_reset,0.538,0.0594,0.4115,0.062,0.3406,0.1012,0.3416,0.0093,0.0662,0.036,0.49,0.94,20.8635,4.079,1.045
999,4,1,trot,0.6,0.4,0.5,False,49,0.49,isaac_reset,0.5378,0.0593,0.4109,0.0622,0.3407,0.1018,0.3418,0.0093,0.0659,0.0357,0.49,0.93,20.7964,3.8745,1.045
1000,0,1,trot,0.9,-0.4,-0.5,True,1000,10.0,timeout,0.6602,-0.0327,-0.4281,0.2398,0.3673,0.0777,0.3345,0.0033,0.0518,0.0147,0.5,0.95,23.7154,2.2622,7.638
1001,1,1,trot,0.9,-0.4,-0.5,True,1000,10.0,timeout,0.6612,-0.0349,-0.4337,0.2388,0.3651,0.0769,0.3368,0.0035,0.0499,0.0118,0.5,0.95,22.7296,2.1427,7.638
1002,2,1,trot,0.9,-0.4,-0.5,True,1000,10.0,timeout,0.6614,-0.0368,-0.4398,0.2386,0.3632,0.0778,0.3383,0.0036,0.049,0.0113,0.5,0.95,21.9868,2.0655,7.638
1003,3,1,trot,0.9,-0.4,-0.5,True,1000,10.0,timeout,0.662,-0.0377,-0.4423,0.238,0.3623,0.079,0.3391,0.0035,0.0489,0.0107,0.5,0.95,21.604,2.0258,7.638
1004,4,1,trot,0.9,-0.4,-0.5,True,1000,10.0,timeout,0.6622,-0.0381,-0.4427,0.2378,0.3619,0.0795,0.3393,0.0036,0.0489,0.0109,0.5,0.95,21.5146,2.0204,7.638
1005,0,1,trot,0.9,-0.4,-0.25,True,1000,10.0,timeout,0.6627,-0.0321,-0.2017,0.2373,0.3679,0.0682,0.3341,0.0037,0.0383,0.0222,0.5,0.95,23.5147,5.7496,7.668
1006,1,1,trot,0.9,-0.4,-0.25,True,1000,10.0,timeout,0.6674,-0.0334,-0.2099,0.2326,0.3666,0.0697,0.3364,0.0039,0.0359,0.0197,0.5,0.95,22.5217,5.8765,7.668
1007,2,1,trot,0.9,-0.4,-0.25,True,1000,10.0,timeout,0.6703,-0.0351,-0.2162,0.2297,0.3649,0.0721,0.3379,0.004,0.0349,0.0195,0.5,0.95,21.7927,4.7992,7.668
1008,3,1,trot,0.9,-0.4,-0.25,True,1000,10.0,timeout,0.6716,-0.0352,-0.219,0.2284,0.3648,0.0738,0.3387,0.004,0.0354,0.0185,0.5,0.95,21.427,5.5714,7.668
1009,4,1,trot,0.9,-0.4,-0.25,True,1000,10.0,timeout,0.6716,-0.0354,-0.2196,0.2284,0.3646,0.0744,0.3388,0.004,0.0354,0.0185,0.5,0.95,21.3409,6.0009,7.668
1010,0,1,trot,0.9,-0.4,0.0,True,1000,10.0,timeout,0.6696,-0.0448,-0.0105,0.2304,0.3552,0.0587,0.3345,0.0077,0.0105,0.0302,0.497,0.948,23.3715,5.926,7.649
1011,1,1,trot,0.9,-0.4,0.0,True,1000,10.0,timeout,0.6754,-0.0445,-0.011,0.2246,0.3555,0.0615,0.3367,0.0073,0.0127,0.0276,0.4968,0.9478,22.3463,5.9542,7.649
1012,2,1,trot,0.9,-0.4,0.0,True,1000,10.0,timeout,0.6759,-0.0432,-0.0119,0.2241,0.3568,0.0643,0.3382,0.0072,0.0152,0.0256,0.4968,0.9478,21.6206,5.8845,7.649
1013,3,1,trot,0.9,-0.4,0.0,True,1000,10.0,timeout,0.6745,-0.0432,-0.0112,0.2255,0.3568,0.0671,0.3391,0.0071,0.0162,0.0253,0.4968,0.9478,21.2692,6.4916,7.649
1014,4,1,trot,0.9,-0.4,0.0,True,1000,10.0,timeout,0.6747,-0.0436,-0.0108,0.2253,0.3564,0.0671,0.3392,0.0071,0.0171,0.025,0.4968,0.9478,21.1994,6.8925,7.649
1015,0,1,trot,0.9,-0.4,0.25,False,49,0.49,isaac_reset,0.6883,-0.0416,0.2023,0.2117,0.3584,0.07,0.3353,0.0101,0.0227,0.029,0.49,0.94,23.1336,7.0566,1.035
1016,1,1,trot,0.9,-0.4,0.25,False,49,0.49,isaac_reset,0.6939,-0.0421,0.1956,0.2061,0.3579,0.0721,0.3374,0.0099,0.0246,0.0265,0.49,0.92,22.2386,6.8364,1.035
1017,2,1,trot,0.9,-0.4,0.25,False,49,0.49,isaac_reset,0.6963,-0.0434,0.1907,0.2037,0.3566,0.0742,0.3389,0.0097,0.0271,0.0251,0.49,0.93,21.5886,7.0891,1.035
1018,3,1,trot,0.9,-0.4,0.25,False,49,0.49,isaac_reset,0.6974,-0.0418,0.1912,0.2026,0.3582,0.0768,0.3395,0.0096,0.0294,0.0248,0.49,0.94,21.2435,6.1128,1.035
1019,4,1,trot,0.9,-0.4,0.25,False,49,0.49,isaac_reset,0.6973,-0.0416,0.1909,0.2027,0.3584,0.077,0.3397,0.0096,0.0301,0.0248,0.49,0.94,21.1692,7.0178,1.035
1020,0,1,trot,0.9,-0.4,0.5,True,1000,10.0,timeout,0.7307,-0.0542,0.439,0.1693,0.3458,0.0732,0.3329,0.0046,0.0507,0.0361,0.5,0.95,23.4966,2.2938,7.667
1021,1,1,trot,0.9,-0.4,0.5,True,1000,10.0,timeout,0.7298,-0.0535,0.4318,0.1702,0.3465,0.0764,0.3352,0.0047,0.0524,0.0329,0.5,0.95,22.4753,2.3969,7.667
1022,2,1,trot,0.9,-0.4,0.5,True,1000,10.0,timeout,0.7287,-0.0545,0.4297,0.1713,0.3455,0.0774,0.3368,0.0048,0.0521,0.0314,0.5,0.95,21.7353,2.442,7.667
1023,3,1,trot,0.9,-0.4,0.5,True,1000,10.0,timeout,0.728,-0.0548,0.4286,0.172,0.3452,0.0786,0.3376,0.0049,0.0521,0.0305,0.5,0.95,21.3646,2.4624,7.667
1024,4,1,trot,0.9,-0.4,0.5,True,1000,10.0,timeout,0.7279,-0.0549,0.4285,0.1721,0.3451,0.0787,0.3378,0.0049,0.0523,0.0306,0.5,0.95,21.2785,2.4586,7.667
1025,0,1,trot,0.9,-0.2,-0.5,True,1000,10.0,timeout,0.6539,-0.0069,-0.4289,0.2461,0.1931,0.0781,0.3351,0.0033,0.0507,0.0161,0.5,0.95,23.6134,2.7893,7.687
1026,1,1,trot,0.9,-0.2,-0.5,True,1000,10.0,timeout,0.655,-0.0082,-0.4338,0.245,0.1918,0.0765,0.3373,0.0034,0.0509,0.0126,0.5,0.95,22.6622,3.4507,7.687
1027,2,1,trot,0.9,-0.2,-0.5,True,1000,10.0,timeout,0.6552,-0.0102,-0.4391,0.2448,0.1898,0.0765,0.3389,0.0035,0.0514,0.0119,0.5,0.95,21.9441,3.3706,7.687
1028,3,1,trot,0.9,-0.2,-0.5,True,1000,10.0,timeout,0.6558,-0.0108,-0.4413,0.2442,0.1892,0.0778,0.3397,0.0035,0.0515,0.0115,0.5,0.95,21.5762,3.6926,7.687
1029,4,1,trot,0.9,-0.2,-0.5,True,1000,10.0,timeout,0.6558,-0.0112,-0.4414,0.2442,0.1888,0.0784,0.3398,0.0035,0.0516,0.0118,0.5,0.95,21.488,3.8859,7.687
1030,0,1,trot,0.9,-0.2,-0.25,True,1000,10.0,timeout,0.6472,-0.0101,-0.1894,0.2528,0.1899,0.0746,0.3354,0.0073,0.0516,0.0207,0.4968,0.9478,23.6584,6.1787,7.68
1031,1,1,trot,0.9,-0.2,-0.25,True,1000,10.0,timeout,0.6492,-0.0117,-0.1978,0.2508,0.1883,0.0732,0.3377,0.0071,0.0491,0.0186,0.4968,0.9478,22.6748,4.5356,7.68
1032,2,1,trot,0.9,-0.2,-0.25,True,1000,10.0,timeout,0.6499,-0.0127,-0.2043,0.2501,0.1873,0.0741,0.3393,0.007,0.0484,0.0178,0.4968,0.9478,21.9439,5.9088,7.68
1033,3,1,trot,0.9,-0.2,-0.25,True,1000,10.0,timeout,0.6503,-0.0136,-0.2068,0.2497,0.1864,0.0768,0.3401,0.007,0.0481,0.0174,0.4968,0.9478,21.5699,5.9299,7.68
1034,4,1,trot,0.9,-0.2,-0.25,True,1000,10.0,timeout,0.6509,-0.0139,-0.2072,0.2491,0.1861,0.0768,0.3402,0.0069,0.0481,0.0173,0.4968,0.9478,21.4855,5.8531,7.68
1035,0,1,trot,0.9,-0.2,0.0,False,49,0.49,isaac_reset,0.6669,-0.004,0.0005,0.2331,0.196,0.0468,0.3361,0.0099,0.0542,0.0224,0.49,0.925,23.2002,5.8825,1.043
1036,1,1,trot,0.9,-0.2,0.0,False,49,0.49,isaac_reset,0.6718,-0.0064,-0.0066,0.2282,0.1936,0.0504,0.3382,0.0097,0.0499,0.0212,0.49,0.94,22.2987,5.7547,1.043
1037,2,1,trot,0.9,-0.2,0.0,False,49,0.49,isaac_reset,0.6738,-0.0077,-0.0123,0.2262,0.1923,0.0531,0.3395,0.0096,0.0483,0.0211,0.49,0.94,21.674,5.4205,1.043
1038,3,1,trot,0.9,-0.2,0.0,False,49,0.49,isaac_reset,0.6741,-0.0087,-0.0151,0.2258,0.1913,0.0548,0.3402,0.0095,0.0475,0.0207,0.49,0.94,21.3658,5.7221,1.043
1039,4,1,trot,0.9,-0.2,0.0,False,49,0.49,isaac_reset,0.674,-0.009,-0.0155,0.226,0.191,0.0554,0.3404,0.0095,0.0473,0.0209,0.49,0.925,21.2845,5.5974,1.043
1040,0,1,trot,0.9,-0.2,0.25,True,1000,10.0,timeout,0.7053,-0.0139,0.1916,0.1947,0.1861,0.0733,0.3339,0.0042,0.0471,0.03,0.5,0.95,23.4976,6.2334,7.67
1041,1,1,trot,0.9,-0.2,0.25,True,1000,10.0,timeout,0.7048,-0.0157,0.1888,0.1952,0.1843,0.072,0.3361,0.0043,0.0451,0.0277,0.5,0.95,22.4774,6.2695,7.67
1042,2,1,trot,0.9,-0.2,0.25,True,1000,10.0,timeout,0.7043,-0.017,0.1877,0.1957,0.183,0.0711,0.3377,0.0043,0.0449,0.0266,0.5,0.95,21.7386,6.281,7.67
1043,3,1,trot,0.9,-0.2,0.25,True,1000,10.0,timeout,0.7041,-0.0168,0.1864,0.1959,0.1832,0.071,0.3384,0.0044,0.0461,0.0261,0.5,0.95,21.3962,6.2997,7.67
1044,4,1,trot,0.9,-0.2,0.25,True,1000,10.0,timeout,0.7037,-0.0168,0.1859,0.1963,0.1832,0.0711,0.3385,0.0044,0.0469,0.0261,0.5,0.95,21.3204,6.3046,7.67
1045,0,1,trot,0.9,-0.2,0.5,True,1000,10.0,timeout,0.7229,-0.0244,0.4278,0.1771,0.1756,0.0794,0.3333,0.0048,0.062,0.0368,0.5,0.95,23.5084,5.3654,7.686
1046,1,1,trot,0.9,-0.2,0.5,True,1000,10.0,timeout,0.7216,-0.0247,0.4214,0.1784,0.1753,0.0825,0.3357,0.0048,0.0607,0.0333,0.5,0.95,22.4823,6.1889,7.686
1047,2,1,trot,0.9,-0.2,0.5,True,1000,10.0,timeout,0.7204,-0.0255,0.4192,0.1796,0.1745,0.0834,0.3373,0.0049,0.0597,0.0312,0.5,0.95,21.7492,5.6759,7.686
1048,3,1,trot,0.9,-0.2,0.5,True,1000,10.0,timeout,0.7201,-0.0258,0.418,0.1799,0.1742,0.0844,0.3381,0.0049,0.0592,0.0304,0.5,0.95,21.3808,5.2682,7.686
1049,4,1,trot,0.9,-0.2,0.5,True,1000,10.0,timeout,0.7195,-0.026,0.4186,0.1805,0.174,0.0841,0.3383,0.0049,0.0595,0.0304,0.5,0.95,21.2907,6.033,7.686
1050,0,1,trot,0.9,0.0,-0.5,True,1000,10.0,timeout,0.6349,0.0149,-0.4345,0.2651,0.028,0.0764,0.3364,0.007,0.0451,0.0188,0.4968,0.9478,23.6525,3.8393,7.699
1051,1,1,trot,0.9,0.0,-0.5,True,1000,10.0,timeout,0.634,0.0149,-0.439,0.266,0.028,0.0748,0.3386,0.0067,0.0465,0.0156,0.4968,0.9478,22.6821,3.8822,7.699
1052,2,1,trot,0.9,0.0,-0.5,True,1000,10.0,timeout,0.6338,0.0126,-0.4441,0.2662,0.0276,0.0745,0.3402,0.0067,0.048,0.0146,0.4968,0.9478,21.972,4.9454,7.699
1053,3,1,trot,0.9,0.0,-0.5,True,1000,10.0,timeout,0.6358,0.0139,-0.4472,0.2642,0.0259,0.0756,0.3408,0.0065,0.0502,0.0134,0.4973,0.9483,21.5993,4.6241,7.699
1054,4,1,trot,0.9,0.0,-0.5,True,1000,10.0,timeout,0.6336,0.012,-0.4466,0.2664,0.0271,0.0756,0.3411,0.0065,0.0494,0.014,0.4968,0.9478,21.5313,3.6835,7.699
1055,0,1,trot,0.9,0.0,-0.25,False,49,0.49,isaac_reset,0.6584,0.0161,-0.193,0.2416,0.0189,0.0691,0.3367,0.0097,0.0609,0.0201,0.49,0.93,23.1861,1.8612,1.062
1056,1,1,trot,0.9,0.0,-0.25,False,49,0.49,isaac_reset,0.6557,0.0139,-0.1977,0.2443,0.018,0.0668,0.339,0.0094,0.0592,0.0172,0.49,0.92,22.2695,1.6173,1.062
1057,2,1,trot,0.9,0.0,-0.25,False,49,0.49,isaac_reset,0.6545,0.0117,-0.2022,0.2455,0.0174,0.066,0.3406,0.0092,0.0595,0.0163,0.49,0.94,21.6006,1.7564,1.062
1058,3,1,trot,0.9,0.0,-0.25,False,49,0.49,isaac_reset,0.6553,0.0117,-0.2056,0.2447,0.0179,0.0653,0.3413,0.0091,0.0594,0.0155,0.49,0.93,21.3048,2.8437,1.062
1059,4,1,trot,0.9,0.0,-0.25,False,49,0.49,isaac_reset,0.6555,0.0114,-0.2067,0.2445,0.0177,0.0654,0.3415,0.0091,0.0597,0.0155,0.49,0.94,21.2186,2.1143,1.062
1060,0,1,trot,0.9,0.0,0.0,True,1000,10.0,timeout,0.6779,0.0171,0.0151,0.2221,0.0181,0.0523,0.335,0.0038,0.0925,0.0193,0.5,0.95,23.7663,7.2846,7.666
1061,1,1,trot,0.9,0.0,0.0,True,1000,10.0,timeout,0.6773,0.0146,0.0117,0.2227,0.0176,0.0518,0.3374,0.0039,0.0852,0.0177,0.5,0.95,22.7633,7.3065,7.666
1062,2,1,trot,0.9,0.0,0.0,True,1000,10.0,timeout,0.677,0.0126,0.0072,0.223,0.0175,0.0524,0.3389,0.0039,0.0798,0.0176,0.5,0.95,22.0608,7.288,7.666
1063,3,1,trot,0.9,0.0,0.0,True,1000,10.0,timeout,0.6766,0.0126,0.0066,0.2234,0.0177,0.0535,0.3396,0.0039,0.0791,0.0172,0.5,0.95,21.7091,7.2856,7.666
1064,4,1,trot,0.9,0.0,0.0,True,1000,10.0,timeout,0.6765,0.0124,0.006,0.2235,0.0177,0.0538,0.3397,0.0039,0.0783,0.0172,0.5,0.95,21.63,7.2827,7.666
1065,0,1,trot,0.9,0.0,0.25,True,1000,10.0,timeout,0.6993,0.0119,0.1953,0.2007,0.0159,0.0697,0.3346,0.0042,0.0652,0.0296,0.5,0.95,23.5131,6.0805,7.685
1066,1,1,trot,0.9,0.0,0.25,True,1000,10.0,timeout,0.6975,0.0115,0.1928,0.2025,0.0152,0.0683,0.3368,0.0042,0.0629,0.0272,0.5,0.95,22.5278,6.072,7.685
1067,2,1,trot,0.9,0.0,0.25,True,1000,10.0,timeout,0.6962,0.0105,0.1903,0.2038,0.0149,0.0692,0.3383,0.0043,0.0607,0.026,0.5,0.95,21.7985,6.5966,7.685
1068,3,1,trot,0.9,0.0,0.25,True,1000,10.0,timeout,0.6964,0.0101,0.1897,0.2036,0.0149,0.0707,0.339,0.0043,0.0595,0.0255,0.5,0.95,21.4461,6.4436,7.685
1069,4,1,trot,0.9,0.0,0.25,True,1000,10.0,timeout,0.6963,0.0098,0.1889,0.2037,0.0148,0.0711,0.3392,0.0043,0.0592,0.0256,0.5,0.95,21.3505,6.2496,7.685
1070,0,1,trot,0.9,0.0,0.5,True,1000,10.0,timeout,0.7022,-0.0004,0.4238,0.1978,0.0164,0.083,0.3347,0.0078,0.0607,0.0367,0.4968,0.9478,23.6118,5.5809,7.723
1071,1,1,trot,0.9,0.0,0.5,True,1000,10.0,timeout,0.6997,-0.0007,0.4181,0.2003,0.0148,0.0861,0.337,0.0077,0.0597,0.0328,0.4968,0.9478,22.5869,5.3205,7.723
1072,2,1,trot,0.9,0.0,0.5,True,1000,10.0,timeout,0.6994,-0.0019,0.4147,0.2006,0.0146,0.0888,0.3385,0.0076,0.0588,0.0309,0.4968,0.9478,21.8433,5.3731,7.723
1073,3,1,trot,0.9,0.0,0.5,True,1000,10.0,timeout,0.6991,-0.0021,0.414,0.2009,0.0144,0.0901,0.3393,0.0075,0.0586,0.03,0.4968,0.9478,21.4758,5.9772,7.723
1074,4,1,trot,0.9,0.0,0.5,True,1000,10.0,timeout,0.6986,-0.002,0.4146,0.2014,0.0139,0.0899,0.3395,0.0075,0.0584,0.0302,0.4968,0.9478,21.3729,5.183,7.723
1075,0,1,trot,0.9,0.2,-0.5,False,49,0.49,isaac_reset,0.6365,0.0478,-0.4482,0.2635,0.1522,0.0695,0.3382,0.0095,0.0625,0.013,0.49,0.93,23.2779,3.1679,1.046
1076,1,1,trot,0.9,0.2,-0.5,False,49,0.49,isaac_reset,0.6345,0.0468,-0.4534,0.2655,0.1532,0.0671,0.3402,0.0093,0.0593,0.0114,0.49,0.94,22.4178,3.2847,1.046
1077,2,1,trot,0.9,0.2,-0.5,False,49,0.49,isaac_reset,0.6342,0.0444,-0.4585,0.2658,0.1556,0.0677,0.3417,0.0091,0.0593,0.0108,0.49,0.94,21.7808,3.1233,1.046
1078,3,1,trot,0.9,0.2,-0.5,False,49,0.49,isaac_reset,0.6346,0.0445,-0.4617,0.2654,0.1555,0.0688,0.3424,0.009,0.0588,0.0107,0.49,0.93,21.4834,2.5057,1.046
1079,4,1,trot,0.9,0.2,-0.5,False,49,0.49,isaac_reset,0.6345,0.0439,-0.4621,0.2655,0.1561,0.0693,0.3425,0.009,0.0591,0.0109,0.49,0.93,21.3959,3.6743,1.046
1080,0,1,trot,0.9,0.2,-0.25,True,1000,10.0,timeout,0.6558,0.0448,-0.2082,0.2442,0.1552,0.0604,0.3366,0.0032,0.093,0.0099,0.5,0.95,23.9657,5.7032,7.682
1081,1,1,trot,0.9,0.2,-0.25,True,1000,10.0,timeout,0.6573,0.0424,-0.2116,0.2427,0.1576,0.0579,0.3387,0.0034,0.0866,0.0093,0.5,0.95,23.013,5.6698,7.682
1082,2,1,trot,0.9,0.2,-0.25,True,1000,10.0,timeout,0.6559,0.0401,-0.2154,0.2441,0.1599,0.0574,0.3401,0.0035,0.0822,0.0095,0.5,0.95,22.2936,5.608,7.682
1083,3,1,trot,0.9,0.2,-0.25,True,1000,10.0,timeout,0.655,0.0398,-0.2177,0.245,0.1602,0.0588,0.3408,0.0035,0.0804,0.0096,0.5,0.95,21.9241,5.5624,7.682
1084,4,1,trot,0.9,0.2,-0.25,True,1000,10.0,timeout,0.6546,0.0395,-0.2183,0.2454,0.1605,0.0591,0.3409,0.0035,0.0801,0.0097,0.5,0.95,21.8449,5.5513,7.682
1085,0,1,trot,0.9,0.2,0.0,True,1000,10.0,timeout,0.6754,0.0395,0.0163,0.2246,0.1605,0.0556,0.3356,0.0036,0.103,0.0189,0.5,0.95,23.8623,7.1404,7.701
1086,1,1,trot,0.9,0.2,0.0,True,1000,10.0,timeout,0.6747,0.037,0.0117,0.2253,0.163,0.0531,0.338,0.0037,0.0973,0.0174,0.5,0.95,22.8679,7.3024,7.701
1087,2,1,trot,0.9,0.2,0.0,True,1000,10.0,timeout,0.6741,0.0344,0.0087,0.2259,0.1656,0.053,0.3395,0.0038,0.0937,0.0163,0.5,0.95,22.2035,7.9664,7.701
1088,3,1,trot,0.9,0.2,0.0,True,1000,10.0,timeout,0.675,0.0335,0.0078,0.225,0.1665,0.0542,0.3401,0.0038,0.0919,0.0162,0.5,0.95,21.872,6.865,7.701
1089,4,1,trot,0.9,0.2,0.0,True,1000,10.0,timeout,0.6752,0.0335,0.0075,0.2248,0.1665,0.0543,0.3402,0.0038,0.0919,0.0159,0.5,0.95,21.815,7.1205,7.701
1090,0,1,trot,0.9,0.2,0.25,True,1000,10.0,timeout,0.6803,0.0288,0.2192,0.2197,0.1712,0.0625,0.3358,0.0074,0.0821,0.0297,0.4968,0.9478,23.705,5.855,7.698
1091,1,1,trot,0.9,0.2,0.25,True,1000,10.0,timeout,0.6787,0.0282,0.2144,0.2213,0.1718,0.0608,0.3381,0.0072,0.0786,0.0272,0.4968,0.9478,22.7102,6.4977,7.698
1092,2,1,trot,0.9,0.2,0.25,True,1000,10.0,timeout,0.6774,0.0281,0.2108,0.2226,0.1719,0.063,0.3395,0.0071,0.077,0.0259,0.4968,0.9478,21.9929,6.1032,7.698
1093,3,1,trot,0.9,0.2,0.25,True,1000,10.0,timeout,0.678,0.0281,0.2085,0.222,0.1719,0.0651,0.3403,0.0071,0.0756,0.0248,0.4968,0.9478,21.6283,6.4461,7.698
1094,4,1,trot,0.9,0.2,0.25,True,1000,10.0,timeout,0.678,0.0279,0.2078,0.222,0.1721,0.0656,0.3404,0.007,0.0751,0.0245,0.4968,0.9478,21.5535,5.4372,7.698
1095,0,1,trot,0.9,0.2,0.5,False,49,0.49,isaac_reset,0.7094,0.0352,0.4169,0.1906,0.1648,0.0866,0.335,0.0103,0.0731,0.0365,0.49,0.94,23.4758,5.3564,1.041
1096,1,1,trot,0.9,0.2,0.5,False,49,0.49,isaac_reset,0.707,0.0325,0.4111,0.193,0.1675,0.0908,0.3374,0.01,0.0697,0.0321,0.49,0.94,22.5098,5.6626,1.041
1097,2,1,trot,0.9,0.2,0.5,False,49,0.49,isaac_reset,0.7053,0.0302,0.404,0.1947,0.1698,0.097,0.3392,0.0098,0.0677,0.0295,0.49,0.925,21.8256,5.2415,1.041
1098,3,1,trot,0.9,0.2,0.5,False,49,0.49,isaac_reset,0.7061,0.0298,0.4032,0.1939,0.1702,0.0984,0.34,0.0097,0.0669,0.0288,0.49,0.93,21.4714,5.6743,1.041
1099,4,1,trot,0.9,0.2,0.5,False,49,0.49,isaac_reset,0.7058,0.0297,0.4026,0.1942,0.1703,0.0991,0.3402,0.0096,0.0669,0.0287,0.49,0.92,21.3905,5.5406,1.041
1100,0,1,trot,0.9,0.4,-0.5,True,1000,10.0,timeout,0.6367,0.0722,-0.4789,0.2633,0.3278,0.0554,0.3372,0.0034,0.0615,0.0139,0.5,0.95,23.7857,1.4045,7.703
1101,1,1,trot,0.9,0.4,-0.5,True,1000,10.0,timeout,0.6345,0.0698,-0.4805,0.2655,0.3302,0.0567,0.3393,0.0035,0.0579,0.0124,0.5,0.95,22.8344,1.3707,7.703
1102,2,1,trot,0.9,0.4,-0.5,True,1000,10.0,timeout,0.6337,0.0671,-0.4816,0.2663,0.3329,0.0572,0.3406,0.0035,0.0564,0.0119,0.5,0.95,22.1348,1.3471,7.703
1103,3,1,trot,0.9,0.4,-0.5,True,1000,10.0,timeout,0.6348,0.0672,-0.4831,0.2652,0.3328,0.0599,0.3413,0.0036,0.0561,0.0116,0.5,0.95,21.784,1.3239,7.703
1104,4,1,trot,0.9,0.4,-0.5,True,1000,10.0,timeout,0.6345,0.0667,-0.4832,0.2655,0.3333,0.0603,0.3414,0.0036,0.0563,0.0116,0.5,0.95,21.7064,1.2938,7.703
1105,0,1,trot,0.9,0.4,-0.25,True,1000,10.0,timeout,0.6505,0.0701,-0.2273,0.2495,0.3299,0.0538,0.3373,0.0032,0.0931,0.0111,0.5,0.95,23.9671,4.6708,7.685
1106,1,1,trot,0.9,0.4,-0.25,True,1000,10.0,timeout,0.6506,0.0668,-0.2295,0.2494,0.3332,0.0546,0.3393,0.0034,0.0878,0.01,0.5,0.95,23.0262,5.1842,7.685
1107,2,1,trot,0.9,0.4,-0.25,True,1000,10.0,timeout,0.6509,0.0648,-0.2329,0.2491,0.3352,0.0562,0.3407,0.0036,0.084,0.0096,0.5,0.95,22.3336,4.9514,7.685
1108,3,1,trot,0.9,0.4,-0.25,True,1000,10.0,timeout,0.6515,0.065,-0.2349,0.2485,0.335,0.0593,0.3414,0.0036,0.0825,0.0094,0.5,0.95,21.979,4.7828,7.685
1109,4,1,trot,0.9,0.4,-0.25,True,1000,10.0,timeout,0.6513,0.0647,-0.2352,0.2487,0.3353,0.0598,0.3415,0.0036,0.0824,0.0095,0.5,0.95,21.8956,4.1496,7.685
1110,0,1,trot,0.9,0.4,0.0,True,1000,10.0,timeout,0.6568,0.0579,0.0167,0.2432,0.3421,0.0601,0.3372,0.0069,0.1021,0.0191,0.4968,0.9478,23.9639,6.4278,7.717
1111,1,1,trot,0.9,0.4,0.0,True,1000,10.0,timeout,0.6555,0.0558,0.0113,0.2445,0.3442,0.0569,0.3394,0.0067,0.0971,0.0173,0.4968,0.9478,22.9953,7.0207,7.717
1112,2,1,trot,0.9,0.4,0.0,True,1000,10.0,timeout,0.6562,0.0529,0.008,0.2438,0.3471,0.0565,0.3408,0.0066,0.0939,0.0157,0.4968,0.9478,22.3587,7.026,7.717
1113,3,1,trot,0.9,0.4,0.0,True,1000,10.0,timeout,0.6567,0.052,0.0061,0.2433,0.348,0.0586,0.3415,0.0067,0.0923,0.0159,0.4968,0.9478,22.017,7.5967,7.717
1114,4,1,trot,0.9,0.4,0.0,True,1000,10.0,timeout,0.6565,0.0518,0.0059,0.2435,0.3482,0.0591,0.3417,0.0067,0.0919,0.0158,0.4968,0.9478,21.9419,6.8182,7.717
1115,0,1,trot,0.9,0.4,0.25,False,49,0.49,isaac_reset,0.6836,0.0598,0.2504,0.2164,0.3402,0.0636,0.3365,0.0099,0.1095,0.0259,0.49,0.94,23.6233,6.7199,1.048
1116,1,1,trot,0.9,0.4,0.25,False,49,0.49,isaac_reset,0.6805,0.0577,0.242,0.2195,0.3423,0.06,0.339,0.0095,0.1048,0.022,0.49,0.94,22.6941,6.3612,1.048
1117,2,1,trot,0.9,0.4,0.25,False,49,0.49,isaac_reset,0.6807,0.0552,0.2336,0.2193,0.3448,0.0596,0.3406,0.0093,0.101,0.0201,0.49,0.94,22.0354,6.0283,1.048
1118,3,1,trot,0.9,0.4,0.25,False,49,0.49,isaac_reset,0.681,0.055,0.23,0.219,0.345,0.0614,0.3413,0.0093,0.0992,0.0191,0.49,0.93,21.7236,7.5202,1.048
1119,4,1,trot,0.9,0.4,0.25,False,49,0.49,isaac_reset,0.6807,0.0549,0.2292,0.2193,0.3451,0.062,0.3414,0.0092,0.0988,0.0189,0.49,0.94,21.6706,6.9472,1.048
1120,0,1,trot,0.9,0.4,0.5,True,1000,10.0,timeout,0.7171,0.0603,0.4439,0.1829,0.3397,0.0619,0.3348,0.0044,0.0777,0.0344,0.5,0.95,23.5644,2.1412,7.726
1121,1,1,trot,0.9,0.4,0.5,True,1000,10.0,timeout,0.7148,0.0595,0.439,0.1852,0.3405,0.0646,0.3371,0.0044,0.0744,0.0306,0.5,0.95,22.5421,2.2382,7.726
1122,2,1,trot,0.9,0.4,0.5,True,1000,10.0,timeout,0.7139,0.0587,0.4352,0.1861,0.3413,0.0698,0.3387,0.0044,0.0726,0.0286,0.5,0.95,21.8172,2.3127,7.726
1123,3,1,trot,0.9,0.4,0.5,True,1000,10.0,timeout,0.7139,0.0585,0.4333,0.1861,0.3415,0.0729,0.3395,0.0044,0.0718,0.0272,0.5,0.95,21.4568,2.3645,7.726
1124,4,1,trot,0.9,0.4,0.5,True,1000,10.0,timeout,0.7137,0.0581,0.4327,0.1863,0.3419,0.0739,0.3397,0.0044,0.0711,0.0271,0.5,0.95,21.3674,2.3658,7.726
1125,0,1,trot,1.2,-0.4,-0.5,True,1000,10.0,timeout,0.8422,-0.0216,-0.4146,0.3578,0.3784,0.087,0.3321,0.0032,0.0573,0.0185,0.5,0.95,24.176,4.2146,7.712
1126,1,1,trot,1.2,-0.4,-0.5,True,1000,10.0,timeout,0.8489,-0.0234,-0.4227,0.3511,0.3766,0.0836,0.3344,0.0034,0.0547,0.0158,0.5,0.95,23.1913,4.1319,7.712
1127,2,1,trot,1.2,-0.4,-0.5,True,1000,10.0,timeout,0.8534,-0.0248,-0.4285,0.3466,0.3752,0.0826,0.3358,0.0034,0.054,0.0148,0.5,0.95,22.4635,4.1132,7.712
1128,3,1,trot,1.2,-0.4,-0.5,True,1000,10.0,timeout,0.8557,-0.0244,-0.431,0.3443,0.3756,0.0831,0.3365,0.0035,0.0539,0.0139,0.5,0.95,22.1012,3.5743,7.712
1129,4,1,trot,1.2,-0.4,-0.5,True,1000,10.0,timeout,0.8553,-0.0253,-0.4313,0.3447,0.3747,0.0836,0.3368,0.0035,0.054,0.0136,0.5,0.95,22.0019,3.5185,7.712
1130,0,1,trot,1.2,-0.4,-0.25,True,1000,10.0,timeout,0.8277,-0.0321,-0.1867,0.3723,0.3679,0.0759,0.3325,0.0076,0.0455,0.0245,0.4968,0.9478,24.109,6.7361,7.723
1131,1,1,trot,1.2,-0.4,-0.25,True,1000,10.0,timeout,0.8387,-0.0339,-0.1962,0.3613,0.3661,0.0748,0.3347,0.0074,0.0413,0.0224,0.4968,0.9478,23.1129,6.3265,7.723
1132,2,1,trot,1.2,-0.4,-0.25,True,1000,10.0,timeout,0.8443,-0.0335,-0.1977,0.3557,0.3665,0.0793,0.3361,0.0073,0.0436,0.0216,0.4968,0.9478,22.3736,7.1468,7.723
1133,3,1,trot,1.2,-0.4,-0.25,True,1000,10.0,timeout,0.846,-0.0322,-0.2,0.354,0.3678,0.0811,0.3368,0.0072,0.0445,0.0206,0.4968,0.9478,22.0156,7.3972,7.723
1134,4,1,trot,1.2,-0.4,-0.25,True,1000,10.0,timeout,0.8463,-0.0332,-0.1999,0.3537,0.3668,0.0813,0.337,0.0073,0.0448,0.0204,0.4968,0.9478,21.9356,7.0689,7.723
1135,0,1,trot,1.2,-0.4,0.0,False,49,0.49,isaac_reset,0.861,-0.0322,-0.0024,0.339,0.3678,0.0456,0.3333,0.0102,0.0308,0.0278,0.49,0.94,23.7642,7.8527,1.048
1136,1,1,trot,1.2,-0.4,0.0,False,49,0.49,isaac_reset,0.8693,-0.0334,-0.0086,0.3307,0.3666,0.0523,0.3353,0.01,0.0311,0.0258,0.49,0.94,22.8215,7.221,1.048
1137,2,1,trot,1.2,-0.4,0.0,False,49,0.49,isaac_reset,0.874,-0.0348,-0.0141,0.326,0.3652,0.0574,0.3367,0.0098,0.0317,0.0248,0.49,0.92,22.1646,7.5131,1.048
1138,3,1,trot,1.2,-0.4,0.0,False,49,0.49,isaac_reset,0.8759,-0.0347,-0.0168,0.3241,0.3653,0.0592,0.3374,0.0097,0.0315,0.024,0.49,0.925,21.8474,6.997,1.048
1139,4,1,trot,1.2,-0.4,0.0,False,49,0.49,isaac_reset,0.8762,-0.0347,-0.0172,0.3238,0.3653,0.059,0.3375,0.0097,0.0317,0.024,0.49,0.93,21.7792,6.7363,1.048
1140,0,1,trot,1.2,-0.4,0.25,True,1000,10.0,timeout,0.8965,-0.0556,0.2214,0.3035,0.3444,0.0537,0.3314,0.0039,0.0308,0.0314,0.5,0.95,23.8951,7.4286,7.716
1141,1,1,trot,1.2,-0.4,0.25,True,1000,10.0,timeout,0.8996,-0.0545,0.2172,0.3004,0.3455,0.0551,0.3336,0.004,0.0333,0.0287,0.5,0.95,22.8393,7.5168,7.716
1142,2,1,trot,1.2,-0.4,0.25,True,1000,10.0,timeout,0.9008,-0.0535,0.2142,0.2992,0.3465,0.0569,0.3351,0.004,0.0349,0.0272,0.5,0.95,22.0876,7.6065,7.716
1143,3,1,trot,1.2,-0.4,0.25,True,1000,10.0,timeout,0.9014,-0.0532,0.2132,0.2986,0.3468,0.0581,0.3359,0.0041,0.0353,0.0267,0.5,0.95,21.7099,7.6362,7.716
1144,4,1,trot,1.2,-0.4,0.25,True,1000,10.0,timeout,0.901,-0.0531,0.2135,0.299,0.3469,0.058,0.336,0.0041,0.0362,0.0265,0.5,0.95,21.6318,7.6021,7.716
1145,0,1,trot,1.2,-0.4,0.5,True,1000,10.0,timeout,0.9041,-0.0788,0.4579,0.2959,0.3212,0.0644,0.3316,0.0042,0.0447,0.0379,0.5,0.95,23.7836,7.4819,7.736
1146,1,1,trot,1.2,-0.4,0.5,True,1000,10.0,timeout,0.9032,-0.0765,0.4504,0.2968,0.3235,0.0672,0.3338,0.0044,0.047,0.0358,0.5,0.95,22.7417,7.4627,7.736
1147,2,1,trot,1.2,-0.4,0.5,True,1000,10.0,timeout,0.9034,-0.0737,0.4441,0.2966,0.3263,0.0711,0.3353,0.0044,0.048,0.0339,0.5,0.95,22.0303,7.2788,7.736
1148,3,1,trot,1.2,-0.4,0.5,True,1000,10.0,timeout,0.9035,-0.0716,0.4406,0.2965,0.3284,0.0734,0.3361,0.0045,0.0489,0.0332,0.5,0.95,21.6645,6.8039,7.736
1149,4,1,trot,1.2,-0.4,0.5,True,1000,10.0,timeout,0.9039,-0.0714,0.4399,0.2961,0.3286,0.0736,0.3363,0.0045,0.049,0.0329,0.5,0.95,21.5897,7.6148,7.736
1150,0,1,trot,1.2,-0.2,-0.5,True,1000,10.0,timeout,0.8139,-0.0007,-0.4137,0.3861,0.1993,0.0904,0.3334,0.0073,0.0571,0.0181,0.497,0.948,24.2911,4.7306,7.738
1151,1,1,trot,1.2,-0.2,-0.5,True,1000,10.0,timeout,0.8196,-0.0029,-0.4204,0.3804,0.1971,0.0858,0.3358,0.0071,0.0555,0.0152,0.497,0.948,23.285,4.5098,7.738
1152,2,1,trot,1.2,-0.2,-0.5,True,1000,10.0,timeout,0.8234,-0.0041,-0.4263,0.3766,0.1959,0.0841,0.3373,0.007,0.0557,0.0142,0.4968,0.9478,22.5613,5.4604,7.738
1153,3,1,trot,1.2,-0.2,-0.5,True,1000,10.0,timeout,0.8241,-0.0036,-0.43,0.3759,0.1964,0.0833,0.3381,0.0069,0.0552,0.0129,0.4968,0.9478,22.2018,5.6344,7.738
1154,4,1,trot,1.2,-0.2,-0.5,True,1000,10.0,timeout,0.8251,-0.0043,-0.4302,0.3749,0.1957,0.0838,0.3382,0.007,0.0551,0.0131,0.4968,0.9478,22.1162,4.9542,7.738
1155,0,1,trot,1.2,-0.2,-0.25,False,49,0.49,isaac_reset,0.8412,-0.0043,-0.1763,0.3588,0.1957,0.0791,0.3338,0.0101,0.0573,0.0221,0.49,0.94,23.7931,4.4308,1.041
1156,1,1,trot,1.2,-0.2,-0.25,False,49,0.49,isaac_reset,0.8455,-0.0046,-0.1844,0.3545,0.1954,0.0739,0.3358,0.0098,0.0557,0.0191,0.49,0.92,22.8679,3.7238,1.041
1157,2,1,trot,1.2,-0.2,-0.25,False,49,0.49,isaac_reset,0.8513,-0.0043,-0.1905,0.3487,0.1957,0.0741,0.3371,0.0097,0.0565,0.0185,0.49,0.93,22.2248,3.4993,1.041
1158,3,1,trot,1.2,-0.2,-0.25,False,49,0.49,isaac_reset,0.8536,-0.0035,-0.1943,0.3464,0.1965,0.0736,0.3378,0.0096,0.0574,0.0173,0.49,0.94,21.9242,3.1615,1.041
1159,4,1,trot,1.2,-0.2,-0.25,False,49,0.49,isaac_reset,0.8536,-0.0038,-0.1946,0.3464,0.1962,0.0741,0.3379,0.0096,0.0577,0.0173,0.49,0.925,21.8518,3.264,1.041
1160,0,1,trot,1.2,-0.2,0.0,True,1000,10.0,timeout,0.8643,-0.0077,0.0093,0.3357,0.1923,0.0464,0.3322,0.0036,0.0495,0.0239,0.5,0.95,23.9438,9.2593,7.655
1161,1,1,trot,1.2,-0.2,0.0,True,1000,10.0,timeout,0.8714,-0.0087,0.0035,0.3286,0.1913,0.0485,0.3344,0.0038,0.0481,0.0215,0.5,0.95,22.9498,9.3625,7.655
1162,2,1,trot,1.2,-0.2,0.0,True,1000,10.0,timeout,0.8743,-0.0091,0.0008,0.3257,0.1909,0.0508,0.3359,0.0038,0.0487,0.0202,0.5,0.95,22.216,9.3624,7.655
1163,3,1,trot,1.2,-0.2,0.0,True,1000,10.0,timeout,0.8754,-0.0093,0.0006,0.3246,0.1907,0.0531,0.3367,0.0038,0.0486,0.0189,0.5,0.95,21.8573,9.3737,7.655
1164,4,1,trot,1.2,-0.2,0.0,True,1000,10.0,timeout,0.8763,-0.0088,-0.0004,0.3237,0.1912,0.052,0.3368,0.0039,0.0494,0.0193,0.5,0.95,21.7824,9.3965,7.655
1165,0,1,trot,1.2,-0.2,0.25,True,1000,10.0,timeout,0.8867,-0.024,0.2065,0.3133,0.176,0.0663,0.3322,0.004,0.05,0.0299,0.5,0.95,23.9102,9.2764,7.715
1166,1,1,trot,1.2,-0.2,0.25,True,1000,10.0,timeout,0.8899,-0.0253,0.1993,0.3101,0.1747,0.064,0.3343,0.0041,0.0489,0.0279,0.5,0.95,22.872,9.0309,7.715
1167,2,1,trot,1.2,-0.2,0.25,True,1000,10.0,timeout,0.8914,-0.0252,0.1957,0.3086,0.1748,0.065,0.3357,0.0041,0.0486,0.026,0.5,0.95,22.1428,9.1056,7.715
1168,3,1,trot,1.2,-0.2,0.25,True,1000,10.0,timeout,0.8913,-0.024,0.1959,0.3087,0.176,0.0658,0.3365,0.0042,0.0499,0.0253,0.5,0.95,21.7729,8.614,7.715
1169,4,1,trot,1.2,-0.2,0.25,True,1000,10.0,timeout,0.8907,-0.0246,0.1958,0.3093,0.1754,0.0657,0.3367,0.0042,0.0498,0.025,0.5,0.95,21.6877,8.8835,7.715
1170,0,1,trot,1.2,-0.2,0.5,True,1000,10.0,timeout,0.8772,-0.0496,0.4373,0.3228,0.1504,0.0783,0.3328,0.0079,0.0585,0.037,0.4968,0.9478,24.0084,6.9431,7.709
1171,1,1,trot,1.2,-0.2,0.5,True,1000,10.0,timeout,0.8771,-0.0477,0.4314,0.3229,0.1524,0.0815,0.3349,0.0077,0.0592,0.0349,0.4968,0.9478,22.9597,6.2693,7.709
1172,2,1,trot,1.2,-0.2,0.5,True,1000,10.0,timeout,0.8768,-0.0471,0.4257,0.3232,0.1531,0.0845,0.3364,0.0078,0.0592,0.0332,0.4968,0.9478,22.2126,6.4523,7.709
1173,3,1,trot,1.2,-0.2,0.5,True,1000,10.0,timeout,0.8777,-0.045,0.4231,0.3223,0.1551,0.0867,0.3371,0.0076,0.0592,0.0324,0.4968,0.9478,21.8533,6.7999,7.709
1174,4,1,trot,1.2,-0.2,0.5,True,1000,10.0,timeout,0.8758,-0.0462,0.4249,0.3242,0.1539,0.086,0.3373,0.0077,0.0589,0.0326,0.4968,0.9478,21.779,6.9951,7.709
1175,0,1,trot,1.2,0.0,-0.5,False,49,0.49,isaac_reset,0.8134,0.036,-0.4177,0.3866,0.0362,0.0901,0.335,0.0099,0.0734,0.0112,0.49,0.94,24.0687,3.7235,1.048
1176,1,1,trot,1.2,0.0,-0.5,False,49,0.49,isaac_reset,0.8213,0.0323,-0.426,0.3787,0.0341,0.0828,0.3375,0.0096,0.0689,0.0098,0.49,0.94,23.1009,4.2001,1.048
1177,2,1,trot,1.2,0.0,-0.5,False,49,0.49,isaac_reset,0.8224,0.0299,-0.4337,0.3776,0.0326,0.0793,0.3391,0.0094,0.0683,0.0088,0.49,0.93,22.4386,3.6201,1.048
1178,3,1,trot,1.2,0.0,-0.5,False,49,0.49,isaac_reset,0.8238,0.0299,-0.4386,0.3762,0.0327,0.0777,0.3398,0.0093,0.0672,0.008,0.49,0.94,22.1416,3.5049,1.048
1179,4,1,trot,1.2,0.0,-0.5,False,49,0.49,isaac_reset,0.8234,0.0294,-0.4391,0.3766,0.0323,0.0781,0.34,0.0093,0.0676,0.0081,0.49,0.92,22.0691,4.0734,1.048
1180,0,1,trot,1.2,0.0,-0.25,True,1000,10.0,timeout,0.8366,0.0263,-0.1799,0.3634,0.0265,0.076,0.333,0.0034,0.0931,0.0103,0.5,0.95,24.5781,7.6756,7.708
1181,1,1,trot,1.2,0.0,-0.25,True,1000,10.0,timeout,0.8431,0.022,-0.1884,0.3569,0.0238,0.0677,0.3354,0.0035,0.0847,0.0093,0.5,0.95,23.5251,7.6013,7.708
1182,2,1,trot,1.2,0.0,-0.25,True,1000,10.0,timeout,0.847,0.02,-0.1951,0.353,0.0227,0.0656,0.337,0.0036,0.0827,0.0095,0.5,0.95,22.7836,7.5222,7.708
1183,3,1,trot,1.2,0.0,-0.25,True,1000,10.0,timeout,0.8484,0.0198,-0.2007,0.3516,0.0227,0.0632,0.3378,0.0036,0.0813,0.0086,0.5,0.95,22.431,7.4486,7.708
1184,4,1,trot,1.2,0.0,-0.25,True,1000,10.0,timeout,0.8484,0.0197,-0.2012,0.3516,0.0227,0.0634,0.3379,0.0036,0.0815,0.0087,0.5,0.95,22.3532,7.4436,7.708
1185,0,1,trot,1.2,0.0,0.0,True,1000,10.0,timeout,0.8512,0.0153,0.0248,0.3488,0.018,0.049,0.3329,0.0038,0.0946,0.0193,0.5,0.95,24.2486,8.8323,7.708
1186,1,1,trot,1.2,0.0,0.0,True,1000,10.0,timeout,0.8582,0.0125,0.0144,0.3418,0.0168,0.0473,0.3353,0.0038,0.0866,0.0171,0.5,0.95,23.2493,8.9795,7.708
1187,2,1,trot,1.2,0.0,0.0,True,1000,10.0,timeout,0.861,0.0113,0.0079,0.339,0.0163,0.0456,0.3368,0.0039,0.0846,0.0165,0.5,0.95,22.5309,9.1698,7.708
1188,3,1,trot,1.2,0.0,0.0,True,1000,10.0,timeout,0.8621,0.0121,0.0062,0.3379,0.0166,0.0462,0.3375,0.0039,0.0842,0.0152,0.5,0.95,22.188,9.1247,7.708
1189,4,1,trot,1.2,0.0,0.0,True,1000,10.0,timeout,0.8615,0.0119,0.0062,0.3385,0.0168,0.0465,0.3377,0.0039,0.0839,0.0153,0.5,0.95,22.1015,8.7545,7.708
1190,0,1,trot,1.2,0.0,0.25,True,1000,10.0,timeout,0.8552,-0.0013,0.2056,0.3448,0.0179,0.07,0.3334,0.0076,0.0681,0.029,0.4968,0.9478,24.1397,8.0305,7.723
1191,1,1,trot,1.2,0.0,0.25,True,1000,10.0,timeout,0.8572,-0.0018,0.1983,0.3428,0.0166,0.0705,0.3357,0.0075,0.0649,0.0266,0.4968,0.9478,23.0737,6.6061,7.723
1192,2,1,trot,1.2,0.0,0.25,True,1000,10.0,timeout,0.8584,-0.0029,0.1907,0.3416,0.0161,0.0708,0.3373,0.0074,0.0623,0.0255,0.4968,0.9478,22.2989,7.2046,7.723
1193,3,1,trot,1.2,0.0,0.25,True,1000,10.0,timeout,0.8611,-0.0013,0.1878,0.3389,0.0155,0.0723,0.338,0.0072,0.0615,0.0241,0.4968,0.9478,21.9409,7.4672,7.723
1194,4,1,trot,1.2,0.0,0.25,True,1000,10.0,timeout,0.8596,-0.0026,0.1894,0.3404,0.0164,0.0717,0.3382,0.0073,0.0616,0.0241,0.4968,0.9478,21.8633,7.4279,7.723
1195,0,1,trot,1.2,0.0,0.5,False,49,0.49,isaac_reset,0.8891,-0.0083,0.4168,0.3109,0.0092,0.0899,0.333,0.0106,0.0776,0.0348,0.49,0.92,24.1512,7.169,1.048
1196,1,1,trot,1.2,0.0,0.5,False,49,0.49,isaac_reset,0.8891,-0.0091,0.4126,0.3109,0.01,0.0923,0.3352,0.0103,0.0747,0.0323,0.49,0.92,23.1359,7.5141,1.048
1197,2,1,trot,1.2,0.0,0.5,False,49,0.49,isaac_reset,0.8879,-0.01,0.4083,0.3121,0.0109,0.0944,0.3368,0.0101,0.0723,0.0308,0.49,0.93,22.4249,6.9192,1.048
1198,3,1,trot,1.2,0.0,0.5,False,49,0.49,isaac_reset,0.8884,-0.01,0.4063,0.3116,0.0112,0.0958,0.3376,0.01,0.0708,0.0298,0.49,0.93,22.0825,6.9739,1.048
1199,4,1,trot,1.2,0.0,0.5,False,49,0.49,isaac_reset,0.8882,-0.0099,0.4066,0.3118,0.0111,0.0956,0.3377,0.01,0.0712,0.0298,0.49,0.93,22.0109,7.2506,1.048
1200,0,1,trot,1.2,0.2,-0.5,True,1000,10.0,timeout,0.8188,0.058,-0.4447,0.3812,0.142,0.0743,0.3341,0.0032,0.0773,0.0093,0.5,0.95,24.6093,2.4193,7.714
1201,1,1,trot,1.2,0.2,-0.5,True,1000,10.0,timeout,0.8229,0.0544,-0.4509,0.3771,0.1456,0.0655,0.3365,0.0034,0.0706,0.0077,0.5,0.95,23.5576,2.3259,7.714
1202,2,1,trot,1.2,0.2,-0.5,True,1000,10.0,timeout,0.8232,0.0527,-0.457,0.3768,0.1473,0.0609,0.3381,0.0034,0.0692,0.0066,0.5,0.95,22.8234,2.229,7.714
1203,3,1,trot,1.2,0.2,-0.5,True,1000,10.0,timeout,0.8232,0.0531,-0.4622,0.3768,0.1469,0.0592,0.3388,0.0035,0.0681,0.006,0.5,0.95,22.4671,2.1307,7.714
1204,4,1,trot,1.2,0.2,-0.5,True,1000,10.0,timeout,0.8231,0.0526,-0.4627,0.3769,0.1474,0.0591,0.339,0.0035,0.0684,0.006,0.5,0.95,22.3836,2.1203,7.714
1205,0,1,trot,1.2,0.2,-0.25,True,1000,10.0,timeout,0.8273,0.0519,-0.1959,0.3727,0.1481,0.0682,0.3336,0.0034,0.1004,0.0092,0.5,0.95,24.6616,7.1299,7.718
1206,1,1,trot,1.2,0.2,-0.25,True,1000,10.0,timeout,0.833,0.0466,-0.2046,0.367,0.1534,0.0589,0.3361,0.0035,0.0927,0.0079,0.5,0.95,23.6546,6.439,7.718
1207,2,1,trot,1.2,0.2,-0.25,True,1000,10.0,timeout,0.8346,0.044,-0.2113,0.3654,0.156,0.0555,0.3377,0.0036,0.0906,0.0071,0.5,0.95,22.9495,7.6333,7.718
1208,3,1,trot,1.2,0.2,-0.25,True,1000,10.0,timeout,0.8352,0.0436,-0.2154,0.3648,0.1564,0.0542,0.3386,0.0036,0.0895,0.0059,0.5,0.95,22.5777,7.1925,7.718
1209,4,1,trot,1.2,0.2,-0.25,True,1000,10.0,timeout,0.8352,0.0433,-0.216,0.3648,0.1567,0.0543,0.3387,0.0036,0.0892,0.006,0.5,0.95,22.4955,6.4648,7.718
1210,0,1,trot,1.2,0.2,0.0,True,1000,10.0,timeout,0.8248,0.0324,0.0286,0.3752,0.1676,0.0556,0.334,0.0074,0.1034,0.0177,0.4968,0.9478,24.5513,8.0308,7.727
1211,1,1,trot,1.2,0.2,0.0,True,1000,10.0,timeout,0.8306,0.0292,0.0176,0.3694,0.1708,0.0494,0.3367,0.0071,0.0964,0.0154,0.4968,0.9478,23.5153,7.9754,7.727
1212,2,1,trot,1.2,0.2,0.0,True,1000,10.0,timeout,0.8318,0.0281,0.013,0.3682,0.1719,0.0499,0.3383,0.0071,0.0937,0.0148,0.4968,0.9478,22.7712,8.1697,7.727
1213,3,1,trot,1.2,0.2,0.0,True,1000,10.0,timeout,0.8333,0.029,0.0095,0.3667,0.171,0.0498,0.339,0.007,0.0926,0.0136,0.4968,0.9478,22.4315,8.1327,7.727
1214,4,1,trot,1.2,0.2,0.0,True,1000,10.0,timeout,0.8328,0.0277,0.0101,0.3672,0.1723,0.0508,0.3392,0.007,0.0911,0.0136,0.4968,0.9478,22.3371,8.899,7.727
1215,0,1,trot,1.2,0.2,0.25,False,49,0.49,isaac_reset,0.8536,0.0333,0.2325,0.3464,0.1667,0.0529,0.3341,0.0102,0.0999,0.0245,0.49,0.94,24.2235,7.7288,1.045
1216,1,1,trot,1.2,0.2,0.25,False,49,0.49,isaac_reset,0.8558,0.0335,0.22,0.3442,0.1665,0.0562,0.3368,0.0099,0.0946,0.0206,0.49,0.92,23.1937,8.288,1.045
1217,2,1,trot,1.2,0.2,0.25,False,49,0.49,isaac_reset,0.8591,0.0329,0.2135,0.3409,0.1671,0.0598,0.3382,0.0097,0.0926,0.0195,0.49,0.92,22.545,7.76,1.045
1218,3,1,trot,1.2,0.2,0.25,False,49,0.49,isaac_reset,0.8604,0.0332,0.2114,0.3396,0.1668,0.0608,0.3389,0.0096,0.0918,0.0181,0.49,0.93,22.2391,8.2926,1.045
1219,4,1,trot,1.2,0.2,0.25,False,49,0.49,isaac_reset,0.8605,0.0332,0.2104,0.3395,0.1668,0.0606,0.339,0.0096,0.0914,0.0179,0.49,0.94,22.1579,8.643,1.045
1220,0,1,trot,1.2,0.2,0.5,True,1000,10.0,timeout,0.898,0.0211,0.4317,0.302,0.1789,0.0753,0.3326,0.0044,0.0756,0.0326,0.5,0.95,24.0592,2.9635,7.698
1221,1,1,trot,1.2,0.2,0.5,True,1000,10.0,timeout,0.8992,0.0211,0.4259,0.3008,0.1789,0.0779,0.335,0.0044,0.0739,0.0288,0.5,0.95,22.9844,3.0894,7.698
1222,2,1,trot,1.2,0.2,0.5,True,1000,10.0,timeout,0.9,0.0202,0.4198,0.3,0.1798,0.0818,0.3367,0.0044,0.0722,0.0265,0.5,0.95,22.2321,3.229,7.698
1223,3,1,trot,1.2,0.2,0.5,True,1000,10.0,timeout,0.9001,0.0211,0.4196,0.2999,0.1789,0.0826,0.3374,0.0045,0.0722,0.0258,0.5,0.95,21.8666,3.2607,7.698
1224,4,1,trot,1.2,0.2,0.5,True,1000,10.0,timeout,0.9001,0.0211,0.4199,0.2999,0.1789,0.0825,0.3376,0.0045,0.072,0.0257,0.5,0.95,21.791,3.2487,7.698
1225,0,1,trot,1.2,0.4,-0.5,True,1000,10.0,timeout,0.8017,0.0872,-0.4716,0.3983,0.3128,0.0594,0.3351,0.0035,0.081,0.0084,0.5003,0.9503,24.6171,3.3591,7.706
1226,1,1,trot,1.2,0.4,-0.5,True,1000,10.0,timeout,0.8068,0.0825,-0.475,0.3932,0.3175,0.0563,0.3373,0.0038,0.075,0.0076,0.5,0.95,23.6176,3.2324,7.706
1227,2,1,trot,1.2,0.4,-0.5,True,1000,10.0,timeout,0.8099,0.0798,-0.4781,0.3901,0.3202,0.0559,0.3388,0.0037,0.072,0.0067,0.5,0.95,22.8851,3.1194,7.706
1228,3,1,trot,1.2,0.4,-0.5,True,1000,10.0,timeout,0.8105,0.0804,-0.4816,0.3895,0.3196,0.0569,0.3395,0.0038,0.0706,0.0062,0.5,0.95,22.5036,3.8337,7.706
1229,4,1,trot,1.2,0.4,-0.5,True,1000,10.0,timeout,0.8105,0.0799,-0.4819,0.3895,0.3201,0.057,0.3396,0.0038,0.0698,0.0068,0.5,0.95,22.4127,4.1164,7.706
1230,0,1,trot,1.2,0.4,-0.25,True,1000,10.0,timeout,0.8006,0.0731,-0.2136,0.3994,0.3269,0.0589,0.3352,0.007,0.0966,0.0093,0.4968,0.9478,24.7215,6.6775,7.745
1231,1,1,trot,1.2,0.4,-0.25,True,1000,10.0,timeout,0.8056,0.0698,-0.2213,0.3944,0.3302,0.0558,0.3375,0.007,0.0917,0.0078,0.4968,0.9478,23.702,6.7471,7.745
1232,2,1,trot,1.2,0.4,-0.25,True,1000,10.0,timeout,0.806,0.0649,-0.2243,0.394,0.3351,0.0558,0.3393,0.0068,0.0881,0.0074,0.4968,0.9478,23.0216,6.6251,7.745
1233,3,1,trot,1.2,0.4,-0.25,True,1000,10.0,timeout,0.8098,0.0661,-0.2294,0.3902,0.3339,0.0558,0.3399,0.0067,0.0876,0.0064,0.497,0.948,22.624,5.9722,7.745
1234,4,1,trot,1.2,0.4,-0.25,True,1000,10.0,timeout,0.8078,0.0641,-0.228,0.3922,0.3359,0.0565,0.3402,0.0067,0.0863,0.0071,0.4968,0.9478,22.5745,6.1603,7.745
1235,0,1,trot,1.2,0.4,0.0,False,49,0.49,isaac_reset,0.8367,0.0668,0.0341,0.3633,0.3332,0.0549,0.3345,0.0102,0.1222,0.0146,0.49,0.94,24.7235,6.3109,1.046
1236,1,1,trot,1.2,0.4,0.0,False,49,0.49,isaac_reset,0.8394,0.0618,0.0198,0.3606,0.3382,0.0479,0.3373,0.0098,0.1162,0.0127,0.49,0.94,23.7355,6.4263,1.046
1237,2,1,trot,1.2,0.4,0.0,False,49,0.49,isaac_reset,0.8407,0.0592,0.0117,0.3593,0.3408,0.0463,0.3391,0.0095,0.112,0.0105,0.49,0.94,23.0212,6.1171,1.046
1238,3,1,trot,1.2,0.4,0.0,False,49,0.49,isaac_reset,0.843,0.0579,0.0066,0.357,0.3421,0.0462,0.34,0.0094,0.1094,0.0099,0.49,0.925,22.6601,6.2861,1.046
1239,4,1,trot,1.2,0.4,0.0,False,49,0.49,isaac_reset,0.8411,0.0577,0.0076,0.3589,0.3423,0.0467,0.3401,0.0094,0.1098,0.0101,0.49,0.94,22.5777,6.0458,1.046
1240,0,1,trot,1.2,0.4,0.25,True,1000,10.0,timeout,0.8721,0.0546,0.2594,0.3279,0.3454,0.049,0.333,0.0043,0.109,0.026,0.5,0.95,24.4519,6.5046,7.723
1241,1,1,trot,1.2,0.4,0.25,True,1000,10.0,timeout,0.8723,0.0533,0.2469,0.3277,0.3467,0.0463,0.3357,0.0042,0.104,0.0219,0.5,0.95,23.4098,6.7649,7.723
1242,2,1,trot,1.2,0.4,0.25,True,1000,10.0,timeout,0.8721,0.0527,0.2385,0.3279,0.3473,0.0464,0.3374,0.0041,0.1019,0.0197,0.5,0.95,22.6909,6.9276,7.723
1243,3,1,trot,1.2,0.4,0.25,True,1000,10.0,timeout,0.8723,0.0536,0.2383,0.3277,0.3464,0.0493,0.338,0.0041,0.1016,0.0187,0.5,0.95,22.3165,6.9397,7.723
1244,4,1,trot,1.2,0.4,0.25,True,1000,10.0,timeout,0.872,0.0536,0.2373,0.328,0.3464,0.0495,0.3382,0.0041,0.1014,0.0186,0.5,0.95,22.2357,6.9541,7.723
1245,0,1,trot,1.2,0.4,0.5,True,1000,10.0,timeout,0.8909,0.0474,0.4435,0.3091,0.3526,0.0671,0.3332,0.0044,0.078,0.032,0.5,0.95,24.0333,5.3297,7.738
1246,1,1,trot,1.2,0.4,0.5,True,1000,10.0,timeout,0.8919,0.0479,0.4367,0.3081,0.3521,0.0686,0.3355,0.0044,0.0759,0.0282,0.5,0.95,22.9748,4.9437,7.738
1247,2,1,trot,1.2,0.4,0.5,True,1000,10.0,timeout,0.8936,0.0478,0.4299,0.3064,0.3522,0.0732,0.3372,0.0044,0.0736,0.0257,0.5,0.95,22.2367,5.7185,7.738
1248,3,1,trot,1.2,0.4,0.5,True,1000,10.0,timeout,0.8939,0.0487,0.4301,0.3061,0.3513,0.0739,0.3379,0.0045,0.0736,0.0248,0.5,0.95,21.8905,5.6627,7.738
1249,4,1,trot,1.2,0.4,0.5,True,1000,10.0,timeout,0.8937,0.0485,0.4301,0.3063,0.3515,0.0741,0.338,0.0045,0.0732,0.0247,0.5,0.95,21.8053,5.238,7.738
1250,0,2,hop,0.0,-0.4,-0.5,False,62,0.62,fall_height,0.3202,-0.0258,-0.2849,0.3207,0.3742,0.2188,0.2959,0.0279,0.0328,0.107,0.5318,0.9258,21.8301,5.2754,7.787
1251,1,2,hop,0.0,-0.4,-0.5,True,1000,10.0,timeout,0.3126,-0.0248,-0.2956,0.3132,0.3752,0.2062,0.3009,0.0271,0.0376,0.1014,0.515,0.92,21.0412,4.6676,7.787
1252,2,2,hop,0.0,-0.4,-0.5,True,1000,10.0,timeout,0.3067,-0.0194,-0.3171,0.3071,0.3806,0.1859,0.3051,0.0265,0.0466,0.0966,0.5107,0.9168,20.2366,4.4672,7.787
1253,3,2,hop,0.0,-0.4,-0.5,True,1000,10.0,timeout,0.3121,-0.0211,-0.3221,0.3126,0.3789,0.1814,0.3073,0.0259,0.0473,0.0936,0.5098,0.9193,19.9042,4.8198,7.787
1254,4,2,hop,0.0,-0.4,-0.5,True,1000,10.0,timeout,0.3091,-0.0171,-0.3167,0.3099,0.3829,0.1833,0.3069,0.0236,0.0516,0.0899,0.5028,0.9308,19.9441,5.5818,7.787
1255,0,2,hop,0.0,-0.4,-0.25,False,49,0.49,isaac_reset,0.3321,-0.0199,-0.1051,0.3321,0.3801,0.1449,0.2966,0.0256,0.0326,0.1076,0.54,0.95,22.7138,3.121,1.084
1256,1,2,hop,0.0,-0.4,-0.25,False,49,0.49,isaac_reset,0.3214,-0.0237,-0.1147,0.3214,0.3763,0.1357,0.2993,0.0245,0.037,0.1023,0.615,0.915,23.8815,2.0903,1.084
1257,2,2,hop,0.0,-0.4,-0.25,False,49,0.49,isaac_reset,0.3177,-0.0143,-0.1314,0.3177,0.3857,0.1216,0.3057,0.0253,0.0487,0.0964,0.52,0.92,21.1073,2.0195,1.084
1258,3,2,hop,0.0,-0.4,-0.25,False,49,0.49,isaac_reset,0.3144,-0.0136,-0.1386,0.3144,0.3864,0.1151,0.3071,0.0253,0.0503,0.0939,0.52,0.93,20.9002,2.022,1.084
1259,4,2,hop,0.0,-0.4,-0.25,False,49,0.49,isaac_reset,0.312,-0.0223,-0.1537,0.312,0.3777,0.104,0.3122,0.0247,0.0511,0.0932,0.46,0.925,19.739,2.5847,1.084
1260,0,2,hop,0.0,-0.4,0.0,True,1000,10.0,timeout,0.3488,-0.0262,0.0433,0.3488,0.3738,0.054,0.2969,0.0218,0.025,0.1132,0.5165,0.944,21.8262,3.7379,7.815
1261,1,2,hop,0.0,-0.4,0.0,True,1000,10.0,timeout,0.343,-0.0238,0.0372,0.343,0.3762,0.0542,0.3015,0.021,0.0284,0.1049,0.5145,0.9475,20.9346,3.7028,7.815
1262,2,2,hop,0.0,-0.4,0.0,True,1000,10.0,timeout,0.3391,-0.0202,0.0325,0.3391,0.3798,0.0581,0.3057,0.0212,0.0403,0.1017,0.4968,0.9333,20.1854,3.6244,7.815
1263,3,2,hop,0.0,-0.4,0.0,True,1000,10.0,timeout,0.3377,-0.0203,0.0258,0.3377,0.3797,0.0583,0.3081,0.0218,0.0441,0.1007,0.498,0.9335,19.8705,3.6443,7.815
1264,4,2,hop,0.0,-0.4,0.0,True,1000,10.0,timeout,0.3333,-0.02,0.0277,0.3333,0.38,0.0609,0.3077,0.021,0.0458,0.0988,0.504,0.933,20.0124,3.5936,7.815
1265,0,2,hop,0.0,-0.4,0.25,True,1000,10.0,timeout,0.3478,-0.0239,0.2366,0.3478,0.3761,0.0464,0.2964,0.0235,0.0498,0.1087,0.5253,0.9433,22.1573,3.1398,7.816
1266,1,2,hop,0.0,-0.4,0.25,True,1000,10.0,timeout,0.3495,-0.0234,0.235,0.3495,0.3766,0.0597,0.303,0.0228,0.0493,0.1023,0.5133,0.9348,21.0252,3.6554,7.816
1267,2,2,hop,0.0,-0.4,0.25,True,1000,10.0,timeout,0.3396,-0.0203,0.218,0.3396,0.3797,0.0734,0.3075,0.0208,0.0515,0.1001,0.5015,0.934,20.2662,2.8187,7.816
1268,3,2,hop,0.0,-0.4,0.25,True,1000,10.0,timeout,0.342,-0.0215,0.2135,0.342,0.3785,0.0791,0.3072,0.0248,0.0516,0.1035,0.5048,0.9293,20.0014,2.6789,7.816
1269,4,2,hop,0.0,-0.4,0.25,True,1000,10.0,timeout,0.3402,-0.0213,0.2108,0.3402,0.3787,0.0807,0.3091,0.0214,0.0539,0.1013,0.5023,0.9338,19.8376,2.9138,7.816
1270,0,2,hop,0.0,-0.4,0.5,True,1000,10.0,timeout,0.3491,-0.0249,0.4375,0.3498,0.3751,0.0787,0.2996,0.0265,0.0591,0.1069,0.5253,0.9358,21.8137,2.2937,7.79
1271,1,2,hop,0.0,-0.4,0.5,True,1000,10.0,timeout,0.3459,-0.0225,0.4275,0.3469,0.3775,0.0925,0.3047,0.0247,0.0634,0.1003,0.5098,0.9268,20.9694,2.4303,7.79
1272,2,2,hop,0.0,-0.4,0.5,True,1000,10.0,timeout,0.3455,-0.0206,0.4123,0.3464,0.3794,0.1081,0.3089,0.0235,0.0634,0.101,0.505,0.9275,20.1629,2.7721,7.79
1273,3,2,hop,0.0,-0.4,0.5,True,1000,10.0,timeout,0.3437,-0.0223,0.4092,0.3441,0.3777,0.1139,0.3096,0.0258,0.0617,0.1006,0.512,0.9195,19.968,2.0614,7.79
1274,4,2,hop,0.0,-0.4,0.5,True,1000,10.0,timeout,0.3459,-0.0199,0.4074,0.3469,0.3801,0.1143,0.31,0.0249,0.0652,0.1005,0.5078,0.9243,19.7675,1.9779,7.79
1275,0,2,hop,0.0,-0.2,-0.5,False,49,0.49,isaac_reset,0.3255,-0.0021,-0.2897,0.3255,0.1979,0.2103,0.3041,0.0235,0.0505,0.0993,0.4,0.94,18.5454,1.8275,1.06
1276,1,2,hop,0.0,-0.2,-0.5,False,49,0.49,isaac_reset,0.3174,-0.0017,-0.3043,0.3174,0.1983,0.1957,0.3094,0.023,0.0591,0.0916,0.38,0.92,18.0189,2.1065,1.06
1277,2,2,hop,0.0,-0.2,-0.5,False,49,0.49,isaac_reset,0.3111,0.0037,-0.3332,0.3111,0.2037,0.1668,0.3133,0.023,0.0626,0.0882,0.38,0.91,17.3629,0.7079,1.06
1278,3,2,hop,0.0,-0.2,-0.5,False,49,0.49,isaac_reset,0.306,0.001,-0.3152,0.306,0.201,0.1848,0.3071,0.0254,0.0612,0.0874,0.52,0.935,20.9395,2.0022,1.06
1279,4,2,hop,0.0,-0.2,-0.5,False,49,0.49,isaac_reset,0.31,0.0008,-0.3351,0.31,0.2008,0.1649,0.3154,0.0229,0.0636,0.0863,0.38,0.92,17.1194,1.8629,1.06
1280,0,2,hop,0.0,-0.2,-0.25,True,1000,10.0,timeout,0.332,-0.0101,-0.0986,0.332,0.1899,0.1514,0.2953,0.0211,0.0456,0.1043,0.5245,0.9455,22.1441,3.4275,7.784
1281,1,2,hop,0.0,-0.2,-0.25,True,1000,10.0,timeout,0.3279,-0.01,-0.1094,0.3279,0.19,0.1406,0.3005,0.0211,0.0494,0.0975,0.515,0.9415,21.2166,3.3481,7.784
1282,2,2,hop,0.0,-0.2,-0.25,True,1000,10.0,timeout,0.3211,-0.0065,-0.1241,0.3211,0.1935,0.1265,0.3044,0.021,0.0586,0.0918,0.5068,0.9353,20.6212,3.2256,7.784
1283,3,2,hop,0.0,-0.2,-0.25,True,1000,10.0,timeout,0.3223,-0.0061,-0.1305,0.3223,0.1939,0.1208,0.3074,0.0216,0.0591,0.0908,0.4958,0.9343,19.9846,3.2022,7.784
1284,4,2,hop,0.0,-0.2,-0.25,True,1000,10.0,timeout,0.3227,-0.0069,-0.1304,0.3227,0.1931,0.1211,0.3067,0.0211,0.0595,0.0904,0.5063,0.9348,20.1706,3.2019,7.784
1285,0,2,hop,0.0,-0.2,0.0,True,1000,10.0,timeout,0.3395,-0.0086,0.036,0.3395,0.1914,0.0471,0.2971,0.0228,0.0465,0.1091,0.52,0.9405,21.8243,2.8547,7.821
1286,1,2,hop,0.0,-0.2,0.0,True,1000,10.0,timeout,0.3378,-0.0072,0.0333,0.3378,0.1928,0.0489,0.3019,0.0224,0.0498,0.1029,0.5043,0.9343,20.8955,3.1856,7.821
1287,2,2,hop,0.0,-0.2,0.0,True,1000,10.0,timeout,0.332,-0.0043,0.0308,0.332,0.1957,0.0487,0.3056,0.0228,0.0547,0.0985,0.5018,0.9308,20.2694,2.7146,7.821
1288,3,2,hop,0.0,-0.2,0.0,True,1000,10.0,timeout,0.3337,-0.0038,0.0277,0.3337,0.1962,0.0485,0.3062,0.0246,0.0602,0.0974,0.509,0.9305,20.1365,2.527,7.821
1289,4,2,hop,0.0,-0.2,0.0,True,1000,10.0,timeout,0.331,-0.0055,0.0269,0.331,0.1945,0.0485,0.3079,0.0226,0.0557,0.0983,0.5003,0.9303,19.8297,2.7822,7.821
1290,0,2,hop,0.0,-0.2,0.25,True,1000,10.0,timeout,0.3256,-0.007,0.2222,0.3262,0.193,0.0529,0.2986,0.0266,0.0591,0.1034,0.535,0.929,21.7801,3.5029,7.904
1291,1,2,hop,0.0,-0.2,0.25,True,1000,10.0,timeout,0.3314,-0.0081,0.2264,0.332,0.1919,0.0546,0.3038,0.0249,0.0605,0.1015,0.5118,0.9248,20.8285,3.1317,7.904
1292,2,2,hop,0.0,-0.2,0.25,True,1000,10.0,timeout,0.3268,-0.007,0.2133,0.3275,0.193,0.0664,0.3074,0.0256,0.0591,0.1003,0.509,0.9255,20.133,2.9469,7.904
1293,3,2,hop,0.0,-0.2,0.25,True,1000,10.0,timeout,0.3274,-0.0019,0.2121,0.3283,0.1981,0.0691,0.3086,0.0259,0.0623,0.0956,0.5088,0.9263,20.0107,2.8022,7.904
1294,4,2,hop,0.0,-0.2,0.25,True,1000,10.0,timeout,0.3267,-0.0063,0.2098,0.3275,0.1937,0.0713,0.3093,0.0251,0.0606,0.0989,0.5073,0.9253,19.7462,3.348,7.904
1295,0,2,hop,0.0,-0.2,0.5,False,49,0.49,isaac_reset,0.357,-0.0013,0.4163,0.357,0.1987,0.0907,0.3076,0.0237,0.0737,0.1033,0.41,0.955,18.7229,2.819,1.056
1296,1,2,hop,0.0,-0.2,0.5,False,49,0.49,isaac_reset,0.3614,-0.0032,0.4108,0.3614,0.1968,0.0985,0.3115,0.0239,0.0756,0.097,0.4,0.93,18.4484,2.5461,1.056
1297,2,2,hop,0.0,-0.2,0.5,False,49,0.49,isaac_reset,0.3514,-0.001,0.3876,0.3514,0.199,0.1226,0.3164,0.0232,0.0752,0.0956,0.38,0.94,17.6227,2.4043,1.056
1298,3,2,hop,0.0,-0.2,0.5,False,49,0.49,isaac_reset,0.3385,-0.0151,0.4042,0.3385,0.1849,0.1171,0.3138,0.0249,0.0742,0.0975,0.5,0.92,20.9964,3.066,1.056
1299,4,2,hop,0.0,-0.2,0.5,False,49,0.49,isaac_reset,0.3546,-0.001,0.382,0.3546,0.199,0.1286,0.318,0.0233,0.0751,0.0956,0.38,0.94,17.3013,3.2424,1.056
1300,0,2,hop,0.0,0.0,-0.5,True,1000,10.0,timeout,0.3217,0.0073,-0.2947,0.3217,0.0328,0.2053,0.2958,0.0211,0.0622,0.0974,0.5235,0.946,22.1446,2.1831,7.727
1301,1,2,hop,0.0,0.0,-0.5,True,1000,10.0,timeout,0.3136,0.0079,-0.3072,0.3136,0.0354,0.1928,0.3016,0.0211,0.0667,0.0931,0.5078,0.9348,21.2129,2.0349,7.727
1302,2,2,hop,0.0,0.0,-0.5,True,1000,10.0,timeout,0.3072,0.0098,-0.3241,0.3072,0.0371,0.1759,0.3054,0.021,0.0695,0.089,0.5065,0.934,20.5978,1.8695,7.727
1303,3,2,hop,0.0,0.0,-0.5,True,1000,10.0,timeout,0.309,0.0092,-0.3296,0.309,0.0367,0.1704,0.3073,0.0211,0.0681,0.0884,0.506,0.9345,20.2432,1.8176,7.727
1304,4,2,hop,0.0,0.0,-0.5,True,1000,10.0,timeout,0.3109,0.0092,-0.3272,0.3109,0.0377,0.1728,0.3077,0.0211,0.0705,0.088,0.5043,0.9333,20.1436,1.8711,7.727
1305,0,2,hop,0.0,0.0,-0.25,True,1000,10.0,timeout,0.3284,0.0094,-0.1019,0.3284,0.0307,0.1481,0.294,0.0252,0.0611,0.1008,0.5228,0.9388,22.023,3.1302,7.751
1306,1,2,hop,0.0,0.0,-0.25,True,1000,10.0,timeout,0.3255,0.0079,-0.1063,0.3255,0.0315,0.1437,0.301,0.0223,0.0625,0.0947,0.5085,0.9385,20.9638,3.3772,7.751
1307,2,2,hop,0.0,0.0,-0.25,True,1000,10.0,timeout,0.3199,0.0112,-0.1211,0.3199,0.0356,0.1291,0.3048,0.0221,0.0701,0.091,0.4995,0.9335,20.3386,2.4419,7.751
1308,3,2,hop,0.0,0.0,-0.25,True,1000,10.0,timeout,0.3249,0.011,-0.1245,0.3249,0.0356,0.126,0.3062,0.0227,0.07,0.0892,0.5003,0.9303,20.0804,3.5265,7.751
1309,4,2,hop,0.0,0.0,-0.25,True,1000,10.0,timeout,0.325,0.0122,-0.123,0.325,0.0366,0.1284,0.305,0.0246,0.0703,0.0905,0.501,0.9295,19.9743,3.3806,7.751
1310,0,2,hop,0.0,0.0,0.0,False,66,0.66,fall_height,0.3189,0.0083,0.0317,0.3195,0.0295,0.0433,0.2972,0.0276,0.0634,0.1039,0.532,0.928,21.7175,2.3368,7.708
1311,1,2,hop,0.0,0.0,0.0,True,1000,10.0,timeout,0.3165,0.0092,0.0305,0.3171,0.0319,0.0436,0.3021,0.0268,0.0664,0.0979,0.5165,0.9185,20.8256,2.0576,7.708
1312,2,2,hop,0.0,0.0,0.0,True,1000,10.0,timeout,0.3125,0.0094,0.026,0.3135,0.0319,0.0407,0.3065,0.0251,0.0693,0.0953,0.51,0.9245,20.2139,2.5844,7.708
1313,3,2,hop,0.0,0.0,0.0,True,1000,10.0,timeout,0.3174,0.0105,0.0245,0.3182,0.033,0.0422,0.3072,0.0267,0.0711,0.0943,0.507,0.925,19.935,2.4303,7.708
1314,4,2,hop,0.0,0.0,0.0,True,1000,10.0,timeout,0.3151,0.0108,0.0235,0.3156,0.034,0.0446,0.3075,0.0263,0.0683,0.0937,0.5123,0.9198,19.7937,1.6542,7.708
1315,0,2,hop,0.0,0.0,0.25,False,49,0.49,isaac_reset,0.3408,0.0166,0.2094,0.3408,0.0324,0.0478,0.3033,0.0247,0.0792,0.1012,0.45,0.96,19.5127,3.9783,1.056
1316,1,2,hop,0.0,0.0,0.25,False,49,0.49,isaac_reset,0.3409,0.0147,0.2148,0.3409,0.0322,0.0512,0.3082,0.0243,0.0785,0.0936,0.42,0.94,18.9027,3.0641,1.056
1317,2,2,hop,0.0,0.0,0.25,False,49,0.49,isaac_reset,0.3342,0.0159,0.1995,0.3342,0.0324,0.0673,0.3132,0.0237,0.0791,0.0896,0.4,0.93,17.9902,3.5857,1.056
1318,3,2,hop,0.0,0.0,0.25,False,49,0.49,isaac_reset,0.3381,0.0156,0.1957,0.3381,0.0337,0.069,0.3153,0.0234,0.0807,0.0911,0.38,0.93,17.4482,3.0034,1.056
1319,4,2,hop,0.0,0.0,0.25,False,49,0.49,isaac_reset,0.3362,0.016,0.206,0.3362,0.0341,0.0592,0.3129,0.0247,0.0815,0.0907,0.44,0.94,18.6603,3.1825,1.056
1320,0,2,hop,0.0,0.0,0.5,True,1000,10.0,timeout,0.3492,0.0112,0.4156,0.3492,0.0349,0.0895,0.3007,0.0219,0.0924,0.1074,0.515,0.94,21.8473,1.2812,7.74
1321,1,2,hop,0.0,0.0,0.5,True,1000,10.0,timeout,0.3481,0.0079,0.4188,0.3481,0.0328,0.0894,0.306,0.0218,0.0884,0.1012,0.507,0.9345,20.9603,1.275,7.74
1322,2,2,hop,0.0,0.0,0.5,True,1000,10.0,timeout,0.3449,0.0064,0.4129,0.3449,0.0324,0.0979,0.3097,0.0214,0.0869,0.0994,0.504,0.9335,20.2985,1.3321,7.74
1323,3,2,hop,0.0,0.0,0.5,True,1000,10.0,timeout,0.3446,0.0064,0.4105,0.3446,0.0331,0.1011,0.3118,0.0219,0.0876,0.0982,0.5043,0.9333,19.914,1.3276,7.74
1324,4,2,hop,0.0,0.0,0.5,True,1000,10.0,timeout,0.3471,0.0058,0.4083,0.3471,0.0326,0.1021,0.3118,0.0216,0.0865,0.0997,0.5023,0.9333,19.8526,1.3661,7.74
1325,0,2,hop,0.0,0.2,-0.5,True,1000,10.0,timeout,0.3191,0.0272,-0.3053,0.3191,0.1728,0.1947,0.2943,0.0255,0.073,0.0954,0.5243,0.9383,22.0002,3.3578,7.728
1326,1,2,hop,0.0,0.2,-0.5,True,1000,10.0,timeout,0.3121,0.0272,-0.314,0.3121,0.1728,0.186,0.3015,0.0223,0.0783,0.0904,0.5023,0.9328,21.018,2.9337,7.728
1327,2,2,hop,0.0,0.2,-0.5,True,1000,10.0,timeout,0.3103,0.0285,-0.328,0.3103,0.1715,0.172,0.3036,0.0244,0.0756,0.0892,0.5025,0.931,20.3809,2.9425,7.728
1328,3,2,hop,0.0,0.2,-0.5,True,1000,10.0,timeout,0.3111,0.0286,-0.3344,0.3111,0.1714,0.1656,0.3055,0.0246,0.0777,0.0886,0.5008,0.9313,19.9878,3.0454,7.728
1329,4,2,hop,0.0,0.2,-0.5,True,1000,10.0,timeout,0.3106,0.0276,-0.331,0.3106,0.1724,0.169,0.3058,0.0248,0.0746,0.0893,0.5028,0.9303,20.063,2.5893,7.728
1330,0,2,hop,0.0,0.2,-0.25,True,1000,10.0,timeout,0.3085,0.028,-0.114,0.309,0.172,0.139,0.2957,0.0269,0.08,0.0931,0.54,0.9315,21.8611,3.0483,7.761
1331,1,2,hop,0.0,0.2,-0.25,True,1000,10.0,timeout,0.304,0.0279,-0.1191,0.3049,0.1721,0.132,0.2991,0.0291,0.081,0.0913,0.523,0.926,21.0546,2.4767,7.761
1332,2,2,hop,0.0,0.2,-0.25,True,1000,10.0,timeout,0.3055,0.0285,-0.1267,0.3059,0.1715,0.1261,0.3045,0.0265,0.078,0.0881,0.5143,0.9198,20.2903,2.5225,7.761
1333,3,2,hop,0.0,0.2,-0.25,True,1000,10.0,timeout,0.3078,0.0261,-0.1265,0.3086,0.1739,0.1237,0.3066,0.0254,0.0765,0.0884,0.5107,0.9233,20.0605,2.0721,7.761
1334,4,2,hop,0.0,0.2,-0.25,True,1000,10.0,timeout,0.3077,0.0264,-0.1314,0.3081,0.1736,0.1217,0.3069,0.026,0.0748,0.0881,0.5115,0.92,19.8679,3.0414,7.761
1335,0,2,hop,0.0,0.2,0.0,False,49,0.49,isaac_reset,0.3132,0.0426,0.0258,0.3132,0.1574,0.0341,0.3009,0.0253,0.1111,0.0868,0.47,0.97,20.5624,2.6367,1.045
1336,1,2,hop,0.0,0.2,0.0,False,49,0.49,isaac_reset,0.3186,0.0388,0.0217,0.3186,0.1612,0.0333,0.3079,0.0247,0.1023,0.0843,0.43,0.95,19.1652,3.2012,1.045
1337,2,2,hop,0.0,0.2,0.0,False,49,0.49,isaac_reset,0.3244,0.0372,0.0252,0.3244,0.1628,0.035,0.3108,0.0247,0.0986,0.0825,0.44,0.94,19.1584,2.49,1.045
1338,3,2,hop,0.0,0.2,0.0,False,49,0.49,isaac_reset,0.3268,0.0364,0.0219,0.3268,0.1636,0.035,0.3136,0.0243,0.0951,0.0817,0.42,0.92,18.2449,2.157,1.045
1339,4,2,hop,0.0,0.2,0.0,False,49,0.49,isaac_reset,0.3236,0.0356,0.0222,0.3236,0.1644,0.0328,0.3129,0.0247,0.0951,0.0815,0.44,0.94,18.8149,3.458,1.045
1340,0,2,hop,0.0,0.2,0.25,True,1000,10.0,timeout,0.3258,0.0296,0.1982,0.3258,0.1704,0.059,0.2988,0.0221,0.1013,0.1018,0.531,0.9545,21.9115,2.8778,7.742
1341,1,2,hop,0.0,0.2,0.25,True,1000,10.0,timeout,0.3276,0.0264,0.1987,0.3276,0.1736,0.0622,0.3052,0.0216,0.0919,0.0976,0.512,0.9395,20.9539,2.8826,7.742
1342,2,2,hop,0.0,0.2,0.25,True,1000,10.0,timeout,0.3323,0.0248,0.199,0.3323,0.1752,0.0646,0.3086,0.0214,0.0901,0.0956,0.5028,0.9338,20.3014,2.9286,7.742
1343,3,2,hop,0.0,0.2,0.25,True,1000,10.0,timeout,0.333,0.0241,0.1982,0.333,0.1759,0.0646,0.3105,0.0216,0.0901,0.0955,0.502,0.933,19.9539,2.9536,7.742
1344,4,2,hop,0.0,0.2,0.25,True,1000,10.0,timeout,0.3305,0.0238,0.1971,0.3305,0.1762,0.0657,0.3111,0.0215,0.0885,0.0952,0.5023,0.9333,19.8761,2.9369,7.742
1345,0,2,hop,0.0,0.2,0.5,False,15,0.15,fall_height,0.3375,0.0316,0.3972,0.3375,0.1684,0.1053,0.2977,0.026,0.0978,0.1072,0.5265,0.943,21.9139,3.0211,7.7
1346,1,2,hop,0.0,0.2,0.5,True,1000,10.0,timeout,0.3387,0.0273,0.4032,0.3387,0.1727,0.1021,0.3037,0.0256,0.0919,0.1003,0.514,0.9345,20.9661,2.5604,7.7
1347,2,2,hop,0.0,0.2,0.5,True,1000,10.0,timeout,0.3406,0.0259,0.4012,0.3406,0.1741,0.1043,0.3071,0.0258,0.091,0.1001,0.5053,0.9303,20.2923,2.7251,7.7
1348,3,2,hop,0.0,0.2,0.5,True,1000,10.0,timeout,0.3427,0.025,0.3997,0.3427,0.175,0.1052,0.3089,0.0255,0.0913,0.0999,0.503,0.93,19.967,2.7633,7.7
1349,4,2,hop,0.0,0.2,0.5,True,1000,10.0,timeout,0.3399,0.0246,0.3986,0.3399,0.1754,0.1069,0.3096,0.0254,0.0898,0.0989,0.5033,0.9303,19.8839,2.3174,7.7
1350,0,2,hop,0.0,0.4,-0.5,True,1000,10.0,timeout,0.2984,0.0455,-0.3187,0.2988,0.3545,0.1835,0.2953,0.0269,0.0887,0.0868,0.542,0.934,21.9458,3.1445,7.737
1351,1,2,hop,0.0,0.4,-0.5,True,1000,10.0,timeout,0.2969,0.0439,-0.3175,0.2975,0.3561,0.1825,0.3014,0.0268,0.0858,0.0888,0.5203,0.9178,21.0451,3.1796,7.737
1352,2,2,hop,0.0,0.4,-0.5,True,1000,10.0,timeout,0.2968,0.0444,-0.3311,0.2972,0.3556,0.1697,0.305,0.0262,0.0841,0.0866,0.5158,0.9188,20.3238,2.815,7.737
1353,3,2,hop,0.0,0.4,-0.5,True,1000,10.0,timeout,0.2986,0.0439,-0.3343,0.2991,0.3561,0.1675,0.3068,0.0264,0.0843,0.0861,0.5133,0.9188,19.9887,3.4241,7.737
1354,4,2,hop,0.0,0.4,-0.5,True,1000,10.0,timeout,0.299,0.0444,-0.3401,0.2996,0.3556,0.1621,0.3058,0.0265,0.0865,0.085,0.5103,0.9223,19.9838,2.9777,7.737
1355,0,2,hop,0.0,0.4,-0.25,False,49,0.49,isaac_reset,0.2985,0.0596,-0.1263,0.2985,0.3404,0.1237,0.2992,0.0253,0.1131,0.0819,0.48,0.98,20.5873,2.4591,1.046
1356,1,2,hop,0.0,0.4,-0.25,False,49,0.49,isaac_reset,0.2962,0.0583,-0.1462,0.2962,0.3417,0.1038,0.3065,0.0245,0.1075,0.0828,0.45,0.94,19.7203,2.4456,1.046
1357,2,2,hop,0.0,0.4,-0.25,False,49,0.49,isaac_reset,0.301,0.0559,-0.1472,0.301,0.3441,0.1033,0.3103,0.0245,0.1014,0.0826,0.44,0.94,19.0937,1.7631,1.046
1358,3,2,hop,0.0,0.4,-0.25,False,49,0.49,isaac_reset,0.304,0.0553,-0.1549,0.304,0.3447,0.0961,0.312,0.0246,0.0982,0.0821,0.44,0.92,18.8379,1.7981,1.046
1359,4,2,hop,0.0,0.4,-0.25,False,49,0.49,isaac_reset,0.3015,0.0546,-0.1558,0.3015,0.3454,0.0952,0.3125,0.0245,0.0967,0.0817,0.44,0.93,18.7903,1.7229,1.046
1360,0,2,hop,0.0,0.4,0.0,True,1000,10.0,timeout,0.3076,0.0463,0.0187,0.3076,0.3537,0.0373,0.2969,0.0226,0.1295,0.0906,0.5273,0.9378,22.1742,3.3498,7.721
1361,1,2,hop,0.0,0.4,0.0,True,1000,10.0,timeout,0.3122,0.0426,0.0206,0.3122,0.3574,0.0369,0.3026,0.0218,0.1212,0.0895,0.511,0.9405,21.1851,3.3789,7.721
1362,2,2,hop,0.0,0.4,0.0,True,1000,10.0,timeout,0.315,0.0403,0.0201,0.315,0.3597,0.0365,0.307,0.0216,0.1148,0.0886,0.5055,0.936,20.4872,3.4106,7.721
1363,3,2,hop,0.0,0.4,0.0,True,1000,10.0,timeout,0.3182,0.0389,0.0193,0.3182,0.3611,0.037,0.3089,0.0216,0.1101,0.089,0.5025,0.9335,20.1547,3.438,7.721
1364,4,2,hop,0.0,0.4,0.0,True,1000,10.0,timeout,0.3173,0.0385,0.0187,0.3173,0.3615,0.0365,0.3093,0.0214,0.1086,0.0887,0.5023,0.9338,20.0839,3.4261,7.721
1365,0,2,hop,0.0,0.4,0.25,False,16,0.16,fall_height,0.3197,0.0489,0.1846,0.3197,0.3511,0.0715,0.2957,0.0255,0.1166,0.1009,0.528,0.9415,22.0456,2.6127,7.704
1366,1,2,hop,0.0,0.4,0.25,True,1000,10.0,timeout,0.3229,0.0451,0.1903,0.3229,0.3549,0.0677,0.3017,0.0254,0.1069,0.0963,0.5128,0.9358,21.0894,2.5129,7.704
1367,2,2,hop,0.0,0.4,0.25,True,1000,10.0,timeout,0.3249,0.0434,0.1917,0.3249,0.3566,0.0679,0.3056,0.0254,0.1019,0.0951,0.508,0.9325,20.4008,2.7712,7.704
1368,3,2,hop,0.0,0.4,0.25,True,1000,10.0,timeout,0.3283,0.0423,0.1918,0.3283,0.3577,0.0681,0.3076,0.0255,0.0989,0.0946,0.5045,0.9295,20.0516,2.782,7.704
1369,4,2,hop,0.0,0.4,0.25,True,1000,10.0,timeout,0.327,0.0416,0.1921,0.327,0.3584,0.0687,0.3081,0.0257,0.0982,0.0937,0.504,0.93,19.9841,2.4488,7.704
1370,0,2,hop,0.0,0.4,0.5,True,1000,10.0,timeout,0.3241,0.0493,0.3826,0.3245,0.3507,0.1196,0.299,0.0274,0.1023,0.104,0.537,0.9255,21.8237,2.3071,7.74
1371,1,2,hop,0.0,0.4,0.5,True,1000,10.0,timeout,0.3266,0.0462,0.3897,0.3271,0.3538,0.1132,0.3044,0.027,0.0976,0.0979,0.5245,0.9215,20.8673,2.9867,7.74
1372,2,2,hop,0.0,0.4,0.5,True,1000,10.0,timeout,0.3264,0.0443,0.3895,0.3268,0.3557,0.1136,0.308,0.0268,0.0945,0.097,0.5178,0.9198,20.1909,1.9575,7.74
1373,3,2,hop,0.0,0.4,0.5,True,1000,10.0,timeout,0.3293,0.0435,0.3899,0.3298,0.3565,0.1132,0.3102,0.0266,0.0934,0.097,0.515,0.9175,19.8099,2.2337,7.74
1374,4,2,hop,0.0,0.4,0.5,True,1000,10.0,timeout,0.3268,0.043,0.3901,0.3274,0.357,0.1126,0.3106,0.0266,0.0921,0.0961,0.5145,0.918,19.7331,1.8228,7.74
1375,0,2,hop,0.3,-0.4,-0.5,False,49,0.49,isaac_reset,0.4536,-0.0127,-0.2435,0.1656,0.3873,0.2565,0.3012,0.0253,0.0486,0.1027,0.455,0.955,20.2062,1.9749,1.073
1376,1,2,hop,0.3,-0.4,-0.5,False,49,0.49,isaac_reset,0.4482,-0.0093,-0.2621,0.1602,0.3907,0.2379,0.3063,0.0251,0.0516,0.0975,0.44,0.94,19.403,2.0186,1.073
1377,2,2,hop,0.3,-0.4,-0.5,False,49,0.49,isaac_reset,0.4453,-0.0047,-0.2805,0.1573,0.3953,0.2195,0.3106,0.0248,0.0574,0.0934,0.44,0.94,18.8106,1.2648,1.073
1378,3,2,hop,0.3,-0.4,-0.5,False,49,0.49,isaac_reset,0.4444,-0.0056,-0.2885,0.1564,0.3944,0.2115,0.3126,0.0246,0.058,0.0914,0.44,0.92,18.5025,1.9671,1.073
1379,4,2,hop,0.3,-0.4,-0.5,False,49,0.49,isaac_reset,0.4441,-0.006,-0.2906,0.1561,0.394,0.2094,0.3131,0.0245,0.0582,0.0913,0.44,0.925,18.4601,1.2144,1.073
1380,0,2,hop,0.3,-0.4,-0.25,False,0,0.0,fall_height,0.46,-0.0246,-0.0964,0.1602,0.3754,0.1542,0.295,0.0229,0.0309,0.1168,0.521,0.9445,21.9618,4.7239,7.696
1381,1,2,hop,0.3,-0.4,-0.25,False,0,0.0,fall_height,0.46,-0.0226,-0.1029,0.16,0.3774,0.1476,0.3,0.0229,0.035,0.1106,0.5123,0.9383,21.0843,4.6921,7.696
1382,2,2,hop,0.3,-0.4,-0.25,True,1000,10.0,timeout,0.4598,-0.0177,-0.1076,0.1598,0.3823,0.1424,0.3059,0.0215,0.0448,0.1024,0.5023,0.9328,20.237,4.6521,7.696
1383,3,2,hop,0.3,-0.4,-0.25,True,1000,10.0,timeout,0.4614,-0.0181,-0.112,0.1614,0.3819,0.1383,0.3074,0.0212,0.0468,0.0984,0.502,0.933,19.9646,4.6638,7.696
1384,4,2,hop,0.3,-0.4,-0.25,True,1000,10.0,timeout,0.4581,-0.0184,-0.1091,0.1581,0.3816,0.1413,0.3083,0.0225,0.0475,0.0984,0.501,0.9315,19.8473,4.6524,7.696
1385,0,2,hop,0.3,-0.4,0.0,False,39,0.39,fall_height,0.463,-0.0246,0.045,0.1633,0.3754,0.0617,0.2929,0.0288,0.0284,0.1232,0.5233,0.9368,21.8018,4.6871,7.729
1386,1,2,hop,0.3,-0.4,0.0,True,1000,10.0,timeout,0.4691,-0.0246,0.0499,0.1692,0.3754,0.0666,0.3003,0.0245,0.0274,0.1139,0.511,0.934,20.8346,4.2955,7.729
1387,2,2,hop,0.3,-0.4,0.0,True,1000,10.0,timeout,0.469,-0.0191,0.054,0.169,0.3809,0.0717,0.3054,0.0247,0.0391,0.1068,0.5025,0.9275,20.0826,4.8663,7.729
1388,3,2,hop,0.3,-0.4,0.0,False,42,0.42,fall_height,0.4681,-0.0172,0.0454,0.1684,0.3828,0.0697,0.3043,0.0282,0.0425,0.1058,0.503,0.929,19.8907,4.9241,7.729
1389,4,2,hop,0.3,-0.4,0.0,True,1000,10.0,timeout,0.4684,-0.0168,0.0451,0.1685,0.3832,0.0659,0.3073,0.0249,0.0428,0.1047,0.5023,0.9288,19.6755,3.793,7.729
1390,0,2,hop,0.3,-0.4,0.25,True,1000,10.0,timeout,0.461,-0.0308,0.2383,0.1722,0.3692,0.049,0.2982,0.0274,0.0342,0.1207,0.5295,0.928,21.5758,3.7626,7.717
1391,1,2,hop,0.3,-0.4,0.25,False,91,0.91,fall_height,0.4642,-0.0262,0.2466,0.1755,0.3738,0.0575,0.3022,0.0289,0.0434,0.1127,0.5163,0.9178,20.7456,4.1048,7.717
1392,2,2,hop,0.3,-0.4,0.25,True,1000,10.0,timeout,0.4643,-0.0225,0.2478,0.1753,0.3775,0.0623,0.3087,0.0259,0.0505,0.1062,0.5118,0.9183,19.9554,3.9709,7.717
1393,3,2,hop,0.3,-0.4,0.25,True,1000,10.0,timeout,0.4692,-0.0225,0.2382,0.1812,0.3775,0.062,0.3093,0.0267,0.0496,0.1058,0.511,0.919,19.6479,4.586,7.717
1394,4,2,hop,0.3,-0.4,0.25,True,1000,10.0,timeout,0.4667,-0.0222,0.2368,0.179,0.3778,0.0637,0.3083,0.0281,0.0501,0.1073,0.5118,0.9198,19.6061,4.4834,7.717
1395,0,2,hop,0.3,-0.4,0.5,False,49,0.49,isaac_reset,0.494,-0.0329,0.447,0.206,0.3671,0.0605,0.3062,0.0248,0.0543,0.119,0.45,0.95,19.956,3.7246,1.064
1396,1,2,hop,0.3,-0.4,0.5,False,49,0.49,isaac_reset,0.492,-0.0268,0.4555,0.204,0.3732,0.0583,0.3116,0.0246,0.0647,0.1087,0.44,0.94,19.2512,4.1688,1.064
1397,2,2,hop,0.3,-0.4,0.5,False,49,0.49,isaac_reset,0.4905,-0.0222,0.4472,0.2025,0.3778,0.0734,0.3154,0.0245,0.0667,0.1075,0.44,0.94,18.5412,3.3824,1.064
1398,3,2,hop,0.3,-0.4,0.5,False,49,0.49,isaac_reset,0.4909,-0.0226,0.4343,0.2029,0.3774,0.0822,0.3171,0.0246,0.0667,0.1071,0.44,0.93,18.2869,3.7645,1.064
1399,4,2,hop,0.3,-0.4,0.5,False,49,0.49,isaac_reset,0.4903,-0.0228,0.4328,0.2023,0.3772,0.0839,0.3174,0.0246,0.0661,0.1071,0.44,0.94,18.2405,4.5645,1.064
1400,0,2,hop,0.3,-0.2,-0.5,False,0,0.0,fall_height,0.4515,-0.0064,-0.2747,0.1523,0.1936,0.2253,0.2953,0.0232,0.0506,0.1068,0.5222,0.9433,21.9928,3.2354,7.738
1401,1,2,hop,0.3,-0.2,-0.5,False,0,0.0,fall_height,0.4518,-0.0034,-0.2814,0.1519,0.1966,0.2186,0.3009,0.0235,0.056,0.1017,0.507,0.931,21.1139,3.1545,7.738
1402,2,2,hop,0.3,-0.2,-0.5,True,1000,10.0,timeout,0.4502,0.0006,-0.2913,0.1502,0.2006,0.2087,0.3051,0.0229,0.0643,0.0968,0.5043,0.9318,20.3843,3.0325,7.738
1403,3,2,hop,0.3,-0.2,-0.5,True,1000,10.0,timeout,0.4494,-0.0006,-0.2975,0.1494,0.1994,0.2025,0.307,0.0227,0.0644,0.0955,0.503,0.932,20.0852,2.9683,7.738
1404,4,2,hop,0.3,-0.2,-0.5,True,1000,10.0,timeout,0.4489,0.0001,-0.303,0.1489,0.2001,0.197,0.3086,0.0216,0.0651,0.0939,0.5015,0.9325,19.9365,2.9282,7.738
1405,0,2,hop,0.3,-0.2,-0.25,False,39,0.39,fall_height,0.4553,-0.0069,-0.0943,0.156,0.1931,0.1563,0.2925,0.0288,0.0464,0.1129,0.524,0.9375,21.8244,4.6788,7.747
1406,1,2,hop,0.3,-0.2,-0.25,False,40,0.4,fall_height,0.4529,-0.0041,-0.0944,0.1533,0.1959,0.1569,0.2976,0.0289,0.0519,0.1056,0.5082,0.9263,21.0276,4.1137,7.747
1407,2,2,hop,0.3,-0.2,-0.25,True,1000,10.0,timeout,0.4569,-0.0002,-0.1061,0.1571,0.1998,0.1464,0.3041,0.0247,0.0602,0.099,0.502,0.929,20.3109,3.7192,7.747
1408,3,2,hop,0.3,-0.2,-0.25,True,1000,10.0,timeout,0.4572,-0.0023,-0.1074,0.1573,0.1977,0.1452,0.306,0.025,0.0597,0.098,0.502,0.928,19.9255,3.9902,7.747
1409,4,2,hop,0.3,-0.2,-0.25,False,44,0.44,fall_height,0.4551,-0.0018,-0.1056,0.1554,0.1982,0.1458,0.304,0.0276,0.06,0.0984,0.5028,0.9283,19.9512,4.9906,7.747
1410,0,2,hop,0.3,-0.2,0.0,False,90,0.9,fall_height,0.4496,-0.0075,0.033,0.161,0.1925,0.0558,0.2956,0.0312,0.0456,0.1155,0.5315,0.927,21.6488,3.8686,7.755
1411,1,2,hop,0.3,-0.2,0.0,True,1000,10.0,timeout,0.4565,-0.0088,0.0385,0.1675,0.1912,0.0588,0.3024,0.0267,0.0446,0.1063,0.5143,0.9178,20.8376,2.7029,7.755
1412,2,2,hop,0.3,-0.2,0.0,True,1000,10.0,timeout,0.4491,-0.002,0.0411,0.1617,0.198,0.0625,0.307,0.0269,0.0559,0.1021,0.5118,0.9193,20.0101,3.1189,7.755
1413,3,2,hop,0.3,-0.2,0.0,True,1000,10.0,timeout,0.4557,-0.0033,0.0395,0.1681,0.1967,0.0654,0.3084,0.0265,0.0537,0.0987,0.511,0.918,19.7887,3.4826,7.755
1414,4,2,hop,0.3,-0.2,0.0,True,1000,10.0,timeout,0.4512,-0.0038,0.0435,0.1643,0.1962,0.0652,0.3088,0.0268,0.0527,0.1008,0.5103,0.9188,19.6232,3.5128,7.755
1415,0,2,hop,0.3,-0.2,0.25,False,49,0.49,isaac_reset,0.4722,-0.0098,0.2295,0.1842,0.1902,0.0359,0.3037,0.025,0.0593,0.1147,0.455,0.955,20.0212,4.5151,1.045
1416,1,2,hop,0.3,-0.2,0.25,False,49,0.49,isaac_reset,0.4742,-0.0076,0.2471,0.1862,0.1924,0.0369,0.3094,0.0245,0.0613,0.1036,0.44,0.925,19.2638,4.0665,1.045
1417,2,2,hop,0.3,-0.2,0.25,False,49,0.49,isaac_reset,0.4707,-0.0025,0.2481,0.1827,0.1975,0.0424,0.3128,0.0245,0.0687,0.0984,0.44,0.94,18.6626,4.4765,1.045
1418,3,2,hop,0.3,-0.2,0.25,False,49,0.49,isaac_reset,0.4736,-0.0033,0.2449,0.1856,0.1967,0.0444,0.3144,0.0245,0.0677,0.0963,0.44,0.925,18.4039,4.6759,1.045
1419,4,2,hop,0.3,-0.2,0.25,False,49,0.49,isaac_reset,0.4747,-0.0033,0.2409,0.1867,0.1967,0.0412,0.3149,0.0245,0.0681,0.0963,0.44,0.93,18.336,4.9348,1.045
1420,0,2,hop,0.3,-0.2,0.5,True,1000,10.0,timeout,0.487,-0.0174,0.4411,0.187,0.1826,0.0638,0.303,0.0211,0.0708,0.121,0.5082,0.9373,21.5931,1.4997,7.731
1421,1,2,hop,0.3,-0.2,0.5,True,1000,10.0,timeout,0.4896,-0.015,0.453,0.1896,0.185,0.0593,0.3086,0.0225,0.074,0.1124,0.5043,0.9313,20.648,1.3474,7.731
1422,2,2,hop,0.3,-0.2,0.5,True,1000,10.0,timeout,0.4901,-0.0115,0.4483,0.1901,0.1885,0.0688,0.3112,0.0215,0.0782,0.1097,0.5025,0.933,20.0747,1.4042,7.731
1423,3,2,hop,0.3,-0.2,0.5,True,1000,10.0,timeout,0.4904,-0.0145,0.4521,0.1904,0.1855,0.0703,0.3141,0.022,0.0803,0.1085,0.4998,0.9323,19.623,1.3924,7.731
1424,4,2,hop,0.3,-0.2,0.5,True,1000,10.0,timeout,0.4885,-0.0141,0.4504,0.1885,0.1859,0.0712,0.3144,0.0221,0.0792,0.109,0.5013,0.9318,19.5566,1.422,7.731
1425,0,2,hop,0.3,0.0,-0.5,False,40,0.4,fall_height,0.4479,0.0132,-0.2841,0.1486,0.0365,0.2159,0.2927,0.0287,0.0654,0.1044,0.5235,0.936,21.8907,4.689,7.782
1426,1,2,hop,0.3,0.0,-0.5,False,42,0.42,fall_height,0.4473,0.0147,-0.2883,0.1475,0.0386,0.2117,0.2983,0.0279,0.0676,0.1007,0.507,0.929,20.9926,4.1449,7.782
1427,2,2,hop,0.3,0.0,-0.5,False,42,0.42,fall_height,0.4451,0.017,-0.297,0.1452,0.042,0.2031,0.3023,0.0278,0.0729,0.0956,0.504,0.9275,20.3474,4.2391,7.782
1428,3,2,hop,0.3,0.0,-0.5,False,45,0.45,fall_height,0.4457,0.018,-0.3046,0.1464,0.042,0.1957,0.3024,0.0293,0.0725,0.099,0.5078,0.9268,19.9419,3.9716,7.782
1429,4,2,hop,0.3,0.0,-0.5,True,1000,10.0,timeout,0.4477,0.017,-0.3066,0.148,0.0425,0.1939,0.306,0.0254,0.0733,0.0933,0.5018,0.9298,19.9133,4.1449,7.782
1430,0,2,hop,0.3,0.0,-0.25,False,89,0.89,fall_height,0.4395,0.0103,-0.0988,0.1517,0.0334,0.1543,0.2949,0.0305,0.0666,0.1055,0.5333,0.9248,21.7468,2.8264,7.745
1431,1,2,hop,0.3,0.0,-0.25,False,93,0.93,fall_height,0.4399,0.0118,-0.0988,0.1518,0.035,0.1553,0.3,0.0293,0.0681,0.1008,0.517,0.918,20.8854,3.4001,7.745
1432,2,2,hop,0.3,0.0,-0.25,True,1000,10.0,timeout,0.4389,0.0155,-0.1088,0.1514,0.0383,0.1459,0.3049,0.0272,0.0717,0.0942,0.511,0.919,20.2228,3.8243,7.745
1433,3,2,hop,0.3,0.0,-0.25,True,1000,10.0,timeout,0.4406,0.0156,-0.1073,0.1531,0.0385,0.1468,0.3055,0.0282,0.0727,0.0943,0.5125,0.919,19.9298,4.0886,7.745
1434,4,2,hop,0.3,0.0,-0.25,True,1000,10.0,timeout,0.4418,0.0159,-0.1096,0.1538,0.0383,0.144,0.3073,0.0267,0.0717,0.0922,0.5105,0.92,19.8396,3.1707,7.745
1435,0,2,hop,0.3,0.0,0.0,False,49,0.49,isaac_reset,0.4612,0.0181,0.0384,0.1732,0.0337,0.0443,0.3046,0.0247,0.0806,0.1048,0.44,0.94,20.0991,4.1379,1.039
1436,1,2,hop,0.3,0.0,0.0,False,49,0.49,isaac_reset,0.4641,0.0181,0.0431,0.1761,0.0334,0.049,0.3095,0.0247,0.0792,0.0969,0.44,0.93,19.3555,4.1873,1.039
1437,2,2,hop,0.3,0.0,0.0,False,49,0.49,isaac_reset,0.4598,0.0227,0.0474,0.1718,0.0376,0.0539,0.3129,0.0246,0.085,0.0901,0.44,0.94,18.8229,3.7835,1.039
1438,3,2,hop,0.3,0.0,0.0,False,49,0.49,isaac_reset,0.4672,0.0206,0.0475,0.1792,0.0359,0.0546,0.315,0.0246,0.0822,0.088,0.44,0.925,18.5372,4.0914,1.039
1439,4,2,hop,0.3,0.0,0.0,False,49,0.49,isaac_reset,0.4625,0.0214,0.0456,0.1745,0.0363,0.0528,0.3149,0.0246,0.0827,0.088,0.44,0.94,18.4969,3.5091,1.039
1440,0,2,hop,0.3,0.0,0.25,False,0,0.0,fall_height,0.4703,0.0057,0.223,0.1703,0.0294,0.0377,0.3001,0.023,0.078,0.1175,0.5143,0.9383,21.753,3.9221,7.741
1441,1,2,hop,0.3,0.0,0.25,True,1000,10.0,timeout,0.4751,0.0056,0.2409,0.1751,0.028,0.0365,0.3075,0.022,0.0766,0.1075,0.504,0.932,20.6836,3.7801,7.741
1442,2,2,hop,0.3,0.0,0.25,True,1000,10.0,timeout,0.4721,0.008,0.2416,0.1721,0.0309,0.0377,0.3112,0.0216,0.0822,0.1042,0.502,0.9325,20.0329,3.7502,7.741
1443,3,2,hop,0.3,0.0,0.25,True,1000,10.0,timeout,0.4746,0.0066,0.2459,0.1746,0.0314,0.0416,0.3129,0.0221,0.0833,0.1029,0.5005,0.9315,19.6578,3.7321,7.741
1444,4,2,hop,0.3,0.0,0.25,True,1000,10.0,timeout,0.4741,0.0066,0.247,0.1741,0.0308,0.0438,0.3132,0.0218,0.0818,0.1026,0.501,0.9325,19.5942,3.7335,7.741
1445,0,2,hop,0.3,0.0,0.5,True,1000,10.0,timeout,0.4804,0.0031,0.4227,0.1805,0.0257,0.0784,0.3009,0.0256,0.0752,0.1191,0.5107,0.9303,21.5318,3.1847,7.752
1446,1,2,hop,0.3,0.0,0.5,True,1000,10.0,timeout,0.4863,0.0056,0.4354,0.1863,0.0272,0.0697,0.307,0.0252,0.0787,0.1124,0.5048,0.9283,20.6003,3.7105,7.752
1447,2,2,hop,0.3,0.0,0.5,True,1000,10.0,timeout,0.4839,0.0072,0.4409,0.1839,0.0291,0.0696,0.31,0.026,0.0822,0.1083,0.503,0.9285,20.0051,3.0717,7.752
1448,3,2,hop,0.3,0.0,0.5,True,1000,10.0,timeout,0.4874,0.0054,0.4402,0.1875,0.0293,0.0712,0.312,0.0258,0.083,0.1079,0.5015,0.9285,19.6433,3.4345,7.752
1449,4,2,hop,0.3,0.0,0.5,True,1000,10.0,timeout,0.4862,0.0051,0.441,0.1862,0.0302,0.072,0.3126,0.0251,0.0843,0.1079,0.5003,0.9288,19.5619,3.2599,7.752
1450,0,2,hop,0.3,0.2,-0.5,False,91,0.91,fall_height,0.4345,0.0307,-0.2973,0.1464,0.1693,0.2045,0.2948,0.0298,0.0777,0.099,0.5293,0.9223,21.838,4.7101,7.749
1451,1,2,hop,0.3,0.2,-0.5,True,1000,10.0,timeout,0.4366,0.0298,-0.3006,0.1486,0.1702,0.2027,0.3015,0.0264,0.0791,0.0935,0.5128,0.9188,20.944,4.0981,7.749
1452,2,2,hop,0.3,0.2,-0.5,True,1000,10.0,timeout,0.4274,0.0303,-0.3017,0.145,0.1698,0.1995,0.3071,0.0233,0.0806,0.0912,0.5125,0.9185,20.2989,4.3725,7.749
1453,3,2,hop,0.3,0.2,-0.5,True,1000,10.0,timeout,0.429,0.0311,-0.2997,0.1458,0.1689,0.2003,0.3073,0.027,0.0802,0.0912,0.5138,0.9168,19.9793,4.4421,7.749
1454,4,2,hop,0.3,0.2,-0.5,True,1000,10.0,timeout,0.4271,0.0322,-0.3049,0.1433,0.1678,0.1952,0.3078,0.0269,0.0821,0.0903,0.514,0.916,19.8947,4.278,7.749
1455,0,2,hop,0.3,0.2,-0.25,False,49,0.49,isaac_reset,0.4464,0.0417,-0.088,0.1584,0.1583,0.162,0.3024,0.0251,0.0986,0.097,0.455,0.955,20.1924,2.8716,1.04
1456,1,2,hop,0.3,0.2,-0.25,False,49,0.49,isaac_reset,0.4428,0.0408,-0.0957,0.1548,0.1592,0.1543,0.3085,0.0245,0.0952,0.0924,0.44,0.93,19.4157,2.8441,1.04
1457,2,2,hop,0.3,0.2,-0.25,False,49,0.49,isaac_reset,0.443,0.0399,-0.1007,0.155,0.1601,0.1493,0.3117,0.0247,0.0938,0.0899,0.44,0.94,18.9283,3.1394,1.04
1458,3,2,hop,0.3,0.2,-0.25,False,49,0.49,isaac_reset,0.442,0.0396,-0.1072,0.154,0.1604,0.1428,0.3139,0.0245,0.0927,0.0879,0.44,0.93,18.6104,3.5343,1.04
1459,4,2,hop,0.3,0.2,-0.25,False,49,0.49,isaac_reset,0.4404,0.0398,-0.1081,0.1524,0.1602,0.1419,0.3142,0.0244,0.0925,0.0876,0.44,0.92,18.563,2.923,1.04
1460,0,2,hop,0.3,0.2,0.0,True,1000,10.0,timeout,0.4552,0.0291,0.0357,0.1552,0.1709,0.0444,0.3002,0.0212,0.1088,0.1062,0.5085,0.936,21.7995,4.8564,7.761
1461,1,2,hop,0.3,0.2,0.0,True,1000,10.0,timeout,0.4575,0.0281,0.0404,0.1575,0.1719,0.0511,0.3059,0.0209,0.1035,0.0991,0.5028,0.9338,20.948,4.8805,7.761
1462,2,2,hop,0.3,0.2,0.0,True,1000,10.0,timeout,0.4604,0.0273,0.0404,0.1604,0.1727,0.0515,0.3093,0.021,0.101,0.0951,0.5015,0.9325,20.3413,4.9224,7.761
1463,3,2,hop,0.3,0.2,0.0,True,1000,10.0,timeout,0.4617,0.0257,0.0454,0.1617,0.1743,0.0553,0.3111,0.0218,0.0969,0.095,0.501,0.9315,19.9381,4.9124,7.761
1464,4,2,hop,0.3,0.2,0.0,True,1000,10.0,timeout,0.462,0.0258,0.0463,0.162,0.1742,0.0561,0.3114,0.0219,0.0977,0.0944,0.5003,0.9323,19.8561,4.9191,7.761
1465,0,2,hop,0.3,0.2,0.25,True,1000,10.0,timeout,0.4676,0.0264,0.2128,0.1678,0.1736,0.0441,0.2998,0.0248,0.0891,0.1144,0.5073,0.9293,21.5818,3.9016,7.738
1466,1,2,hop,0.3,0.2,0.25,True,1000,10.0,timeout,0.4685,0.0277,0.2225,0.1688,0.1723,0.0431,0.3043,0.0263,0.0877,0.1061,0.5053,0.9288,20.7918,3.9941,7.738
1467,2,2,hop,0.3,0.2,0.25,True,1000,10.0,timeout,0.4701,0.0256,0.231,0.1705,0.1744,0.0398,0.3088,0.0259,0.086,0.1047,0.5038,0.9283,20.0766,4.6246,7.738
1468,3,2,hop,0.3,0.2,0.25,True,1000,10.0,timeout,0.4693,0.0259,0.2315,0.1695,0.1741,0.0388,0.3104,0.0261,0.0876,0.1029,0.5028,0.9293,19.7551,4.0127,7.738
1469,4,2,hop,0.3,0.2,0.25,True,1000,10.0,timeout,0.4688,0.0257,0.2346,0.1692,0.1743,0.0394,0.3109,0.0256,0.0878,0.1023,0.502,0.928,19.6822,4.324,7.738
1470,0,2,hop,0.3,0.2,0.5,False,93,0.93,fall_height,0.4637,0.0265,0.4068,0.1745,0.1735,0.0945,0.3013,0.0292,0.083,0.1183,0.5213,0.9158,21.4332,2.9737,7.76
1471,1,2,hop,0.3,0.2,0.5,True,1000,10.0,timeout,0.466,0.0266,0.4186,0.1774,0.1734,0.084,0.3075,0.0278,0.0834,0.1107,0.516,0.9165,20.5699,3.7918,7.76
1472,2,2,hop,0.3,0.2,0.5,True,1000,10.0,timeout,0.4697,0.0257,0.4298,0.1817,0.1743,0.0749,0.3113,0.0276,0.0851,0.1051,0.5123,0.9173,19.9113,3.9216,7.76
1473,3,2,hop,0.3,0.2,0.5,True,1000,10.0,timeout,0.4727,0.0249,0.4335,0.1841,0.1751,0.0734,0.313,0.0274,0.086,0.1065,0.5105,0.916,19.553,2.533,7.76
1474,4,2,hop,0.3,0.2,0.5,True,1000,10.0,timeout,0.4703,0.0245,0.4321,0.1821,0.1755,0.0731,0.3138,0.0259,0.0859,0.1044,0.5113,0.9173,19.4871,3.3577,7.76
1475,0,2,hop,0.3,0.4,-0.5,False,49,0.49,isaac_reset,0.4371,0.0632,-0.2944,0.1491,0.3368,0.2056,0.3009,0.025,0.1055,0.0871,0.46,0.96,20.1578,1.7377,1.068
1476,1,2,hop,0.3,0.4,-0.5,False,49,0.49,isaac_reset,0.4388,0.0588,-0.2891,0.1508,0.3412,0.2109,0.3067,0.0246,0.0993,0.0845,0.44,0.93,19.5185,2.1874,1.068
1477,2,2,hop,0.3,0.4,-0.5,False,49,0.49,isaac_reset,0.4363,0.0608,-0.3002,0.1483,0.3392,0.1998,0.3109,0.0245,0.101,0.0827,0.44,0.94,18.988,1.7129,1.068
1478,3,2,hop,0.3,0.4,-0.5,False,49,0.49,isaac_reset,0.4357,0.0595,-0.3025,0.1477,0.3405,0.1975,0.3128,0.0243,0.1006,0.0807,0.44,0.92,18.7044,1.4321,1.068
1479,4,2,hop,0.3,0.4,-0.5,False,49,0.49,isaac_reset,0.4359,0.0594,-0.3022,0.1479,0.3406,0.1978,0.3131,0.0243,0.1007,0.0805,0.44,0.94,18.6595,2.1808,1.068
1480,0,2,hop,0.3,0.4,-0.25,False,0,0.0,fall_height,0.4392,0.0496,-0.1136,0.1392,0.3504,0.1378,0.2962,0.0232,0.1234,0.0959,0.5195,0.9405,22.1424,4.4383,7.757
1481,1,2,hop,0.3,0.4,-0.25,True,1000,10.0,timeout,0.4418,0.0473,-0.1139,0.1418,0.3527,0.1369,0.3036,0.0212,0.1162,0.0915,0.51,0.9395,21.0777,4.4553,7.757
1482,2,2,hop,0.3,0.4,-0.25,True,1000,10.0,timeout,0.4452,0.0453,-0.1115,0.1452,0.3547,0.1385,0.3076,0.0216,0.1119,0.0901,0.5025,0.933,20.4633,4.4777,7.757
1483,3,2,hop,0.3,0.4,-0.25,True,1000,10.0,timeout,0.4476,0.0453,-0.1146,0.1476,0.3547,0.1356,0.3094,0.0216,0.1105,0.0877,0.5015,0.932,20.1764,4.5096,7.757
1484,4,2,hop,0.3,0.4,-0.25,True,1000,10.0,timeout,0.4472,0.0447,-0.1139,0.1472,0.3553,0.1362,0.3098,0.0226,0.1099,0.087,0.5013,0.9313,20.0748,4.5238,7.757
1485,0,2,hop,0.3,0.4,0.0,False,18,0.18,fall_height,0.4413,0.0492,0.0299,0.1417,0.3508,0.0468,0.2957,0.0259,0.1328,0.1033,0.52,0.9395,21.9299,4.0142,7.758
1486,1,2,hop,0.3,0.4,0.0,True,1000,10.0,timeout,0.4462,0.0451,0.0335,0.1464,0.3549,0.0505,0.3011,0.0276,0.1195,0.0987,0.513,0.9325,21.0269,4.3246,7.758
1487,2,2,hop,0.3,0.4,0.0,True,1000,10.0,timeout,0.4517,0.0446,0.0369,0.1521,0.3554,0.0535,0.3064,0.0259,0.1154,0.0955,0.503,0.9285,20.3887,4.0327,7.758
1488,3,2,hop,0.3,0.4,0.0,True,1000,10.0,timeout,0.4577,0.0431,0.0381,0.1577,0.3569,0.0519,0.3105,0.0235,0.1145,0.0935,0.5005,0.9285,19.8522,3.5171,7.758
1489,4,2,hop,0.3,0.4,0.0,True,1000,10.0,timeout,0.4546,0.0422,0.0378,0.1546,0.3578,0.0526,0.3106,0.0243,0.1137,0.092,0.5025,0.9265,19.8873,3.8384,7.758
1490,0,2,hop,0.3,0.4,0.25,False,93,0.93,fall_height,0.4463,0.0465,0.2004,0.1585,0.3535,0.0586,0.2991,0.0301,0.1026,0.1127,0.526,0.921,21.5429,3.5292,7.742
1491,1,2,hop,0.3,0.4,0.25,True,1000,10.0,timeout,0.452,0.0453,0.2115,0.164,0.3547,0.0493,0.3063,0.0267,0.0992,0.1042,0.5153,0.9178,20.6823,4.3024,7.742
1492,2,2,hop,0.3,0.4,0.25,True,1000,10.0,timeout,0.4526,0.0445,0.2188,0.1653,0.3555,0.0434,0.3101,0.027,0.0956,0.1025,0.511,0.918,19.96,3.4182,7.742
1493,3,2,hop,0.3,0.4,0.25,True,1000,10.0,timeout,0.4553,0.0436,0.2196,0.1672,0.3564,0.0418,0.3118,0.027,0.0932,0.101,0.512,0.918,19.6683,3.5472,7.742
1494,4,2,hop,0.3,0.4,0.25,True,1000,10.0,timeout,0.4538,0.0434,0.2183,0.1666,0.3566,0.0433,0.3123,0.0267,0.094,0.1006,0.511,0.9175,19.5974,4.119,7.742
1495,0,2,hop,0.3,0.4,0.5,False,49,0.49,isaac_reset,0.481,0.0508,0.4119,0.193,0.3492,0.0881,0.3085,0.0244,0.1008,0.114,0.44,0.94,19.7741,3.8422,1.074
1496,1,2,hop,0.3,0.4,0.5,False,49,0.49,isaac_reset,0.4814,0.0501,0.4228,0.1934,0.3499,0.0772,0.3138,0.0242,0.0971,0.1059,0.44,0.92,19.0186,4.0012,1.074
1497,2,2,hop,0.3,0.4,0.5,False,49,0.49,isaac_reset,0.4846,0.048,0.4262,0.1966,0.352,0.0742,0.317,0.0242,0.0969,0.103,0.44,0.94,18.4777,3.5462,1.074
1498,3,2,hop,0.3,0.4,0.5,False,49,0.49,isaac_reset,0.4854,0.0473,0.4276,0.1974,0.3527,0.0734,0.3187,0.0242,0.0977,0.1009,0.44,0.93,18.2525,3.8361,1.074
1499,4,2,hop,0.3,0.4,0.5,False,49,0.49,isaac_reset,0.4851,0.0467,0.4282,0.1971,0.3533,0.0737,0.3196,0.0241,0.0982,0.1009,0.44,0.94,18.1313,3.5343,1.074
1500,0,2,hop,0.6,-0.4,-0.5,True,1000,10.0,timeout,0.5862,-0.0202,-0.275,0.0359,0.3798,0.225,0.2966,0.0208,0.041,0.1247,0.5105,0.941,21.983,4.2144,7.766
1501,1,2,hop,0.6,-0.4,-0.5,True,1000,10.0,timeout,0.5836,-0.0163,-0.2795,0.0356,0.3837,0.2205,0.3021,0.0218,0.0464,0.115,0.508,0.938,20.98,4.1306,7.766
1502,2,2,hop,0.6,-0.4,-0.5,True,1000,10.0,timeout,0.5876,-0.0122,-0.2728,0.0309,0.3878,0.2272,0.3068,0.0218,0.056,0.1064,0.5018,0.9323,20.2694,4.2231,7.766
1503,3,2,hop,0.6,-0.4,-0.5,True,1000,10.0,timeout,0.5882,-0.0123,-0.275,0.0323,0.3877,0.225,0.3084,0.0221,0.0576,0.1049,0.5013,0.9318,19.9036,4.2192,7.766
1504,4,2,hop,0.6,-0.4,-0.5,True,1000,10.0,timeout,0.5877,-0.0111,-0.2761,0.0338,0.3889,0.2239,0.3072,0.0242,0.0587,0.1066,0.5053,0.9298,19.9319,4.182,7.766
1505,0,2,hop,0.6,-0.4,-0.25,True,1000,10.0,timeout,0.5878,-0.0221,-0.1026,0.036,0.3779,0.1479,0.2969,0.0209,0.0365,0.13,0.5038,0.9423,21.6588,5.1385,7.752
1506,1,2,hop,0.6,-0.4,-0.25,True,1000,10.0,timeout,0.5864,-0.0171,-0.1024,0.0361,0.3829,0.1479,0.3014,0.0246,0.0413,0.1185,0.5118,0.9318,20.8067,5.5336,7.752
1507,2,2,hop,0.6,-0.4,-0.25,True,1000,10.0,timeout,0.5872,-0.0153,-0.0922,0.0324,0.3847,0.1583,0.3061,0.0222,0.0495,0.11,0.4963,0.9328,20.1876,5.6885,7.752
1508,3,2,hop,0.6,-0.4,-0.25,False,44,0.44,fall_height,0.5964,-0.0108,-0.1031,0.0313,0.3892,0.1494,0.3026,0.0287,0.0548,0.1137,0.504,0.928,19.8746,4.4456,7.752
1509,4,2,hop,0.6,-0.4,-0.25,True,1000,10.0,timeout,0.5926,-0.012,-0.099,0.0334,0.388,0.1521,0.3042,0.0281,0.0538,0.1127,0.5028,0.9293,19.7759,5.3033,7.752
1510,0,2,hop,0.6,-0.4,0.0,True,1000,10.0,timeout,0.5783,-0.0229,0.0281,0.0503,0.3771,0.0572,0.2999,0.024,0.0373,0.1318,0.5168,0.9268,21.5741,4.5165,7.844
1511,1,2,hop,0.6,-0.4,0.0,False,63,0.63,fall_height,0.5491,0.0108,-0.0633,0.0719,0.4108,0.0671,0.234,0.0277,0.0623,0.2073,0.618,0.851,20.4661,2.0857,7.844
1512,2,2,hop,0.6,-0.4,0.0,True,1000,10.0,timeout,0.5891,-0.0165,0.0491,0.0468,0.3835,0.0733,0.3088,0.0261,0.0452,0.1128,0.5128,0.9153,19.9679,4.0558,7.844
1513,3,2,hop,0.6,-0.4,0.0,True,1000,10.0,timeout,0.5948,-0.0147,0.0425,0.0501,0.3853,0.0698,0.3074,0.0265,0.0463,0.1138,0.5133,0.9173,19.7466,4.8175,7.844
1514,4,2,hop,0.6,-0.4,0.0,True,1000,10.0,timeout,0.5937,-0.0155,0.0435,0.05,0.3845,0.0702,0.3077,0.0267,0.0455,0.1136,0.5115,0.9175,19.7154,3.9474,7.844
1515,0,2,hop,0.6,-0.4,0.25,False,49,0.49,isaac_reset,0.6013,-0.0235,0.2079,0.0466,0.3765,0.054,0.3036,0.025,0.0461,0.1371,0.45,0.95,19.8314,5.5137,1.057
1516,1,2,hop,0.6,-0.4,0.25,False,44,0.44,fall_height,0.5846,0.0098,0.0795,0.0629,0.4098,0.1705,0.2349,0.031,0.0588,0.2228,0.59,0.82,19.6029,5.8715,1.057
1517,2,2,hop,0.6,-0.4,0.25,False,49,0.49,isaac_reset,0.6084,-0.0184,0.2434,0.0462,0.3816,0.0503,0.3125,0.0247,0.0541,0.1178,0.44,0.94,18.5213,5.8208,1.057
1518,3,2,hop,0.6,-0.4,0.25,False,49,0.49,isaac_reset,0.6108,-0.0195,0.2466,0.0474,0.3805,0.0495,0.3143,0.0246,0.0548,0.1151,0.44,0.94,18.2509,6.0124,1.057
1519,4,2,hop,0.6,-0.4,0.25,False,49,0.49,isaac_reset,0.6119,-0.0199,0.2452,0.0482,0.3801,0.0484,0.3147,0.0246,0.0547,0.1148,0.44,0.94,18.2027,6.7474,1.057
1520,0,2,hop,0.6,-0.4,0.5,True,1000,10.0,timeout,0.6201,-0.0378,0.4239,0.0446,0.3622,0.0797,0.3021,0.0209,0.0546,0.1427,0.5105,0.941,21.5094,2.1296,7.778
1521,1,2,hop,0.6,-0.4,0.5,True,1000,10.0,timeout,0.6185,-0.034,0.443,0.0411,0.366,0.0718,0.3071,0.0213,0.0619,0.1322,0.504,0.933,20.7105,1.8414,7.778
1522,2,2,hop,0.6,-0.4,0.5,True,1000,10.0,timeout,0.6257,-0.0328,0.4552,0.0441,0.3672,0.0703,0.312,0.0224,0.0648,0.1255,0.5018,0.9308,19.8343,1.6809,7.778
1523,3,2,hop,0.6,-0.4,0.5,True,1000,10.0,timeout,0.6284,-0.0326,0.4545,0.0452,0.3674,0.0718,0.3136,0.0218,0.0628,0.1241,0.4995,0.93,19.4592,1.6836,7.778
1524,4,2,hop,0.6,-0.4,0.5,True,1000,10.0,timeout,0.6268,-0.0326,0.4571,0.0449,0.3674,0.0704,0.3142,0.0222,0.0626,0.1236,0.4978,0.9278,19.3897,1.6455,7.778
1525,0,2,hop,0.6,-0.2,-0.5,True,1000,10.0,timeout,0.5841,-0.0025,-0.2819,0.0356,0.1975,0.2184,0.2971,0.0212,0.0554,0.1202,0.5045,0.9425,21.7297,5.016,7.754
1526,1,2,hop,0.6,-0.2,-0.5,True,1000,10.0,timeout,0.5812,0.0015,-0.2822,0.036,0.2015,0.2188,0.3027,0.0248,0.059,0.1109,0.5048,0.9253,20.7705,6.3184,7.754
1527,2,2,hop,0.6,-0.2,-0.5,True,1000,10.0,timeout,0.5807,0.0079,-0.2834,0.0353,0.2079,0.2174,0.3059,0.0257,0.0696,0.1019,0.5033,0.9263,20.1756,5.1768,7.754
1528,3,2,hop,0.6,-0.2,-0.5,True,1000,10.0,timeout,0.5875,0.0062,-0.2798,0.0328,0.2062,0.2202,0.3042,0.0283,0.0683,0.1061,0.5038,0.9288,19.9579,5.7559,7.754
1529,4,2,hop,0.6,-0.2,-0.5,True,1000,10.0,timeout,0.5861,0.0053,-0.2782,0.0334,0.2053,0.2218,0.3067,0.0262,0.0691,0.1034,0.5013,0.9298,19.8467,5.6604,7.754
1530,0,2,hop,0.6,-0.2,-0.25,True,1000,10.0,timeout,0.5762,-0.0058,-0.108,0.0467,0.1942,0.1457,0.2992,0.0229,0.0509,0.1229,0.5123,0.9313,21.6544,5.2619,7.771
1531,1,2,hop,0.6,-0.2,-0.25,True,1000,10.0,timeout,0.5736,-0.0038,-0.0966,0.0466,0.1962,0.1545,0.3034,0.0234,0.0563,0.1146,0.5078,0.9228,20.8021,4.8885,7.771
1532,2,2,hop,0.6,-0.2,-0.25,True,1000,10.0,timeout,0.5757,0.0028,-0.0988,0.0475,0.2028,0.1541,0.3027,0.0295,0.0641,0.1118,0.512,0.9195,20.1563,5.0155,7.771
1533,3,2,hop,0.6,-0.2,-0.25,True,1000,10.0,timeout,0.5767,0.0032,-0.0961,0.0473,0.2032,0.156,0.3042,0.0297,0.0635,0.109,0.513,0.919,19.9313,5.1614,7.771
1534,4,2,hop,0.6,-0.2,-0.25,True,1000,10.0,timeout,0.5775,0.007,-0.1104,0.0491,0.207,0.1437,0.2992,0.0338,0.0655,0.1155,0.518,0.915,19.7964,4.5313,7.771
1535,0,2,hop,0.6,-0.2,0.0,False,49,0.49,isaac_reset,0.5943,0.0016,0.0272,0.0415,0.2016,0.0424,0.3044,0.0251,0.0618,0.1261,0.45,0.94,19.8359,6.4563,1.041
1536,1,2,hop,0.6,-0.2,0.0,False,49,0.49,isaac_reset,0.5956,0.0058,0.0395,0.0384,0.2058,0.0524,0.31,0.0247,0.0654,0.1129,0.44,0.92,19.1356,5.36,1.041
1537,2,2,hop,0.6,-0.2,0.0,False,49,0.49,isaac_reset,0.5999,0.0076,0.0509,0.0394,0.2076,0.062,0.3135,0.0246,0.069,0.1052,0.44,0.92,18.6241,5.6535,1.041
1538,3,2,hop,0.6,-0.2,0.0,False,49,0.49,isaac_reset,0.6017,0.0066,0.0503,0.0411,0.2066,0.0613,0.315,0.0247,0.0675,0.1029,0.44,0.94,18.3757,6.1942,1.041
1539,4,2,hop,0.6,-0.2,0.0,False,49,0.49,isaac_reset,0.5986,0.0066,0.0522,0.0392,0.2066,0.0625,0.3157,0.0247,0.0674,0.1016,0.44,0.93,18.4056,5.745,1.041
1540,0,2,hop,0.6,-0.2,0.25,True,1000,10.0,timeout,0.6075,-0.014,0.2184,0.0406,0.186,0.0411,0.3019,0.0213,0.0675,0.1374,0.5103,0.9393,21.436,5.1899,7.768
1541,1,2,hop,0.6,-0.2,0.25,True,1000,10.0,timeout,0.6112,-0.012,0.2372,0.0373,0.188,0.0415,0.3073,0.021,0.0694,0.1256,0.5023,0.9333,20.6253,4.9141,7.768
1542,2,2,hop,0.6,-0.2,0.25,True,1000,10.0,timeout,0.6144,-0.009,0.247,0.0385,0.191,0.0499,0.3101,0.0225,0.0731,0.12,0.503,0.932,20.0161,4.8416,7.768
1543,3,2,hop,0.6,-0.2,0.25,True,1000,10.0,timeout,0.6167,-0.0106,0.252,0.0394,0.1894,0.0469,0.3133,0.022,0.0726,0.1167,0.5013,0.9318,19.5865,4.8083,7.768
1544,4,2,hop,0.6,-0.2,0.25,True,1000,10.0,timeout,0.6178,-0.0116,0.2502,0.0381,0.1884,0.0465,0.3132,0.0213,0.0722,0.115,0.502,0.933,19.666,4.8396,7.768
1545,0,2,hop,0.6,-0.2,0.5,True,1000,10.0,timeout,0.6209,-0.0208,0.4192,0.0444,0.1792,0.0812,0.3037,0.0208,0.0717,0.141,0.5043,0.9423,21.1982,4.82,7.778
1546,1,2,hop,0.6,-0.2,0.5,True,1000,10.0,timeout,0.6222,-0.0166,0.4381,0.0436,0.1834,0.0696,0.3086,0.0231,0.0743,0.1301,0.5003,0.9303,20.398,4.338,7.778
1547,2,2,hop,0.6,-0.2,0.5,True,1000,10.0,timeout,0.6275,-0.0141,0.4413,0.0447,0.1859,0.073,0.3099,0.0257,0.0759,0.1264,0.5023,0.9293,19.8199,4.2432,7.778
1548,3,2,hop,0.6,-0.2,0.5,True,1000,10.0,timeout,0.6262,-0.0166,0.4536,0.0453,0.1834,0.0656,0.3145,0.0253,0.0768,0.1201,0.501,0.9235,19.3674,3.8783,7.778
1549,4,2,hop,0.6,-0.2,0.5,True,1000,10.0,timeout,0.6263,-0.0157,0.4542,0.0452,0.1843,0.0659,0.3131,0.0256,0.0789,0.1234,0.4975,0.926,19.3652,3.9639,7.778
1550,0,2,hop,0.6,0.0,-0.5,True,1000,10.0,timeout,0.5731,0.0146,-0.2905,0.0446,0.0385,0.2125,0.299,0.0232,0.0703,0.1135,0.514,0.931,21.707,5.9389,7.778
1551,1,2,hop,0.6,0.0,-0.5,True,1000,10.0,timeout,0.5643,0.018,-0.2903,0.0511,0.0425,0.2107,0.3039,0.027,0.0727,0.1031,0.5165,0.912,20.8642,5.8161,7.778
1552,2,2,hop,0.6,0.0,-0.5,True,1000,10.0,timeout,0.5687,0.0205,-0.2842,0.0486,0.0438,0.2166,0.3045,0.0286,0.0769,0.103,0.512,0.92,20.2819,5.5907,7.778
1553,3,2,hop,0.6,0.0,-0.5,True,1000,10.0,timeout,0.5701,0.0203,-0.2875,0.0479,0.044,0.2127,0.3063,0.0285,0.0774,0.0999,0.5103,0.9218,19.9198,5.3477,7.778
1554,4,2,hop,0.6,0.0,-0.5,True,1000,10.0,timeout,0.5691,0.0227,-0.2925,0.0491,0.0451,0.2083,0.3033,0.0318,0.0764,0.1041,0.514,0.919,19.8035,5.5056,7.778
1555,0,2,hop,0.6,0.0,-0.25,False,49,0.49,isaac_reset,0.5903,0.0207,-0.0827,0.0399,0.0356,0.1673,0.304,0.0251,0.0795,0.1179,0.45,0.935,19.8289,4.3837,1.042
1556,1,2,hop,0.6,0.0,-0.25,False,49,0.49,isaac_reset,0.5921,0.022,-0.0754,0.0394,0.0368,0.1746,0.31,0.0247,0.0801,0.1098,0.44,0.94,19.1061,4.2757,1.042
1557,2,2,hop,0.6,0.0,-0.25,False,49,0.49,isaac_reset,0.5929,0.0245,-0.074,0.0401,0.039,0.176,0.3136,0.0246,0.0829,0.1036,0.44,0.92,18.5057,4.258,1.042
1558,3,2,hop,0.6,0.0,-0.25,False,49,0.49,isaac_reset,0.5919,0.0268,-0.0749,0.0397,0.0411,0.1751,0.3155,0.0246,0.0841,0.0995,0.44,0.94,18.3056,3.6071,1.042
1559,4,2,hop,0.6,0.0,-0.25,False,49,0.49,isaac_reset,0.5965,0.0272,-0.0725,0.0415,0.0413,0.1775,0.316,0.0246,0.0836,0.0986,0.44,0.94,18.289,4.1607,1.042
1560,0,2,hop,0.6,0.0,0.0,True,1000,10.0,timeout,0.5959,0.0108,0.0294,0.0349,0.0331,0.0429,0.3011,0.0214,0.0844,0.1265,0.51,0.939,21.5232,6.4098,7.756
1561,1,2,hop,0.6,0.0,0.0,True,1000,10.0,timeout,0.5991,0.0099,0.0423,0.0312,0.0331,0.0539,0.3064,0.0211,0.0842,0.1171,0.502,0.933,20.7388,6.4287,7.756
1562,2,2,hop,0.6,0.0,0.0,True,1000,10.0,timeout,0.6032,0.0131,0.0493,0.0326,0.0345,0.0614,0.3103,0.0216,0.0846,0.11,0.5018,0.9323,20.0582,6.4077,7.756
1563,3,2,hop,0.6,0.0,0.0,True,1000,10.0,timeout,0.6021,0.0135,0.0492,0.0333,0.0352,0.0656,0.3104,0.0243,0.0841,0.1095,0.5053,0.9293,19.8253,6.4216,7.756
1564,4,2,hop,0.6,0.0,0.0,True,1000,10.0,timeout,0.6053,0.0124,0.0524,0.033,0.0342,0.0646,0.3126,0.0218,0.0838,0.1064,0.5008,0.9318,19.6431,6.4474,7.756
1565,0,2,hop,0.6,0.0,0.25,True,1000,10.0,timeout,0.6051,0.0067,0.2039,0.0405,0.0293,0.0504,0.3,0.0251,0.0813,0.1346,0.5113,0.9353,21.3865,4.3559,7.776
1566,1,2,hop,0.6,0.0,0.25,True,1000,10.0,timeout,0.6095,0.0069,0.2269,0.0394,0.0268,0.0379,0.3078,0.023,0.0774,0.1247,0.5005,0.93,20.4342,5.0236,7.776
1567,2,2,hop,0.6,0.0,0.25,True,1000,10.0,timeout,0.6143,0.0109,0.2292,0.0397,0.0295,0.0484,0.306,0.0292,0.0795,0.1243,0.5048,0.9278,19.8489,5.4507,7.776
1568,3,2,hop,0.6,0.0,0.25,True,1000,10.0,timeout,0.6153,0.0081,0.2426,0.0392,0.0291,0.0423,0.3136,0.0229,0.0832,0.1153,0.4973,0.9313,19.4604,5.6,7.776
1569,4,2,hop,0.6,0.0,0.25,True,1000,10.0,timeout,0.6153,0.0075,0.246,0.0388,0.0291,0.0436,0.3141,0.023,0.0836,0.1146,0.497,0.931,19.3895,4.8658,7.776
1570,0,2,hop,0.6,0.0,0.5,True,1000,10.0,timeout,0.6023,0.001,0.412,0.0598,0.0237,0.0897,0.3047,0.025,0.0789,0.1349,0.5148,0.9253,21.2357,4.8125,7.777
1571,1,2,hop,0.6,0.0,0.5,True,1000,10.0,timeout,0.6057,0.0039,0.4258,0.0594,0.0233,0.0758,0.3099,0.0246,0.0773,0.1262,0.508,0.923,20.3925,4.2583,7.777
1572,2,2,hop,0.6,0.0,0.5,True,1000,10.0,timeout,0.6071,0.0048,0.4311,0.0606,0.025,0.0771,0.3098,0.0289,0.0799,0.1242,0.5128,0.9178,19.8232,4.0155,7.777
1573,3,2,hop,0.6,0.0,0.5,True,1000,10.0,timeout,0.6137,0.004,0.4379,0.0619,0.0259,0.0719,0.3135,0.0273,0.0824,0.1186,0.5105,0.9165,19.534,3.9938,7.777
1574,4,2,hop,0.6,0.0,0.5,True,1000,10.0,timeout,0.6075,0.0026,0.4473,0.0584,0.0256,0.0654,0.3161,0.0248,0.083,0.1171,0.5028,0.9218,19.4206,4.1267,7.777
1575,0,2,hop,0.6,0.2,-0.5,False,49,0.49,isaac_reset,0.5812,0.0467,-0.2675,0.0356,0.1533,0.2325,0.303,0.0247,0.0955,0.1054,0.44,0.93,19.9829,3.1251,1.041
1576,1,2,hop,0.6,0.2,-0.5,False,49,0.49,isaac_reset,0.5832,0.0456,-0.2719,0.0367,0.1544,0.2281,0.3088,0.0245,0.0912,0.0994,0.44,0.94,19.2381,2.9729,1.041
1577,2,2,hop,0.6,0.2,-0.5,False,49,0.49,isaac_reset,0.5801,0.049,-0.2741,0.0374,0.151,0.2259,0.3124,0.0245,0.095,0.0929,0.44,0.94,18.7645,2.1226,1.041
1578,3,2,hop,0.6,0.2,-0.5,False,49,0.49,isaac_reset,0.5841,0.0489,-0.2716,0.0375,0.1511,0.2284,0.3142,0.0244,0.0941,0.0907,0.44,0.94,18.4751,1.7514,1.041
1579,4,2,hop,0.6,0.2,-0.5,False,49,0.49,isaac_reset,0.5837,0.049,-0.2715,0.0375,0.151,0.2285,0.3144,0.0245,0.094,0.0898,0.44,0.94,18.4518,2.5613,1.041
1580,0,2,hop,0.6,0.2,-0.25,True,1000,10.0,timeout,0.5842,0.0352,-0.107,0.0336,0.1648,0.1433,0.2998,0.0213,0.1069,0.1143,0.504,0.933,21.7364,5.9226,7.752
1581,1,2,hop,0.6,0.2,-0.25,True,1000,10.0,timeout,0.5877,0.0323,-0.0997,0.0315,0.1677,0.1521,0.3041,0.0215,0.1027,0.1084,0.5038,0.9323,20.9321,6.0116,7.752
1582,2,2,hop,0.6,0.2,-0.25,True,1000,10.0,timeout,0.5917,0.0335,-0.0993,0.0318,0.1668,0.1519,0.3084,0.0211,0.1029,0.1008,0.5018,0.9328,20.3059,6.0549,7.752
1583,3,2,hop,0.6,0.2,-0.25,True,1000,10.0,timeout,0.5939,0.0339,-0.0952,0.0307,0.1661,0.1549,0.3104,0.0215,0.1033,0.0982,0.5013,0.9323,19.965,6.1019,7.752
1584,4,2,hop,0.6,0.2,-0.25,True,1000,10.0,timeout,0.5928,0.0336,-0.0956,0.0306,0.1664,0.1544,0.3107,0.0215,0.1025,0.098,0.5013,0.9323,19.8911,6.0876,7.752
1585,0,2,hop,0.6,0.2,0.0,False,13,0.13,fall_height,0.5852,0.0352,0.0278,0.0375,0.1648,0.054,0.2973,0.0298,0.1138,0.1247,0.5105,0.924,21.599,4.5767,7.745
1586,1,2,hop,0.6,0.2,0.0,True,1000,10.0,timeout,0.5979,0.0317,0.0362,0.0328,0.1683,0.0543,0.3066,0.0228,0.1056,0.114,0.5005,0.9305,20.6937,4.5196,7.745
1587,2,2,hop,0.6,0.2,0.0,False,16,0.16,fall_height,0.5981,0.0341,0.0352,0.0345,0.1659,0.06,0.3053,0.0287,0.1052,0.1132,0.5055,0.926,20.1184,5.18,7.745
1588,3,2,hop,0.6,0.2,0.0,True,1000,10.0,timeout,0.6011,0.033,0.0389,0.0333,0.167,0.0609,0.3069,0.0291,0.1026,0.1104,0.5043,0.9283,19.7621,4.9292,7.745
1589,4,2,hop,0.6,0.2,0.0,True,1000,10.0,timeout,0.6012,0.0327,0.0413,0.0327,0.1673,0.0619,0.3076,0.0286,0.1023,0.1099,0.5038,0.9268,19.6874,4.3315,7.745
1590,0,2,hop,0.6,0.2,0.25,True,1000,10.0,timeout,0.5902,0.0274,0.202,0.0538,0.1726,0.0524,0.3029,0.026,0.0932,0.1262,0.5113,0.9203,21.3714,5.2012,7.739
1591,1,2,hop,0.6,0.2,0.25,True,1000,10.0,timeout,0.5938,0.0273,0.2168,0.0531,0.1727,0.0473,0.3076,0.0263,0.0903,0.1185,0.51,0.921,20.5528,5.0627,7.739
1592,2,2,hop,0.6,0.2,0.25,True,1000,10.0,timeout,0.596,0.0279,0.2238,0.0547,0.1721,0.0482,0.3087,0.0292,0.0901,0.1177,0.511,0.9215,19.8966,4.9821,7.739
1593,3,2,hop,0.6,0.2,0.25,True,1000,10.0,timeout,0.597,0.0259,0.2368,0.0544,0.1741,0.044,0.3143,0.0254,0.0903,0.1116,0.5063,0.9228,19.5597,5.8876,7.739
1594,4,2,hop,0.6,0.2,0.25,True,1000,10.0,timeout,0.5962,0.0255,0.2371,0.0547,0.1745,0.0449,0.3147,0.0255,0.09,0.1113,0.5063,0.9223,19.4981,4.717,7.739
1595,0,2,hop,0.6,0.2,0.5,False,49,0.49,isaac_reset,0.624,0.0284,0.4132,0.0602,0.1716,0.0868,0.3107,0.0243,0.09,0.1302,0.44,0.94,19.4455,5.1702,1.042
1596,1,2,hop,0.6,0.2,0.5,False,49,0.49,isaac_reset,0.6249,0.0299,0.432,0.0603,0.1701,0.068,0.3161,0.0242,0.0876,0.1214,0.44,0.92,18.6419,4.6646,1.042
1597,2,2,hop,0.6,0.2,0.5,False,49,0.49,isaac_reset,0.6242,0.0291,0.4421,0.0581,0.1709,0.0605,0.3205,0.0239,0.0924,0.1154,0.44,0.93,18.1244,5.1492,1.042
1598,3,2,hop,0.6,0.2,0.5,False,49,0.49,isaac_reset,0.6242,0.0275,0.4454,0.0588,0.1725,0.0579,0.3218,0.0241,0.0931,0.1142,0.44,0.94,17.9628,5.08,1.042
1599,4,2,hop,0.6,0.2,0.5,False,49,0.49,isaac_reset,0.624,0.0285,0.4501,0.0597,0.1715,0.0512,0.3221,0.0241,0.0934,0.113,0.425,0.905,17.7813,4.3288,1.042
1600,0,2,hop,0.6,0.4,-0.5,True,1000,10.0,timeout,0.5776,0.0582,-0.2997,0.0339,0.3418,0.2023,0.2977,0.0211,0.1199,0.1046,0.511,0.9395,21.8394,3.8336,7.761
1601,1,2,hop,0.6,0.4,-0.5,True,1000,10.0,timeout,0.5797,0.0519,-0.2916,0.0308,0.3481,0.2084,0.3041,0.0208,0.1125,0.0986,0.5033,0.9343,21.0568,3.9021,7.761
1602,2,2,hop,0.6,0.4,-0.5,True,1000,10.0,timeout,0.5816,0.0539,-0.2957,0.0321,0.3461,0.2043,0.3085,0.0211,0.1126,0.0959,0.5018,0.9328,20.3206,3.8706,7.761
1603,3,2,hop,0.6,0.4,-0.5,True,1000,10.0,timeout,0.5856,0.0536,-0.2971,0.0315,0.3464,0.2036,0.3103,0.0214,0.111,0.0938,0.5013,0.9323,20.0357,3.8965,7.761
1604,4,2,hop,0.6,0.4,-0.5,True,1000,10.0,timeout,0.5832,0.0531,-0.2951,0.032,0.3469,0.2049,0.3107,0.0214,0.1104,0.0934,0.5015,0.9325,19.9377,3.8957,7.761
1605,0,2,hop,0.6,0.4,-0.25,False,11,0.11,fall_height,0.5781,0.0568,-0.1287,0.0386,0.3432,0.1288,0.2956,0.0276,0.1274,0.1166,0.51,0.928,21.726,4.0978,7.767
1606,1,2,hop,0.6,0.4,-0.25,False,14,0.14,fall_height,0.5811,0.0523,-0.1202,0.0349,0.3477,0.1352,0.3008,0.0275,0.1178,0.1111,0.5055,0.9275,20.8381,5.0492,7.767
1607,2,2,hop,0.6,0.4,-0.25,False,15,0.15,fall_height,0.5839,0.0521,-0.1165,0.033,0.3479,0.136,0.3061,0.0259,0.1173,0.1037,0.5015,0.93,20.182,5.3136,7.767
1608,3,2,hop,0.6,0.4,-0.25,True,1000,10.0,timeout,0.5882,0.0517,-0.1168,0.0324,0.3483,0.1377,0.3064,0.0275,0.1141,0.1039,0.5038,0.9293,19.9034,4.6266,7.767
1609,4,2,hop,0.6,0.4,-0.25,False,14,0.14,fall_height,0.5864,0.051,-0.1136,0.0326,0.349,0.1378,0.308,0.0262,0.1141,0.1022,0.5015,0.93,19.8196,4.5954,7.767
1610,0,2,hop,0.6,0.4,0.0,True,1000,10.0,timeout,0.5747,0.0497,0.0279,0.0518,0.3503,0.0502,0.3008,0.0262,0.126,0.1172,0.5138,0.9198,21.6634,5.3441,7.736
1611,1,2,hop,0.6,0.4,0.0,True,1000,10.0,timeout,0.578,0.0488,0.0288,0.0491,0.3512,0.0534,0.3068,0.0254,0.1182,0.1098,0.509,0.9215,20.7463,4.9322,7.736
1612,2,2,hop,0.6,0.4,0.0,False,63,0.63,fall_height,0.5763,0.0465,0.0341,0.05,0.3535,0.0565,0.3079,0.0301,0.1116,0.1089,0.51,0.9205,20.057,4.6813,7.736
1613,3,2,hop,0.6,0.4,0.0,True,1000,10.0,timeout,0.5863,0.0459,0.0382,0.0492,0.3541,0.0602,0.3115,0.0266,0.1114,0.1023,0.5073,0.9228,19.8175,4.6852,7.736
1614,4,2,hop,0.6,0.4,0.0,False,64,0.64,fall_height,0.5782,0.0468,0.039,0.0497,0.3532,0.0598,0.31,0.0304,0.1105,0.106,0.5088,0.9213,19.6918,5.2049,7.736
1615,0,2,hop,0.6,0.4,0.25,False,49,0.49,isaac_reset,0.601,0.0574,0.2092,0.0442,0.3426,0.0464,0.3078,0.0245,0.1191,0.1228,0.44,0.94,19.6804,6.0452,1.04
1616,1,2,hop,0.6,0.4,0.25,False,49,0.49,isaac_reset,0.6028,0.0539,0.2254,0.0436,0.3461,0.0407,0.3131,0.0242,0.1115,0.1146,0.44,0.94,18.9211,6.2724,1.04
1617,2,2,hop,0.6,0.4,0.25,False,49,0.49,isaac_reset,0.6065,0.0521,0.2381,0.045,0.3479,0.0408,0.3166,0.0243,0.1069,0.1079,0.44,0.92,18.4766,5.8946,1.04
1618,3,2,hop,0.6,0.4,0.25,False,49,0.49,isaac_reset,0.6081,0.0515,0.2452,0.0458,0.3485,0.0408,0.3183,0.0242,0.1052,0.1058,0.44,0.93,18.1462,5.4308,1.04
1619,4,2,hop,0.6,0.4,0.25,False,49,0.49,isaac_reset,0.6081,0.0512,0.2469,0.0456,0.3488,0.0415,0.3187,0.0242,0.1049,0.105,0.44,0.93,18.1191,5.4925,1.04
1620,0,2,hop,0.6,0.4,0.5,True,1000,10.0,timeout,0.6249,0.0421,0.4022,0.0464,0.3579,0.098,0.3066,0.0211,0.1015,0.133,0.5055,0.932,21.2731,2.4466,7.743
1621,1,2,hop,0.6,0.4,0.5,True,1000,10.0,timeout,0.6255,0.0427,0.4208,0.0452,0.3573,0.0792,0.3117,0.0211,0.0988,0.1244,0.503,0.933,20.458,2.1606,7.743
1622,2,2,hop,0.6,0.4,0.5,True,1000,10.0,timeout,0.6282,0.0424,0.4357,0.0443,0.3576,0.0645,0.3159,0.0212,0.0999,0.1178,0.5023,0.9333,19.8492,1.9124,7.743
1623,3,2,hop,0.6,0.4,0.5,True,1000,10.0,timeout,0.6277,0.0418,0.4372,0.0454,0.3582,0.0629,0.3174,0.0214,0.1008,0.1162,0.4965,0.9275,19.566,1.9043,7.743
1624,4,2,hop,0.6,0.4,0.5,True,1000,10.0,timeout,0.6278,0.0413,0.4385,0.0452,0.3587,0.062,0.3178,0.0215,0.1008,0.116,0.4953,0.9258,19.4994,1.8918,7.743
1625,0,2,hop,0.9,-0.4,-0.5,True,1000,10.0,timeout,0.7185,-0.0093,-0.2883,0.1815,0.3907,0.2123,0.2963,0.0214,0.0539,0.1317,0.505,0.9415,21.6624,7.414,7.759
1626,1,2,hop,0.9,-0.4,-0.5,True,1000,10.0,timeout,0.7163,-0.0084,-0.2789,0.1837,0.3916,0.2212,0.3016,0.0227,0.0581,0.1217,0.5028,0.9343,20.8012,6.8695,7.759
1627,2,2,hop,0.9,-0.4,-0.5,True,1000,10.0,timeout,0.7248,-0.0037,-0.2755,0.1752,0.3963,0.2245,0.3065,0.0214,0.0647,0.113,0.4958,0.9338,20.1366,6.7836,7.759
1628,3,2,hop,0.9,-0.4,-0.5,True,1000,10.0,timeout,0.7284,-0.004,-0.2755,0.1716,0.396,0.2245,0.3083,0.0214,0.0643,0.1101,0.4948,0.9338,19.8169,6.384,7.759
1629,4,2,hop,0.9,-0.4,-0.5,True,1000,10.0,timeout,0.7299,-0.0033,-0.2787,0.1701,0.3967,0.2216,0.3085,0.0214,0.0652,0.1103,0.4955,0.9345,19.7473,6.554,7.759
1630,0,2,hop,0.9,-0.4,-0.25,True,1000,10.0,timeout,0.7019,-0.0128,-0.1101,0.1981,0.3872,0.1411,0.2972,0.0259,0.0506,0.1327,0.5203,0.9263,21.6485,5.4614,7.742
1631,1,2,hop,0.9,-0.4,-0.25,True,1000,10.0,timeout,0.7118,-0.0127,-0.1092,0.1882,0.3873,0.145,0.3028,0.0242,0.0485,0.1226,0.5143,0.9278,20.8204,5.8679,7.742
1632,2,2,hop,0.9,-0.4,-0.25,True,1000,10.0,timeout,0.7086,-0.0081,-0.096,0.1914,0.3919,0.1564,0.3062,0.0258,0.0594,0.1168,0.5085,0.924,20.1834,6.1143,7.742
1633,3,2,hop,0.9,-0.4,-0.25,True,1000,10.0,timeout,0.7118,-0.0083,-0.0929,0.1882,0.3917,0.1596,0.3079,0.0261,0.062,0.1139,0.508,0.923,19.8967,6.2853,7.742
1634,4,2,hop,0.9,-0.4,-0.25,True,1000,10.0,timeout,0.7129,-0.0086,-0.0933,0.1871,0.3914,0.1601,0.3085,0.0252,0.0607,0.1126,0.5063,0.9238,19.8379,6.0543,7.742
1635,0,2,hop,0.9,-0.4,0.0,False,49,0.49,isaac_reset,0.7326,-0.0104,0.0279,0.1674,0.3896,0.0475,0.3041,0.0251,0.0505,0.137,0.45,0.95,19.7627,6.6227,1.039
1636,1,2,hop,0.9,-0.4,0.0,False,49,0.49,isaac_reset,0.7303,-0.0079,0.0396,0.1697,0.3921,0.0569,0.3088,0.025,0.0532,0.1264,0.44,0.92,19.0905,5.7563,1.039
1637,2,2,hop,0.9,-0.4,0.0,False,49,0.49,isaac_reset,0.7324,-0.0026,0.0476,0.1676,0.3974,0.0632,0.313,0.0248,0.0607,0.1178,0.44,0.92,18.5584,6.901,1.039
1638,3,2,hop,0.9,-0.4,0.0,False,49,0.49,isaac_reset,0.7359,-0.0037,0.0483,0.1641,0.3963,0.0634,0.3145,0.0247,0.0594,0.115,0.44,0.94,18.2983,7.258,1.039
1639,4,2,hop,0.9,-0.4,0.0,False,49,0.49,isaac_reset,0.7374,-0.0042,0.0481,0.1626,0.3958,0.0633,0.315,0.0246,0.0588,0.1148,0.44,0.93,18.2586,6.4558,1.039
1640,0,2,hop,0.9,-0.4,0.25,True,1000,10.0,timeout,0.7472,-0.0297,0.2173,0.1528,0.3703,0.0552,0.3005,0.0207,0.0499,0.1499,0.5105,0.941,21.4162,6.3843,7.767
1641,1,2,hop,0.9,-0.4,0.25,True,1000,10.0,timeout,0.7476,-0.0282,0.2361,0.1526,0.3718,0.0559,0.3063,0.0221,0.0535,0.1387,0.5093,0.9388,20.379,6.1316,7.767
1642,2,2,hop,0.9,-0.4,0.25,True,1000,10.0,timeout,0.7521,-0.0253,0.2527,0.1479,0.3747,0.0555,0.31,0.0212,0.0604,0.1304,0.5023,0.9333,19.9155,5.8383,7.767
1643,3,2,hop,0.9,-0.4,0.25,True,1000,10.0,timeout,0.7546,-0.0264,0.2621,0.1456,0.3736,0.0595,0.3127,0.022,0.0637,0.1271,0.5008,0.9313,19.4322,5.7583,7.767
1644,4,2,hop,0.9,-0.4,0.25,True,1000,10.0,timeout,0.7534,-0.0264,0.2596,0.1466,0.3736,0.0582,0.3122,0.0213,0.0639,0.1265,0.502,0.933,19.543,5.7202,7.767
1645,0,2,hop,0.9,-0.4,0.5,True,1000,10.0,timeout,0.7622,-0.0398,0.4259,0.1378,0.3602,0.0829,0.3028,0.0212,0.0518,0.1516,0.5043,0.9408,21.1103,4.9052,7.743
1646,1,2,hop,0.9,-0.4,0.5,True,1000,10.0,timeout,0.7622,-0.0362,0.4457,0.1378,0.3638,0.0771,0.3084,0.0217,0.0583,0.1411,0.4985,0.9345,20.2059,5.4117,7.743
1647,2,2,hop,0.9,-0.4,0.5,True,1000,10.0,timeout,0.7649,-0.0345,0.4561,0.1352,0.3655,0.0749,0.3122,0.0228,0.062,0.134,0.4965,0.9295,19.5724,5.2373,7.743
1648,3,2,hop,0.9,-0.4,0.5,True,1000,10.0,timeout,0.7701,-0.0335,0.4598,0.1308,0.3665,0.075,0.3136,0.0228,0.0625,0.1319,0.4908,0.9258,19.1749,5.4321,7.743
1649,4,2,hop,0.9,-0.4,0.5,False,14,0.14,fall_height,0.7614,-0.0333,0.4544,0.1386,0.3667,0.0787,0.3115,0.0275,0.061,0.1351,0.4945,0.9225,19.2299,4.648,7.743
1650,0,2,hop,0.9,-0.2,-0.5,False,88,0.88,fall_height,0.6941,0.007,-0.3007,0.2059,0.207,0.2011,0.2953,0.0306,0.0674,0.1255,0.5288,0.9178,21.8387,8.054,7.755
1651,1,2,hop,0.9,-0.2,-0.5,True,1000,10.0,timeout,0.7012,0.0113,-0.2903,0.1988,0.2113,0.2124,0.2988,0.0293,0.0707,0.1204,0.5133,0.9188,20.9974,7.3892,7.755
1652,2,2,hop,0.9,-0.2,-0.5,True,1000,10.0,timeout,0.7052,0.011,-0.2767,0.1948,0.211,0.2237,0.3066,0.0263,0.0737,0.109,0.509,0.923,20.2443,7.345,7.755
1653,3,2,hop,0.9,-0.2,-0.5,True,1000,10.0,timeout,0.7107,0.0103,-0.2765,0.1893,0.2103,0.224,0.3086,0.0254,0.0743,0.1064,0.5075,0.923,19.9861,6.9978,7.755
1654,4,2,hop,0.9,-0.2,-0.5,True,1000,10.0,timeout,0.7136,0.0134,-0.2807,0.1864,0.2134,0.2201,0.3082,0.026,0.0762,0.1066,0.5088,0.9218,19.9158,6.9353,7.755
1655,0,2,hop,0.9,-0.2,-0.25,False,49,0.49,isaac_reset,0.7242,0.0102,-0.0863,0.1758,0.2102,0.1637,0.304,0.0252,0.0707,0.1316,0.45,0.95,19.7092,5.4495,1.043
1656,1,2,hop,0.9,-0.2,-0.25,False,49,0.49,isaac_reset,0.7272,0.0102,-0.0767,0.1728,0.2102,0.1733,0.3096,0.0248,0.0697,0.1219,0.44,0.93,18.9873,5.3056,1.043
1657,2,2,hop,0.9,-0.2,-0.25,False,49,0.49,isaac_reset,0.7296,0.0157,-0.0672,0.1704,0.2157,0.1828,0.3136,0.0247,0.0758,0.1133,0.44,0.93,18.4722,5.0791,1.043
1658,3,2,hop,0.9,-0.2,-0.25,False,49,0.49,isaac_reset,0.7322,0.0146,-0.0668,0.1678,0.2146,0.1832,0.3152,0.0247,0.0745,0.1103,0.44,0.94,18.2657,5.2505,1.043
1659,4,2,hop,0.9,-0.2,-0.25,False,49,0.49,isaac_reset,0.7329,0.0148,-0.066,0.1671,0.2148,0.184,0.3156,0.0247,0.0748,0.1096,0.44,0.93,18.2109,4.8515,1.043
1660,0,2,hop,0.9,-0.2,0.0,True,1000,10.0,timeout,0.733,-0.0016,0.0212,0.167,0.1984,0.0442,0.3004,0.0207,0.0713,0.1386,0.5105,0.9415,21.5529,7.9647,7.722
1661,1,2,hop,0.9,-0.2,0.0,True,1000,10.0,timeout,0.7329,-0.001,0.0357,0.1671,0.199,0.0543,0.3054,0.0209,0.0725,0.13,0.5028,0.9333,20.699,7.9291,7.722
1662,2,2,hop,0.9,-0.2,0.0,True,1000,10.0,timeout,0.7368,0.0017,0.0465,0.1632,0.2017,0.063,0.3093,0.0212,0.0775,0.1217,0.5028,0.9328,20.0441,7.9146,7.722
1663,3,2,hop,0.9,-0.2,0.0,True,1000,10.0,timeout,0.7372,0.002,0.0479,0.1628,0.202,0.0644,0.3108,0.0213,0.077,0.1189,0.5023,0.9333,19.8045,7.913,7.722
1664,4,2,hop,0.9,-0.2,0.0,True,1000,10.0,timeout,0.7375,0.0021,0.0489,0.1625,0.2021,0.0653,0.3112,0.0214,0.0766,0.1182,0.5028,0.9328,19.7394,7.9032,7.722
1665,0,2,hop,0.9,-0.2,0.25,True,1000,10.0,timeout,0.7488,-0.012,0.2093,0.1512,0.188,0.0492,0.3025,0.0209,0.0684,0.1477,0.5038,0.9418,21.0662,6.9595,7.747
1666,1,2,hop,0.9,-0.2,0.25,True,1000,10.0,timeout,0.7471,-0.0097,0.231,0.153,0.1903,0.048,0.3077,0.0223,0.0736,0.1356,0.4985,0.9315,20.2697,6.4944,7.747
1667,2,2,hop,0.9,-0.2,0.25,True,1000,10.0,timeout,0.7509,-0.0078,0.2457,0.1492,0.1922,0.0473,0.3111,0.0231,0.0756,0.1286,0.4993,0.9303,19.6945,6.4586,7.747
1668,3,2,hop,0.9,-0.2,0.25,True,1000,10.0,timeout,0.7554,-0.009,0.2533,0.1448,0.191,0.0514,0.3131,0.0228,0.0758,0.1261,0.4975,0.931,19.4134,6.7544,7.747
1669,4,2,hop,0.9,-0.2,0.25,True,1000,10.0,timeout,0.7579,-0.0075,0.2435,0.1428,0.1925,0.0526,0.312,0.0241,0.0745,0.1267,0.499,0.9305,19.3792,6.3769,7.747
1670,0,2,hop,0.9,-0.2,0.5,True,1000,10.0,timeout,0.742,-0.0217,0.414,0.1581,0.1783,0.0876,0.3045,0.0242,0.0683,0.1475,0.515,0.929,21.0951,4.9543,7.771
1671,1,2,hop,0.9,-0.2,0.5,True,1000,10.0,timeout,0.7445,-0.0185,0.4323,0.1558,0.1815,0.0789,0.3097,0.0256,0.0721,0.1361,0.508,0.922,20.3471,5.7227,7.771
1672,2,2,hop,0.9,-0.2,0.5,True,1000,10.0,timeout,0.7484,-0.0183,0.4475,0.1521,0.1817,0.0744,0.3132,0.0267,0.0744,0.1304,0.5068,0.9223,19.7013,5.3703,7.771
1673,3,2,hop,0.9,-0.2,0.5,True,1000,10.0,timeout,0.7486,-0.0158,0.4442,0.1517,0.1842,0.0769,0.3123,0.028,0.0749,0.1311,0.5068,0.9168,19.3685,4.8072,7.771
1674,4,2,hop,0.9,-0.2,0.5,True,1000,10.0,timeout,0.7476,-0.0173,0.4461,0.1529,0.1827,0.0761,0.3135,0.0285,0.0754,0.1293,0.5025,0.918,19.3161,4.8625,7.771
1675,0,2,hop,0.9,0.0,-0.5,False,49,0.49,isaac_reset,0.7155,0.0382,-0.284,0.1845,0.0517,0.216,0.3031,0.0249,0.0889,0.1209,0.45,0.95,19.8543,2.4392,1.043
1676,1,2,hop,0.9,0.0,-0.5,False,49,0.49,isaac_reset,0.7168,0.0367,-0.2725,0.1832,0.0507,0.2275,0.3086,0.0247,0.0863,0.1115,0.44,0.93,19.2087,2.7788,1.043
1677,2,2,hop,0.9,0.0,-0.5,False,49,0.49,isaac_reset,0.7218,0.0406,-0.2636,0.1782,0.0543,0.2364,0.3127,0.0245,0.0898,0.1036,0.44,0.94,18.6245,3.291,1.043
1678,3,2,hop,0.9,0.0,-0.5,False,49,0.49,isaac_reset,0.7233,0.0395,-0.2626,0.1767,0.0536,0.2374,0.3145,0.0244,0.0893,0.1009,0.44,0.93,18.3809,1.5483,1.043
1679,4,2,hop,0.9,0.0,-0.5,False,49,0.49,isaac_reset,0.7227,0.0393,-0.2614,0.1773,0.0536,0.2386,0.315,0.0243,0.0899,0.1001,0.44,0.93,18.3432,2.3365,1.043
1680,0,2,hop,0.9,0.0,-0.25,True,1000,10.0,timeout,0.7195,0.022,-0.114,0.1805,0.0444,0.1362,0.2992,0.0209,0.096,0.1298,0.5113,0.9403,21.6782,7.3188,7.759
1681,1,2,hop,0.9,0.0,-0.25,True,1000,10.0,timeout,0.7209,0.0211,-0.1033,0.1791,0.0435,0.1468,0.3045,0.0211,0.0939,0.1201,0.5033,0.9328,20.9206,7.4215,7.759
1682,2,2,hop,0.9,0.0,-0.25,True,1000,10.0,timeout,0.7249,0.0223,-0.0981,0.1751,0.0444,0.1519,0.3083,0.0214,0.0956,0.113,0.5033,0.9333,20.2862,7.4706,7.759
1683,3,2,hop,0.9,0.0,-0.25,True,1000,10.0,timeout,0.7301,0.0228,-0.0919,0.1699,0.0456,0.1581,0.3101,0.0213,0.0968,0.1104,0.5028,0.9338,19.9413,7.6036,7.759
1684,4,2,hop,0.9,0.0,-0.25,True,1000,10.0,timeout,0.7306,0.0227,-0.0906,0.1694,0.0457,0.1594,0.3105,0.0213,0.0969,0.1097,0.503,0.9335,19.8799,7.6107,7.759
1685,0,2,hop,0.9,0.0,0.0,True,1000,10.0,timeout,0.7311,0.0171,0.0176,0.1689,0.0374,0.0409,0.3011,0.0226,0.0928,0.1362,0.5065,0.936,21.3092,5.0612,7.741
1686,1,2,hop,0.9,0.0,0.0,True,1000,10.0,timeout,0.7315,0.0179,0.0322,0.1685,0.0397,0.0491,0.3071,0.0216,0.0985,0.1262,0.4975,0.933,20.4565,5.7519,7.741
1687,2,2,hop,0.9,0.0,0.0,False,11,0.11,fall_height,0.7298,0.0201,0.0294,0.1703,0.0385,0.0589,0.3015,0.0327,0.0918,0.1321,0.5107,0.9223,19.9479,5.145,7.741
1688,3,2,hop,0.9,0.0,0.0,False,12,0.12,fall_height,0.7398,0.0223,0.0325,0.1606,0.0407,0.064,0.3047,0.0316,0.0919,0.1264,0.5098,0.9228,19.6773,5.0959,7.741
1689,4,2,hop,0.9,0.0,0.0,False,13,0.13,fall_height,0.7368,0.0216,0.0337,0.1632,0.0402,0.0651,0.3034,0.0333,0.0908,0.1294,0.511,0.923,19.5581,5.5122,7.741
1690,0,2,hop,0.9,0.0,0.25,True,1000,10.0,timeout,0.7267,0.0073,0.1966,0.1734,0.0287,0.0584,0.3031,0.0255,0.0831,0.1407,0.5163,0.9288,21.2391,6.6889,7.759
1691,1,2,hop,0.9,0.0,0.25,False,61,0.61,fall_height,0.7233,0.0102,0.2069,0.1767,0.03,0.0554,0.3053,0.0309,0.0819,0.1356,0.5093,0.9223,20.4593,5.9736,7.759
1692,2,2,hop,0.9,0.0,0.25,True,1000,10.0,timeout,0.7333,0.0089,0.2303,0.1669,0.0291,0.0467,0.3118,0.0261,0.0848,0.1254,0.5078,0.9218,19.8245,7.2852,7.759
1693,3,2,hop,0.9,0.0,0.25,True,1000,10.0,timeout,0.7387,0.0105,0.2287,0.1626,0.0315,0.0501,0.3129,0.027,0.0867,0.1222,0.5065,0.9225,19.5795,6.1517,7.759
1694,4,2,hop,0.9,0.0,0.25,True,1000,10.0,timeout,0.7347,0.009,0.2346,0.1657,0.0299,0.0479,0.3136,0.0272,0.0866,0.1221,0.507,0.9225,19.4549,6.2688,7.759
1695,0,2,hop,0.9,0.0,0.5,False,49,0.49,isaac_reset,0.7603,0.0036,0.4185,0.1397,0.0189,0.0815,0.3114,0.0242,0.0839,0.1435,0.44,0.925,19.1125,6.9269,1.07
1696,1,2,hop,0.9,0.0,0.5,False,49,0.49,isaac_reset,0.7641,0.0054,0.4392,0.1359,0.0191,0.0636,0.317,0.024,0.0834,0.1338,0.44,0.94,18.3296,5.6247,1.07
1697,2,2,hop,0.9,0.0,0.5,False,49,0.49,isaac_reset,0.7649,0.0029,0.4484,0.1351,0.0208,0.0613,0.3205,0.024,0.087,0.1263,0.44,0.94,18.0074,5.0157,1.07
1698,3,2,hop,0.9,0.0,0.5,False,49,0.49,isaac_reset,0.7671,0.0051,0.4577,0.1329,0.0203,0.051,0.3219,0.0241,0.087,0.1245,0.425,0.925,17.5464,5.6915,1.07
1699,4,2,hop,0.9,0.0,0.5,False,49,0.49,isaac_reset,0.7666,0.0048,0.4564,0.1334,0.0204,0.0521,0.3218,0.0244,0.0874,0.1241,0.42,0.91,17.5443,5.539,1.07
1700,0,2,hop,0.9,0.2,-0.5,False,23,0.23,fall_height,0.6658,0.0748,-0.4573,0.2342,0.1252,0.0701,0.2203,0.0196,0.102,0.2013,0.6493,0.8313,21.958,1.6923,7.86
1701,1,2,hop,0.9,0.2,-0.5,True,1000,10.0,timeout,0.7208,0.0444,-0.2937,0.1792,0.1556,0.2063,0.3045,0.021,0.1065,0.1108,0.5033,0.9328,20.9463,4.8355,7.86
1702,2,2,hop,0.9,0.2,-0.5,True,1000,10.0,timeout,0.7263,0.0452,-0.2909,0.1737,0.1549,0.2091,0.3088,0.0212,0.108,0.1055,0.5015,0.9325,20.2164,4.8974,7.86
1703,3,2,hop,0.9,0.2,-0.5,True,1000,10.0,timeout,0.7302,0.0465,-0.2906,0.1698,0.1535,0.2103,0.3094,0.0229,0.107,0.1045,0.504,0.9315,19.9703,4.9478,7.86
1704,4,2,hop,0.9,0.2,-0.5,True,1000,10.0,timeout,0.7328,0.0468,-0.2905,0.1674,0.1535,0.2106,0.311,0.0214,0.1089,0.1022,0.501,0.932,19.8797,4.9658,7.86
1705,0,2,hop,0.9,0.2,-0.25,True,1000,10.0,timeout,0.7163,0.0453,-0.1261,0.1837,0.1547,0.1248,0.3003,0.0229,0.1171,0.1261,0.5033,0.9298,21.5299,6.9203,7.774
1706,1,2,hop,0.9,0.2,-0.25,True,1000,10.0,timeout,0.7212,0.0441,-0.1202,0.1788,0.1561,0.1368,0.3052,0.0228,0.1144,0.1178,0.5008,0.9303,20.712,6.3489,7.774
1707,2,2,hop,0.9,0.2,-0.25,False,11,0.11,fall_height,0.7206,0.0413,-0.1126,0.1794,0.1587,0.1421,0.3061,0.0281,0.1113,0.1159,0.5025,0.928,20.1184,6.6241,7.774
1708,3,2,hop,0.9,0.2,-0.25,True,1000,10.0,timeout,0.7313,0.0419,-0.1059,0.1688,0.1582,0.1472,0.3091,0.0248,0.1116,0.1117,0.5,0.9295,19.8305,6.6614,7.774
1709,4,2,hop,0.9,0.2,-0.25,True,1000,10.0,timeout,0.7272,0.0414,-0.1026,0.1728,0.1586,0.1481,0.3112,0.0235,0.1117,0.1091,0.5008,0.9288,19.7408,6.5945,7.774
1710,0,2,hop,0.9,0.2,0.0,True,1000,10.0,timeout,0.7106,0.0373,0.0107,0.1896,0.1627,0.0415,0.302,0.0263,0.1151,0.1296,0.5113,0.9208,21.5383,5.5296,7.833
1711,1,2,hop,0.9,0.2,0.0,True,1000,10.0,timeout,0.716,0.0351,0.0175,0.1841,0.1649,0.0482,0.3064,0.0264,0.107,0.122,0.5095,0.921,20.7241,4.8556,7.833
1712,2,2,hop,0.9,0.2,0.0,False,62,0.62,fall_height,0.7138,0.0369,0.0198,0.1863,0.1631,0.0584,0.3026,0.0346,0.1054,0.127,0.5175,0.917,20.0319,5.263,7.833
1713,3,2,hop,0.9,0.2,0.0,False,62,0.62,fall_height,0.7145,0.0368,0.0227,0.1855,0.1632,0.0615,0.3032,0.0366,0.1044,0.1258,0.5185,0.914,19.7092,5.1315,7.833
1714,4,2,hop,0.9,0.2,0.0,False,63,0.63,fall_height,0.6934,0.0596,-0.0564,0.2066,0.1404,0.0686,0.2452,0.0286,0.0805,0.2021,0.6033,0.8528,19.5108,3.1706,7.833
1715,0,2,hop,0.9,0.2,0.25,False,49,0.49,isaac_reset,0.7363,0.0405,0.1949,0.1637,0.1595,0.0551,0.3089,0.0245,0.1103,0.1362,0.44,0.94,19.4126,7.7176,1.086
1716,1,2,hop,0.9,0.2,0.25,False,49,0.49,isaac_reset,0.7395,0.0362,0.2163,0.1605,0.1638,0.0372,0.3134,0.0243,0.1048,0.1281,0.44,0.92,18.7106,6.8374,1.086
1717,2,2,hop,0.9,0.2,0.25,False,49,0.49,isaac_reset,0.7449,0.0385,0.2287,0.1551,0.1615,0.0332,0.317,0.0243,0.1021,0.1211,0.44,0.94,18.2699,7.1162,1.086
1718,3,2,hop,0.9,0.2,0.25,False,49,0.49,isaac_reset,0.7458,0.0376,0.2336,0.1542,0.1624,0.033,0.3188,0.0241,0.1015,0.118,0.44,0.94,18.0253,7.7119,1.086
1719,4,2,hop,0.9,0.2,0.25,False,49,0.49,isaac_reset,0.7177,0.0567,0.1139,0.1823,0.1433,0.1361,0.2439,0.0302,0.0691,0.2219,0.565,0.825,18.7426,7.2014,1.086
1720,0,2,hop,0.9,0.2,0.5,True,1000,10.0,timeout,0.765,0.0199,0.406,0.135,0.1801,0.094,0.3077,0.0208,0.0962,0.1453,0.5038,0.9333,21.0803,2.8717,7.769
1721,1,2,hop,0.9,0.2,0.5,True,1000,10.0,timeout,0.7671,0.0231,0.426,0.1329,0.1769,0.074,0.3132,0.0209,0.0946,0.1354,0.502,0.933,20.2365,2.4836,7.769
1722,2,2,hop,0.9,0.2,0.5,True,1000,10.0,timeout,0.7729,0.0217,0.4399,0.1272,0.1783,0.0615,0.3168,0.0213,0.0967,0.1297,0.4963,0.9273,19.573,2.3246,7.769
1723,3,2,hop,0.9,0.2,0.5,True,1000,10.0,timeout,0.7728,0.0213,0.4408,0.1272,0.1787,0.0599,0.3179,0.0213,0.0965,0.127,0.4895,0.9205,19.3191,2.2253,7.769
1724,4,2,hop,0.9,0.2,0.5,True,1000,10.0,timeout,0.7727,0.0206,0.446,0.1274,0.1794,0.0577,0.3186,0.0216,0.0963,0.127,0.4885,0.9195,19.1216,2.217,7.769
1725,0,2,hop,0.9,0.4,-0.5,True,1000,10.0,timeout,0.7139,0.0714,-0.3235,0.1861,0.3286,0.1768,0.2993,0.0223,0.1271,0.1169,0.5023,0.9303,21.6094,6.4272,7.786
1726,1,2,hop,0.9,0.4,-0.5,True,1000,10.0,timeout,0.7196,0.0692,-0.3157,0.1804,0.3308,0.1845,0.305,0.0222,0.1214,0.1099,0.499,0.931,20.7404,6.6419,7.786
1727,2,2,hop,0.9,0.4,-0.5,False,13,0.13,fall_height,0.7247,0.0709,-0.3245,0.1753,0.3291,0.1823,0.3019,0.0301,0.1187,0.1135,0.5082,0.9248,20.2006,6.555,7.786
1728,3,2,hop,0.9,0.4,-0.5,False,13,0.13,fall_height,0.7274,0.0705,-0.3299,0.1728,0.3295,0.1777,0.2998,0.0331,0.1155,0.1155,0.5143,0.9218,19.8248,6.1504,7.786
1729,4,2,hop,0.9,0.4,-0.5,True,1000,10.0,timeout,0.7301,0.0657,-0.3003,0.1699,0.3343,0.1997,0.3108,0.0235,0.1175,0.102,0.4995,0.929,19.8158,6.4456,7.786
1730,0,2,hop,0.9,0.4,-0.25,True,1000,10.0,timeout,0.7016,0.0625,-0.1437,0.1984,0.3375,0.113,0.3009,0.0258,0.1305,0.1213,0.514,0.9235,21.6521,5.4254,7.848
1731,1,2,hop,0.9,0.4,-0.25,True,1000,10.0,timeout,0.7081,0.0595,-0.1367,0.1919,0.3405,0.1213,0.3059,0.0257,0.1234,0.1143,0.5082,0.9213,20.8561,5.1601,7.848
1732,2,2,hop,0.9,0.4,-0.25,False,62,0.62,fall_height,0.6754,0.0786,-0.267,0.2246,0.3214,0.0709,0.2456,0.0282,0.1021,0.189,0.598,0.851,19.666,2.6516,7.848
1733,3,2,hop,0.9,0.4,-0.25,False,62,0.62,fall_height,0.694,0.0784,-0.2469,0.206,0.3216,0.0568,0.2464,0.0282,0.0976,0.1809,0.601,0.85,19.3535,3.9439,7.848
1734,4,2,hop,0.9,0.4,-0.25,False,65,0.65,fall_height,0.7101,0.069,-0.1736,0.1903,0.331,0.1051,0.2872,0.0412,0.1129,0.1373,0.5398,0.9008,19.6823,3.2704,7.848
1735,0,2,hop,0.9,0.4,0.0,False,49,0.49,isaac_reset,0.7237,0.0716,0.0265,0.1763,0.3284,0.042,0.3087,0.0247,0.1426,0.1214,0.44,0.94,19.7742,6.4324,1.082
1736,1,2,hop,0.9,0.4,0.0,False,49,0.49,isaac_reset,0.7279,0.0673,0.0352,0.1721,0.3327,0.0492,0.3143,0.0243,0.1387,0.1149,0.44,0.93,19.1596,5.8195,1.082
1737,2,2,hop,0.9,0.4,0.0,False,49,0.49,isaac_reset,0.6996,0.078,-0.0956,0.2004,0.322,0.099,0.2476,0.0298,0.1117,0.2037,0.57,0.85,18.6113,5.2971,1.082
1738,3,2,hop,0.9,0.4,0.0,False,49,0.49,isaac_reset,0.7119,0.0812,-0.0773,0.1881,0.3188,0.0825,0.2455,0.0304,0.1115,0.1956,0.565,0.845,18.8232,5.5582,1.082
1739,4,2,hop,0.9,0.4,0.0,False,49,0.49,isaac_reset,0.7418,0.0658,0.0478,0.1582,0.3342,0.0566,0.3201,0.0244,0.1311,0.1063,0.43,0.92,18.2882,6.2452,1.082
1740,0,2,hop,0.9,0.4,0.25,True,1000,10.0,timeout,0.7475,0.0479,0.1951,0.1525,0.3521,0.0562,0.3054,0.0207,0.1251,0.1391,0.5033,0.9328,21.2707,6.6833,7.853
1741,1,2,hop,0.9,0.4,0.25,True,1000,10.0,timeout,0.7508,0.0459,0.2169,0.1492,0.3541,0.0434,0.3112,0.0207,0.1213,0.1304,0.5025,0.933,20.4321,6.3902,7.853
1742,2,2,hop,0.9,0.4,0.25,False,56,0.56,fall_height,0.6959,0.0605,0.1152,0.2041,0.3395,0.1361,0.2442,0.0196,0.1023,0.2193,0.611,0.846,19.4082,7.1883,7.853
1743,3,2,hop,0.9,0.4,0.25,True,1000,10.0,timeout,0.7633,0.0455,0.2302,0.1369,0.3545,0.0407,0.3163,0.0218,0.1136,0.1238,0.4935,0.925,19.3626,6.3132,7.853
1744,4,2,hop,0.9,0.4,0.25,True,1000,10.0,timeout,0.7667,0.0467,0.2265,0.1343,0.3533,0.0387,0.3163,0.0214,0.1139,0.1236,0.4933,0.9243,19.35,6.3775,7.853
1745,0,2,hop,0.9,0.4,0.5,True,1000,10.0,timeout,0.7732,0.0431,0.396,0.1276,0.3569,0.1049,0.3086,0.0224,0.1053,0.1456,0.499,0.9315,20.7692,5.5795,7.756
1746,1,2,hop,0.9,0.4,0.5,True,1000,10.0,timeout,0.7773,0.0435,0.4125,0.1234,0.3565,0.0908,0.3138,0.0226,0.1029,0.136,0.4945,0.9285,19.9616,5.4932,7.756
1747,2,2,hop,0.9,0.4,0.5,True,1000,10.0,timeout,0.7815,0.0427,0.4195,0.1197,0.3573,0.0827,0.3168,0.0234,0.1012,0.132,0.49,0.9235,19.3717,7.2184,7.756
1748,3,2,hop,0.9,0.4,0.5,True,1000,10.0,timeout,0.7808,0.0421,0.4307,0.1199,0.3579,0.0732,0.3186,0.023,0.1007,0.1283,0.4858,0.9208,19.094,5.3169,7.756
1749,4,2,hop,0.9,0.4,0.5,True,1000,10.0,timeout,0.7823,0.043,0.4255,0.1187,0.357,0.0773,0.317,0.0251,0.1019,0.1294,0.488,0.918,19.0997,4.9484,7.756
1750,0,2,hop,1.2,-0.4,-0.5,True,1000,10.0,timeout,0.8392,0.0016,-0.2973,0.3608,0.4016,0.2047,0.2965,0.0243,0.0672,0.1337,0.5193,0.9278,21.6739,9.1902,7.799
1751,1,2,hop,1.2,-0.4,-0.5,True,1000,10.0,timeout,0.8445,0.0025,-0.2848,0.3555,0.4025,0.2179,0.302,0.0245,0.0661,0.1194,0.5082,0.9213,20.9309,8.5616,7.799
1752,2,2,hop,1.2,-0.4,-0.5,True,1000,10.0,timeout,0.8485,0.0059,-0.2853,0.3515,0.4059,0.2214,0.3071,0.0271,0.0747,0.1129,0.5133,0.9158,20.0381,8.1685,7.799
1753,3,2,hop,1.2,-0.4,-0.5,True,1000,10.0,timeout,0.8488,0.0046,-0.2759,0.3512,0.4046,0.2251,0.3078,0.0243,0.0734,0.1114,0.5063,0.9233,19.9225,8.5361,7.799
1754,4,2,hop,1.2,-0.4,-0.5,True,1000,10.0,timeout,0.8557,0.0057,-0.2789,0.3443,0.4057,0.223,0.308,0.0243,0.0721,0.1099,0.5085,0.922,19.8459,8.6289,7.799
1755,0,2,hop,1.2,-0.4,-0.25,False,49,0.49,isaac_reset,0.8639,0.0011,-0.0886,0.3361,0.4011,0.1614,0.3025,0.0253,0.0605,0.1409,0.455,0.935,19.6919,6.0387,1.046
1756,1,2,hop,1.2,-0.4,-0.25,False,49,0.49,isaac_reset,0.8673,-0.0004,-0.0827,0.3327,0.3996,0.1673,0.3076,0.0251,0.0598,0.1304,0.45,0.95,18.9402,6.6023,1.046
1757,2,2,hop,1.2,-0.4,-0.25,False,49,0.49,isaac_reset,0.8702,0.0052,-0.0678,0.3298,0.4052,0.1822,0.3124,0.0247,0.0663,0.1203,0.44,0.94,18.4003,5.3063,1.046
1758,3,2,hop,1.2,-0.4,-0.25,False,49,0.49,isaac_reset,0.8707,0.0065,-0.0669,0.3293,0.4065,0.1831,0.3142,0.0247,0.0691,0.1154,0.44,0.94,18.2181,5.8165,1.046
1759,4,2,hop,1.2,-0.4,-0.25,False,49,0.49,isaac_reset,0.8706,0.0069,-0.0649,0.3294,0.4069,0.1851,0.3146,0.0247,0.0698,0.1147,0.44,0.925,18.1735,5.4787,1.046
1760,0,2,hop,1.2,-0.4,0.0,True,1000,10.0,timeout,0.8701,-0.0119,0.0213,0.3299,0.3881,0.0494,0.2985,0.0208,0.0612,0.149,0.5113,0.9413,21.4885,9.4761,7.758
1761,1,2,hop,1.2,-0.4,0.0,True,1000,10.0,timeout,0.8763,-0.0123,0.0328,0.3237,0.3877,0.0577,0.3043,0.0217,0.0584,0.1388,0.509,0.939,20.4507,9.5392,7.758
1762,2,2,hop,1.2,-0.4,0.0,True,1000,10.0,timeout,0.8755,-0.0089,0.0479,0.3245,0.3911,0.066,0.3085,0.0211,0.0677,0.1292,0.5018,0.9328,19.8433,9.457,7.758
1763,3,2,hop,1.2,-0.4,0.0,True,1000,10.0,timeout,0.8827,-0.0048,0.0413,0.3173,0.3952,0.0691,0.3058,0.0269,0.0688,0.1316,0.5107,0.9263,19.6767,9.4969,7.758
1764,4,2,hop,1.2,-0.4,0.0,True,1000,10.0,timeout,0.8782,-0.0083,0.053,0.3218,0.3917,0.0687,0.3103,0.0211,0.0696,0.1247,0.5023,0.9333,19.5943,9.4356,7.758
1765,0,2,hop,1.2,-0.4,0.25,True,1000,10.0,timeout,0.8927,-0.0269,0.2121,0.3073,0.3731,0.063,0.3006,0.0216,0.0545,0.1576,0.5058,0.9393,20.993,7.5639,7.801
1766,1,2,hop,1.2,-0.4,0.25,True,1000,10.0,timeout,0.8928,-0.0251,0.2268,0.3072,0.3749,0.0622,0.3058,0.022,0.0593,0.146,0.5048,0.9393,20.1521,8.113,7.801
1767,2,2,hop,1.2,-0.4,0.25,True,1000,10.0,timeout,0.9022,-0.0215,0.2442,0.2978,0.3785,0.0567,0.3103,0.0223,0.0638,0.138,0.4975,0.932,19.4488,8.6515,7.801
1768,3,2,hop,1.2,-0.4,0.25,True,1000,10.0,timeout,0.8991,-0.0213,0.2493,0.3009,0.3787,0.061,0.3101,0.0259,0.0671,0.1373,0.5005,0.9295,19.281,8.9753,7.801
1769,4,2,hop,1.2,-0.4,0.25,False,12,0.12,fall_height,0.899,-0.0199,0.2479,0.301,0.3801,0.0617,0.3082,0.0294,0.0644,0.1396,0.5038,0.9263,19.1778,8.0458,7.801
1770,0,2,hop,1.2,-0.4,0.5,True,1000,10.0,timeout,0.8975,-0.0405,0.4142,0.3025,0.3595,0.1009,0.3036,0.0251,0.0477,0.1543,0.5215,0.924,21.0131,6.1691,7.766
1771,1,2,hop,1.2,-0.4,0.5,True,1000,10.0,timeout,0.8902,-0.0353,0.4297,0.3098,0.3647,0.0948,0.3091,0.024,0.0544,0.1454,0.5068,0.9248,20.1186,6.2851,7.766
1772,2,2,hop,1.2,-0.4,0.5,True,1000,10.0,timeout,0.8973,-0.033,0.4445,0.3027,0.367,0.0865,0.3133,0.0244,0.058,0.1373,0.5043,0.9203,19.4842,6.6012,7.766
1773,3,2,hop,1.2,-0.4,0.5,True,1000,10.0,timeout,0.9007,-0.0345,0.4483,0.2993,0.3655,0.0861,0.3148,0.0246,0.0587,0.136,0.501,0.9185,19.1528,5.2361,7.766
1774,4,2,hop,1.2,-0.4,0.5,True,1000,10.0,timeout,0.8952,-0.0342,0.4484,0.3048,0.3658,0.0862,0.3146,0.0266,0.0597,0.1356,0.5003,0.9168,19.1988,5.643,7.766
1775,0,2,hop,1.2,-0.2,-0.5,False,49,0.49,isaac_reset,0.851,0.0313,-0.2817,0.349,0.2313,0.2183,0.3016,0.0252,0.0837,0.1299,0.45,0.93,19.8402,3.1612,1.047
1776,1,2,hop,1.2,-0.2,-0.5,False,49,0.49,isaac_reset,0.8516,0.031,-0.2661,0.3484,0.231,0.2339,0.3076,0.0248,0.0833,0.118,0.44,0.94,19.1287,2.9584,1.047
1777,2,2,hop,1.2,-0.2,-0.5,False,49,0.49,isaac_reset,0.8587,0.036,-0.2629,0.3413,0.236,0.2371,0.3118,0.0245,0.0873,0.1095,0.44,0.93,18.6078,2.671,1.047
1778,3,2,hop,1.2,-0.2,-0.5,False,49,0.49,isaac_reset,0.8608,0.0341,-0.2602,0.3392,0.2341,0.2398,0.3132,0.0245,0.0866,0.1063,0.44,0.94,18.4084,3.4471,1.047
1779,4,2,hop,1.2,-0.2,-0.5,False,49,0.49,isaac_reset,0.8601,0.0338,-0.2587,0.3399,0.2338,0.2413,0.3137,0.0244,0.0872,0.1052,0.44,0.94,18.3712,3.7122,1.047
1780,0,2,hop,1.2,-0.2,-0.25,True,1000,10.0,timeout,0.859,0.0161,-0.1207,0.341,0.2161,0.1344,0.2989,0.0214,0.0895,0.139,0.5113,0.9398,21.4027,8.6682,7.788
1781,1,2,hop,1.2,-0.2,-0.25,True,1000,10.0,timeout,0.8636,0.0133,-0.1008,0.3364,0.2133,0.1493,0.3046,0.0213,0.0865,0.1263,0.5018,0.9323,20.642,8.9398,7.788
1782,2,2,hop,1.2,-0.2,-0.25,True,1000,10.0,timeout,0.8678,0.0151,-0.095,0.3322,0.2151,0.155,0.3083,0.0213,0.09,0.1184,0.501,0.932,20.0547,9.007,7.788
1783,3,2,hop,1.2,-0.2,-0.25,True,1000,10.0,timeout,0.8722,0.015,-0.0893,0.3278,0.215,0.1607,0.3097,0.0212,0.0905,0.1161,0.5018,0.9328,19.8024,9.0827,7.788
1784,4,2,hop,1.2,-0.2,-0.25,True,1000,10.0,timeout,0.8705,0.0147,-0.0896,0.3295,0.2147,0.1604,0.3097,0.0212,0.0902,0.1158,0.502,0.933,19.798,9.0909,7.788
1785,0,2,hop,1.2,-0.2,0.0,True,1000,10.0,timeout,0.8735,0.004,0.0189,0.3265,0.204,0.0457,0.3002,0.022,0.0793,0.1475,0.5063,0.9398,21.1696,6.6532,7.767
1786,1,2,hop,1.2,-0.2,0.0,True,1000,10.0,timeout,0.8722,0.0049,0.0364,0.3278,0.2049,0.0561,0.3056,0.0217,0.0842,0.1357,0.4975,0.932,20.3515,7.1312,7.767
1787,2,2,hop,1.2,-0.2,0.0,True,1000,10.0,timeout,0.8846,0.0087,0.0398,0.3154,0.2087,0.0588,0.3091,0.0221,0.0835,0.1274,0.4978,0.9323,19.7021,6.5613,7.767
1788,3,2,hop,1.2,-0.2,0.0,True,1000,10.0,timeout,0.8838,0.0075,0.0483,0.3162,0.2075,0.0626,0.3111,0.0218,0.0857,0.1255,0.4955,0.9325,19.4109,7.3474,7.767
1789,4,2,hop,1.2,-0.2,0.0,False,11,0.11,fall_height,0.8833,0.0102,0.0413,0.3167,0.2102,0.0621,0.3068,0.0288,0.0834,0.1315,0.5043,0.9263,19.3975,6.4783,7.767
1790,0,2,hop,1.2,-0.2,0.25,True,1000,10.0,timeout,0.8728,-0.0095,0.1992,0.3272,0.1905,0.0641,0.3022,0.0249,0.0708,0.1517,0.516,0.93,21.1323,7.7821,7.873
1791,1,2,hop,1.2,-0.2,0.25,True,1000,10.0,timeout,0.8758,-0.0068,0.218,0.3242,0.1932,0.0583,0.3075,0.0256,0.0748,0.1408,0.5065,0.923,20.3237,6.8635,7.873
1792,2,2,hop,1.2,-0.2,0.25,True,1000,10.0,timeout,0.8806,-0.0057,0.2366,0.3194,0.1943,0.0538,0.3116,0.0255,0.0787,0.1332,0.5065,0.924,19.7009,7.9812,7.873
1793,3,2,hop,1.2,-0.2,0.25,True,1000,10.0,timeout,0.8827,-0.0072,0.2439,0.3173,0.1928,0.0549,0.3136,0.0251,0.078,0.1312,0.5035,0.9245,19.3595,8.515,7.873
1794,4,2,hop,1.2,-0.2,0.25,False,61,0.61,fall_height,0.8389,0.0241,0.1351,0.3611,0.2241,0.1205,0.2411,0.028,0.061,0.217,0.6028,0.8593,20.4453,4.3201,7.873
1795,0,2,hop,1.2,-0.2,0.5,False,49,0.49,isaac_reset,0.9148,-0.0227,0.4187,0.2852,0.1773,0.0933,0.3105,0.0246,0.0651,0.1529,0.455,0.945,19.1297,7.2882,1.05
1796,1,2,hop,1.2,-0.2,0.5,False,49,0.49,isaac_reset,0.9114,-0.0171,0.4405,0.2886,0.1829,0.0787,0.3169,0.024,0.0733,0.1432,0.44,0.92,18.2263,7.623,1.05
1797,2,2,hop,1.2,-0.2,0.5,False,49,0.49,isaac_reset,0.9128,-0.0169,0.4483,0.2872,0.1831,0.074,0.3201,0.0241,0.0743,0.1361,0.435,0.935,17.7876,7.0803,1.05
1798,3,2,hop,1.2,-0.2,0.5,False,49,0.49,isaac_reset,0.9143,-0.0168,0.4559,0.2857,0.1832,0.068,0.3219,0.024,0.0742,0.133,0.43,0.92,17.574,6.5224,1.05
1799,4,2,hop,1.2,-0.2,0.5,False,49,0.49,isaac_reset,0.8778,0.0073,0.3323,0.3222,0.2073,0.176,0.2495,0.0285,0.0563,0.2203,0.555,0.85,19.6999,7.7363,1.05
1800,0,2,hop,1.2,0.0,-0.5,True,1000,10.0,timeout,0.8564,0.0428,-0.3093,0.3436,0.0611,0.1907,0.2985,0.0207,0.1076,0.1278,0.5145,0.931,21.7169,5.4055,7.791
1801,1,2,hop,1.2,0.0,-0.5,True,1000,10.0,timeout,0.8626,0.0381,-0.2931,0.3374,0.0582,0.2069,0.3041,0.0209,0.1044,0.1182,0.502,0.933,20.7899,5.7038,7.791
1802,2,2,hop,1.2,0.0,-0.5,True,1000,10.0,timeout,0.8702,0.039,-0.2958,0.3298,0.0588,0.2074,0.3077,0.0212,0.1044,0.1134,0.5018,0.9328,20.1526,5.8065,7.791
1803,3,2,hop,1.2,0.0,-0.5,True,1000,10.0,timeout,0.8721,0.0381,-0.2858,0.3279,0.0588,0.2142,0.3095,0.0212,0.1055,0.1081,0.5025,0.933,19.9667,5.9992,7.791
1804,4,2,hop,1.2,0.0,-0.5,True,1000,10.0,timeout,0.8721,0.0381,-0.2854,0.3279,0.0588,0.2146,0.31,0.0212,0.1057,0.1072,0.5028,0.9333,19.9094,6.0172,7.791
1805,0,2,hop,1.2,0.0,-0.25,True,1000,10.0,timeout,0.8584,0.0344,-0.1225,0.3416,0.0544,0.1293,0.2997,0.0213,0.1108,0.136,0.5073,0.9323,21.3508,7.5906,7.776
1806,1,2,hop,1.2,0.0,-0.25,True,1000,10.0,timeout,0.8655,0.0311,-0.1097,0.3345,0.0516,0.1424,0.3049,0.0219,0.1065,0.1262,0.4978,0.9318,20.533,8.0021,7.776
1807,2,2,hop,1.2,0.0,-0.25,True,1000,10.0,timeout,0.8717,0.031,-0.1034,0.3283,0.0512,0.1471,0.3086,0.0226,0.1062,0.1185,0.4983,0.9313,19.9458,8.9874,7.776
1808,3,2,hop,1.2,0.0,-0.25,False,11,0.11,fall_height,0.8767,0.0353,-0.1122,0.3233,0.0544,0.1422,0.3058,0.0288,0.1057,0.1217,0.5043,0.9263,19.6865,7.0317,7.776
1809,4,2,hop,1.2,0.0,-0.25,True,1000,10.0,timeout,0.877,0.0312,-0.097,0.323,0.0525,0.155,0.3109,0.0215,0.1077,0.1149,0.496,0.933,19.5726,7.8101,7.776
1810,0,2,hop,1.2,0.0,0.0,True,1000,10.0,timeout,0.8555,0.0219,0.0077,0.3445,0.0416,0.044,0.3013,0.0242,0.0993,0.1437,0.5158,0.9313,21.2447,5.6986,7.744
1811,1,2,hop,1.2,0.0,0.0,True,1000,10.0,timeout,0.8582,0.0206,0.0258,0.3418,0.0408,0.054,0.3065,0.0251,0.0999,0.1319,0.5068,0.9238,20.5657,6.3359,7.744
1812,2,2,hop,1.2,0.0,0.0,True,1000,10.0,timeout,0.8629,0.0226,0.0328,0.3371,0.04,0.0583,0.3101,0.025,0.0982,0.1249,0.5045,0.9235,19.8722,6.4395,7.744
1813,3,2,hop,1.2,0.0,0.0,False,61,0.61,fall_height,0.8648,0.0257,0.0264,0.3352,0.0435,0.062,0.3056,0.033,0.0981,0.1293,0.5123,0.9208,19.6198,7.0871,7.744
1814,4,2,hop,1.2,0.0,0.0,False,62,0.62,fall_height,0.8611,0.0257,0.0266,0.3389,0.043,0.0626,0.3029,0.0355,0.0966,0.1331,0.5168,0.9163,19.667,6.032,7.744
1815,0,2,hop,1.2,0.0,0.25,False,49,0.49,isaac_reset,0.8834,0.0215,0.1927,0.3166,0.0354,0.058,0.3076,0.0246,0.1007,0.1479,0.445,0.945,19.3162,8.7087,1.062
1816,1,2,hop,1.2,0.0,0.25,False,49,0.49,isaac_reset,0.8849,0.0203,0.2101,0.3151,0.0331,0.0475,0.3126,0.0244,0.0971,0.139,0.44,0.93,18.6192,8.8657,1.062
1817,2,2,hop,1.2,0.0,0.25,False,49,0.49,isaac_reset,0.8911,0.0185,0.2288,0.3089,0.0308,0.0381,0.3164,0.0242,0.0957,0.131,0.44,0.925,18.1902,8.2381,1.062
1818,3,2,hop,1.2,0.0,0.25,False,49,0.49,isaac_reset,0.8942,0.0206,0.2335,0.3058,0.0328,0.035,0.3181,0.0242,0.0978,0.1286,0.44,0.94,17.861,9.1952,1.062
1819,4,2,hop,1.2,0.0,0.25,False,49,0.49,isaac_reset,0.8921,0.0209,0.2366,0.3079,0.0329,0.0337,0.3186,0.0241,0.0983,0.1272,0.44,0.94,17.8843,8.4826,1.062
1820,0,2,hop,1.2,0.0,0.5,True,1000,10.0,timeout,0.9228,-0.0017,0.4023,0.2772,0.022,0.0994,0.3075,0.021,0.0878,0.1559,0.512,0.928,20.8564,3.5325,7.742
1821,1,2,hop,1.2,0.0,0.5,True,1000,10.0,timeout,0.9196,-0.0008,0.4264,0.2804,0.0221,0.079,0.3133,0.0209,0.0918,0.1448,0.5023,0.9328,20.0286,2.9584,7.742
1822,2,2,hop,1.2,0.0,0.5,True,1000,10.0,timeout,0.9248,-0.0004,0.4333,0.2752,0.0227,0.0728,0.3165,0.0212,0.0932,0.1379,0.4938,0.9248,19.4161,2.8632,7.742
1823,3,2,hop,1.2,0.0,0.5,True,1000,10.0,timeout,0.9251,-0.0008,0.4385,0.2749,0.0223,0.069,0.318,0.0214,0.0923,0.1348,0.489,0.92,19.1305,2.6808,7.742
1824,4,2,hop,1.2,0.0,0.5,True,1000,10.0,timeout,0.9259,-0.0015,0.4431,0.2741,0.0223,0.0665,0.3188,0.0216,0.0928,0.1344,0.4878,0.9188,18.9534,2.6756,7.742
1825,0,2,hop,1.2,0.2,-0.5,True,1000,10.0,timeout,0.8561,0.0669,-0.3296,0.3439,0.1333,0.1708,0.2994,0.0213,0.1217,0.1263,0.5073,0.9268,21.4706,7.7462,7.798
1826,1,2,hop,1.2,0.2,-0.5,True,1000,10.0,timeout,0.8608,0.0623,-0.3205,0.3392,0.1378,0.1802,0.3045,0.0222,0.1215,0.1173,0.498,0.9315,20.669,8.0051,7.798
1827,2,2,hop,1.2,0.2,-0.5,True,1000,10.0,timeout,0.8699,0.0602,-0.3094,0.3301,0.1398,0.1908,0.3084,0.0217,0.1183,0.111,0.4965,0.933,20.0906,7.7374,7.798
1828,3,2,hop,1.2,0.2,-0.5,False,12,0.12,fall_height,0.8747,0.0631,-0.3144,0.3253,0.1373,0.1882,0.3056,0.0286,0.1171,0.115,0.5045,0.926,19.7983,7.8878,7.798
1829,4,2,hop,1.2,0.2,-0.5,True,1000,10.0,timeout,0.8743,0.0593,-0.2991,0.3257,0.1407,0.2014,0.3107,0.0221,0.1186,0.1079,0.4973,0.9323,19.7315,7.7132,7.798
1830,0,2,hop,1.2,0.2,-0.25,True,1000,10.0,timeout,0.8404,0.0531,-0.1435,0.3596,0.1469,0.1163,0.3004,0.0261,0.1221,0.1307,0.5175,0.915,21.5416,7.3914,7.803
1831,1,2,hop,1.2,0.2,-0.25,True,1000,10.0,timeout,0.8488,0.0489,-0.1291,0.3512,0.1511,0.1301,0.3054,0.0258,0.1192,0.121,0.5073,0.9243,20.79,7.7045,7.803
1832,2,2,hop,1.2,0.2,-0.25,True,1000,10.0,timeout,0.8562,0.0488,-0.1247,0.3438,0.1512,0.1328,0.3093,0.0246,0.1191,0.1162,0.5043,0.9248,20.1079,7.9181,7.803
1833,3,2,hop,1.2,0.2,-0.25,False,62,0.62,fall_height,0.8544,0.0513,-0.1383,0.3456,0.1488,0.1294,0.3009,0.036,0.1132,0.1262,0.5188,0.9163,19.8989,7.1089,7.803
1834,4,2,hop,1.2,0.2,-0.25,False,63,0.63,fall_height,0.853,0.049,-0.1293,0.347,0.151,0.1334,0.3027,0.0346,0.1131,0.124,0.5168,0.9158,19.831,6.6792,7.803
1835,0,2,hop,1.2,0.2,0.0,False,49,0.49,isaac_reset,0.8642,0.0548,0.0204,0.3358,0.1452,0.037,0.3086,0.0247,0.1295,0.1334,0.44,0.94,19.6223,7.7172,1.04
1836,1,2,hop,1.2,0.2,0.0,False,49,0.49,isaac_reset,0.869,0.0509,0.0329,0.331,0.1491,0.0453,0.3133,0.0244,0.1286,0.1243,0.44,0.925,19.0352,8.2493,1.04
1837,2,2,hop,1.2,0.2,0.0,False,49,0.49,isaac_reset,0.8767,0.0508,0.0417,0.3233,0.1492,0.0507,0.3163,0.0242,0.1247,0.1175,0.44,0.94,18.5056,8.2653,1.04
1838,3,2,hop,1.2,0.2,0.0,False,49,0.49,isaac_reset,0.8848,0.0502,0.0415,0.3152,0.1498,0.0495,0.3184,0.0246,0.124,0.1166,0.43,0.93,18.2519,8.7824,1.04
1839,4,2,hop,1.2,0.2,0.0,False,49,0.49,isaac_reset,0.8855,0.0504,0.0419,0.3145,0.1496,0.05,0.3186,0.0246,0.1233,0.116,0.43,0.93,18.2099,8.6659,1.04
1840,0,2,hop,1.2,0.2,0.25,True,1000,10.0,timeout,0.8977,0.0314,0.1894,0.3023,0.1686,0.0606,0.3044,0.0207,0.1131,0.1513,0.507,0.932,21.1111,8.0918,7.797
1841,1,2,hop,1.2,0.2,0.25,True,1000,10.0,timeout,0.8992,0.029,0.2111,0.3008,0.171,0.0431,0.3106,0.0207,0.1127,0.1402,0.5025,0.933,20.2252,7.7254,7.797
1842,2,2,hop,1.2,0.2,0.25,True,1000,10.0,timeout,0.9107,0.0288,0.2238,0.2893,0.1712,0.0359,0.3144,0.021,0.1093,0.1338,0.499,0.93,19.6112,7.6064,7.797
1843,3,2,hop,1.2,0.2,0.25,True,1000,10.0,timeout,0.917,0.0286,0.2219,0.283,0.1714,0.0363,0.3159,0.0214,0.1096,0.1316,0.494,0.925,19.3188,7.7405,7.797
1844,4,2,hop,1.2,0.2,0.25,False,55,0.55,fall_height,0.9152,0.0318,0.2137,0.2848,0.1682,0.0465,0.3093,0.03,0.1075,0.1413,0.5058,0.9183,19.3546,7.823,7.797
1845,0,2,hop,1.2,0.2,0.5,True,1000,10.0,timeout,0.9255,0.0206,0.3994,0.2745,0.1794,0.1006,0.3082,0.021,0.1019,0.1561,0.501,0.932,20.6397,6.5684,7.761
1846,1,2,hop,1.2,0.2,0.5,True,1000,10.0,timeout,0.9328,0.0207,0.4075,0.2672,0.1793,0.0937,0.3139,0.0219,0.0989,0.145,0.4918,0.9278,19.8123,6.9403,7.761
1847,2,2,hop,1.2,0.2,0.5,True,1000,10.0,timeout,0.9352,0.021,0.4157,0.2648,0.179,0.0852,0.3168,0.0232,0.0982,0.1378,0.4888,0.9223,19.257,6.6446,7.761
1848,3,2,hop,1.2,0.2,0.5,True,1000,10.0,timeout,0.9364,0.0201,0.4264,0.2636,0.1799,0.077,0.3189,0.0218,0.0998,0.1357,0.483,0.921,18.8946,7.1552,7.761
1849,4,2,hop,1.2,0.2,0.5,False,14,0.14,fall_height,0.9318,0.0202,0.4234,0.2682,0.1798,0.0814,0.3161,0.0277,0.0997,0.1386,0.4885,0.916,18.9498,6.4673,7.761
1850,0,2,hop,1.2,0.4,-0.5,True,1000,10.0,timeout,0.8331,0.0868,-0.3554,0.3669,0.3132,0.1505,0.2991,0.0247,0.1323,0.1218,0.5238,0.9218,21.6634,8.0145,7.812
1851,1,2,hop,1.2,0.4,-0.5,True,1000,10.0,timeout,0.8479,0.0828,-0.347,0.3521,0.3172,0.1606,0.3042,0.0247,0.1302,0.1163,0.5093,0.9233,20.9204,8.0223,7.812
1852,2,2,hop,1.2,0.4,-0.5,True,1000,10.0,timeout,0.8498,0.0804,-0.3312,0.3502,0.3196,0.1753,0.3087,0.0252,0.1265,0.1084,0.5068,0.9233,20.3263,8.8886,7.812
1853,3,2,hop,1.2,0.4,-0.5,False,38,0.38,fall_height,0.8574,0.0846,-0.3423,0.3426,0.3154,0.1697,0.3036,0.0337,0.1222,0.1145,0.5128,0.9178,20.0478,7.8701,7.812
1854,4,2,hop,1.2,0.4,-0.5,True,1000,10.0,timeout,0.8595,0.0794,-0.3195,0.3405,0.3206,0.1841,0.311,0.0256,0.1251,0.1054,0.506,0.924,19.986,8.6123,7.812
1855,0,2,hop,1.2,0.4,-0.25,False,49,0.49,isaac_reset,0.8683,0.0858,-0.121,0.3317,0.3142,0.129,0.3057,0.0248,0.138,0.1286,0.445,0.935,19.761,4.5078,1.057
1856,1,2,hop,1.2,0.4,-0.25,False,49,0.49,isaac_reset,0.872,0.0792,-0.1088,0.328,0.3208,0.1412,0.3116,0.0244,0.1383,0.1193,0.44,0.93,19.0299,5.312,1.057
1857,2,2,hop,1.2,0.4,-0.25,False,49,0.49,isaac_reset,0.8877,0.0771,-0.1092,0.3123,0.3229,0.1408,0.3156,0.0245,0.1344,0.1143,0.43,0.93,18.621,6.1607,1.057
1858,3,2,hop,1.2,0.4,-0.25,False,49,0.49,isaac_reset,0.8927,0.077,-0.0998,0.3073,0.323,0.1502,0.3177,0.0245,0.1329,0.1124,0.43,0.93,18.2968,5.8701,1.057
1859,4,2,hop,1.2,0.4,-0.25,False,49,0.49,isaac_reset,0.8887,0.0758,-0.0994,0.3113,0.3242,0.1506,0.3177,0.0246,0.1352,0.1132,0.43,0.93,18.3193,6.2353,1.057
1860,0,2,hop,1.2,0.4,0.0,True,1000,10.0,timeout,0.8728,0.0612,0.0078,0.3272,0.3388,0.0351,0.3038,0.0211,0.1489,0.1383,0.5138,0.9298,21.3718,9.4889,7.776
1861,1,2,hop,1.2,0.4,0.0,True,1000,10.0,timeout,0.8785,0.0555,0.0182,0.3215,0.3445,0.0394,0.3086,0.0207,0.1465,0.1298,0.5028,0.9333,20.6846,9.5857,7.776
1862,2,2,hop,1.2,0.4,0.0,True,1000,10.0,timeout,0.8867,0.0593,0.0193,0.3133,0.3407,0.047,0.3069,0.0273,0.1358,0.1305,0.512,0.927,20.0972,9.5983,7.776
1863,3,2,hop,1.2,0.4,0.0,False,57,0.57,fall_height,0.8921,0.0611,0.0178,0.3079,0.3389,0.0548,0.3039,0.0326,0.1337,0.1348,0.5125,0.914,19.8209,9.6697,7.776
1864,4,2,hop,1.2,0.4,0.0,True,1000,10.0,timeout,0.8853,0.0605,0.0202,0.3147,0.3395,0.0564,0.3032,0.0336,0.1311,0.136,0.5143,0.9138,19.7015,9.6185,7.776
1865,0,2,hop,1.2,0.4,0.25,True,1000,10.0,timeout,0.9026,0.056,0.1857,0.2974,0.344,0.0657,0.3045,0.0228,0.1296,0.1511,0.5095,0.9245,21.0135,8.5564,7.797
1866,1,2,hop,1.2,0.4,0.25,True,1000,10.0,timeout,0.9088,0.05,0.2007,0.2912,0.35,0.0517,0.3108,0.0213,0.1256,0.1421,0.4928,0.9293,20.0351,8.1644,7.797
1867,2,2,hop,1.2,0.4,0.25,True,1000,10.0,timeout,0.9183,0.0515,0.2022,0.2817,0.3485,0.0512,0.3129,0.0238,0.121,0.1362,0.4915,0.924,19.5541,8.6449,7.797
1868,3,2,hop,1.2,0.4,0.25,True,1000,10.0,timeout,0.9192,0.0507,0.2079,0.2808,0.3493,0.0512,0.3136,0.026,0.1166,0.1357,0.4935,0.922,19.2729,9.051,7.797
1869,4,2,hop,1.2,0.4,0.25,True,1000,10.0,timeout,0.9227,0.0494,0.2147,0.2773,0.3506,0.0459,0.3164,0.0223,0.1181,0.1326,0.4885,0.925,19.1334,9.3349,7.797
1870,0,2,hop,1.2,0.4,0.5,True,1000,10.0,timeout,0.9121,0.0453,0.381,0.2879,0.3547,0.119,0.3071,0.0255,0.1086,0.1542,0.5133,0.9213,20.8657,6.7807,7.778
1871,1,2,hop,1.2,0.4,0.5,True,1000,10.0,timeout,0.918,0.0447,0.3805,0.282,0.3553,0.1198,0.3123,0.0268,0.1059,0.144,0.501,0.916,20.1637,5.8288,7.778
1872,2,2,hop,1.2,0.4,0.5,True,1000,10.0,timeout,0.9288,0.0432,0.3957,0.2712,0.3568,0.1046,0.3166,0.0252,0.1026,0.1362,0.498,0.917,19.4885,6.9996,7.778
1873,3,2,hop,1.2,0.4,0.5,True,1000,10.0,timeout,0.9234,0.041,0.4077,0.2766,0.359,0.0933,0.3185,0.0253,0.1038,0.133,0.4933,0.9153,19.2084,5.7356,7.778
1874,4,2,hop,1.2,0.4,0.5,False,65,0.65,fall_height,0.9203,0.0412,0.4048,0.2797,0.3588,0.098,0.316,0.03,0.1033,0.1357,0.4968,0.9128,19.1608,6.2334,7.778
1875,0,3,amble,0.0,-0.4,-0.5,False,49,0.49,isaac_reset,0.2382,-0.0456,-0.3573,0.2382,0.3544,0.1436,0.3215,0.0119,0.0305,0.0744,0.615,0.94,20.6475,4.0349,1.049
1876,1,3,amble,0.0,-0.4,-0.5,False,49,0.49,isaac_reset,0.2365,-0.047,-0.3563,0.2365,0.353,0.1442,0.3246,0.0114,0.0301,0.072,0.615,0.94,19.6934,5.2247,1.049
1877,2,3,amble,0.0,-0.4,-0.5,False,49,0.49,isaac_reset,0.2304,-0.0537,-0.3596,0.2304,0.3463,0.1404,0.3259,0.0111,0.0135,0.0698,0.615,0.95,19.0052,3.668,1.049
1878,3,3,amble,0.0,-0.4,-0.5,False,49,0.49,isaac_reset,0.2279,-0.0531,-0.359,0.2279,0.3469,0.141,0.3269,0.011,0.0139,0.068,0.615,0.94,18.6616,3.7718,1.049
1879,4,3,amble,0.0,-0.4,-0.5,False,49,0.49,isaac_reset,0.2258,-0.0518,-0.3588,0.2258,0.3482,0.1412,0.3273,0.011,0.0161,0.0683,0.615,0.94,18.5742,4.29,1.049
1880,0,3,amble,0.0,-0.4,-0.25,True,1000,10.0,timeout,0.2554,-0.0698,-0.1596,0.2554,0.3302,0.1166,0.3169,0.0048,0.087,0.1039,0.6463,0.9638,20.5263,2.5589,7.838
1881,1,3,amble,0.0,-0.4,-0.25,True,1000,10.0,timeout,0.2495,-0.0623,-0.1565,0.2495,0.3377,0.1151,0.3197,0.0044,0.0806,0.0986,0.642,0.968,19.5744,2.4936,7.838
1882,2,3,amble,0.0,-0.4,-0.25,True,1000,10.0,timeout,0.2169,-0.0604,-0.1664,0.2169,0.3396,0.1053,0.3227,0.0049,0.0776,0.0899,0.64,0.97,18.8186,2.1457,7.838
1883,3,3,amble,0.0,-0.4,-0.25,True,1000,10.0,timeout,0.2484,-0.0569,-0.1545,0.2484,0.3431,0.1146,0.3227,0.004,0.0715,0.0917,0.6398,0.9698,18.548,2.4345,7.838
1884,4,3,amble,0.0,-0.4,-0.25,True,1000,10.0,timeout,0.2473,-0.0562,-0.1545,0.2473,0.3438,0.1146,0.3229,0.0039,0.0713,0.0915,0.6398,0.9698,18.4792,2.425,7.838
1885,0,3,amble,0.0,-0.4,0.0,True,1000,10.0,timeout,0.2254,-0.0649,0.025,0.2254,0.3351,0.0851,0.3176,0.0052,0.093,0.0969,0.645,0.965,20.3566,2.2199,7.833
1886,1,3,amble,0.0,-0.4,0.0,True,1000,10.0,timeout,0.2344,-0.0659,0.0234,0.2344,0.3341,0.0784,0.3201,0.0055,0.0889,0.0927,0.6295,0.9615,19.5347,2.8006,7.833
1887,2,3,amble,0.0,-0.4,0.0,True,1000,10.0,timeout,0.239,-0.0545,0.0357,0.239,0.3455,0.0868,0.3209,0.0047,0.0741,0.0882,0.6335,0.964,18.8767,2.9068,7.833
1888,3,3,amble,0.0,-0.4,0.0,True,1000,10.0,timeout,0.2473,-0.056,0.037,0.2473,0.344,0.0874,0.3225,0.0043,0.0835,0.0938,0.64,0.97,18.4749,2.8567,7.833
1889,4,3,amble,0.0,-0.4,0.0,True,1000,10.0,timeout,0.2411,-0.0537,0.0366,0.2411,0.3463,0.0866,0.3221,0.0046,0.0744,0.0869,0.634,0.964,18.4725,1.8881,7.833
1890,0,3,amble,0.0,-0.4,0.25,True,1000,10.0,timeout,0.2511,-0.0667,0.2449,0.2515,0.3333,0.0977,0.3171,0.0086,0.0937,0.0964,0.6415,0.9578,20.6873,2.6664,7.843
1891,1,3,amble,0.0,-0.4,0.25,True,1000,10.0,timeout,0.2348,-0.0605,0.2379,0.2355,0.3395,0.0928,0.3211,0.0089,0.0779,0.0814,0.6288,0.959,19.6952,2.2669,7.843
1892,2,3,amble,0.0,-0.4,0.25,True,1000,10.0,timeout,0.2434,-0.0554,0.2407,0.2441,0.3446,0.0921,0.3227,0.0079,0.0745,0.0858,0.633,0.9593,19.0132,1.6612,7.843
1893,3,3,amble,0.0,-0.4,0.25,True,1000,10.0,timeout,0.2407,-0.0483,0.2474,0.2414,0.3517,0.0931,0.3239,0.0085,0.0696,0.0831,0.6313,0.962,18.4989,2.569,7.843
1894,4,3,amble,0.0,-0.4,0.25,True,1000,10.0,timeout,0.2323,-0.0657,0.2324,0.2328,0.3343,0.0858,0.324,0.0085,0.0833,0.081,0.6215,0.9573,18.4845,1.4031,7.843
1895,0,3,amble,0.0,-0.4,0.5,False,49,0.49,isaac_reset,0.2466,-0.0692,0.445,0.2466,0.3308,0.1216,0.319,0.0123,0.0811,0.0831,0.63,0.96,20.7706,1.3744,1.079
1896,1,3,amble,0.0,-0.4,0.5,False,49,0.49,isaac_reset,0.2343,-0.0606,0.4437,0.2343,0.3394,0.1195,0.3234,0.012,0.0705,0.0701,0.615,0.955,19.7378,2.2921,1.079
1897,2,3,amble,0.0,-0.4,0.5,False,49,0.49,isaac_reset,0.2424,-0.0604,0.4371,0.2424,0.3396,0.1127,0.3238,0.0118,0.0723,0.077,0.625,0.945,19.0627,1.5991,1.079
1898,3,3,amble,0.0,-0.4,0.5,False,49,0.49,isaac_reset,0.2462,-0.0559,0.4414,0.2462,0.3441,0.1086,0.3248,0.0116,0.0695,0.0754,0.62,0.965,18.696,2.0748,1.079
1899,4,3,amble,0.0,-0.4,0.5,False,49,0.49,isaac_reset,0.2319,-0.0638,0.4338,0.2319,0.3362,0.1152,0.3258,0.0119,0.0688,0.0669,0.615,0.945,18.6934,2.0342,1.079
1900,0,3,amble,0.0,-0.2,-0.5,True,1000,10.0,timeout,0.2536,-0.0512,-0.365,0.2536,0.1488,0.1433,0.3175,0.0041,0.077,0.1031,0.6478,0.9613,20.4275,1.2655,7.829
1901,1,3,amble,0.0,-0.2,-0.5,True,1000,10.0,timeout,0.2454,-0.0465,-0.3625,0.2454,0.1535,0.1425,0.3202,0.0041,0.0832,0.1025,0.647,0.963,19.5052,1.2597,7.829
1902,2,3,amble,0.0,-0.2,-0.5,True,1000,10.0,timeout,0.2158,-0.0399,-0.3749,0.2158,0.1601,0.1287,0.3234,0.0047,0.0781,0.0915,0.6398,0.9693,18.8048,1.0324,7.829
1903,3,3,amble,0.0,-0.2,-0.5,True,1000,10.0,timeout,0.2167,-0.0377,-0.3741,0.2167,0.1623,0.1289,0.3247,0.0045,0.0737,0.0872,0.639,0.969,18.4775,1.0046,7.829
1904,4,3,amble,0.0,-0.2,-0.5,True,1000,10.0,timeout,0.2336,-0.0431,-0.3737,0.2336,0.1569,0.129,0.3238,0.0045,0.0828,0.0955,0.63,0.96,18.4467,1.1687,7.829
1905,0,3,amble,0.0,-0.2,-0.25,True,1000,10.0,timeout,0.2405,-0.0505,-0.1677,0.2405,0.1495,0.1043,0.3185,0.0052,0.0813,0.0967,0.6305,0.9605,20.3716,2.083,7.841
1906,1,3,amble,0.0,-0.2,-0.25,True,1000,10.0,timeout,0.2421,-0.0393,-0.155,0.2421,0.1607,0.1137,0.3198,0.0043,0.0647,0.0906,0.634,0.964,19.4718,1.7062,7.841
1907,2,3,amble,0.0,-0.2,-0.25,True,1000,10.0,timeout,0.2393,-0.036,-0.1543,0.2393,0.164,0.1127,0.3218,0.0043,0.0619,0.0877,0.6323,0.9643,18.7652,2.4313,7.841
1908,3,3,amble,0.0,-0.2,-0.25,True,1000,10.0,timeout,0.2321,-0.0397,-0.1638,0.2321,0.1603,0.1028,0.324,0.0044,0.075,0.089,0.625,0.965,18.3989,2.5167,7.841
1909,4,3,amble,0.0,-0.2,-0.25,True,1000,10.0,timeout,0.2182,-0.0364,-0.1651,0.2182,0.1636,0.1013,0.3251,0.0046,0.0694,0.0827,0.635,0.965,18.34,2.4706,7.841
1910,0,3,amble,0.0,-0.2,0.0,True,1000,10.0,timeout,0.2442,-0.0519,0.0188,0.2445,0.1481,0.0777,0.3187,0.0091,0.0935,0.0976,0.6275,0.9558,20.4298,2.3612,7.813
1911,1,3,amble,0.0,-0.2,0.0,True,1000,10.0,timeout,0.2182,-0.042,0.024,0.2186,0.158,0.0837,0.3226,0.0092,0.0816,0.0902,0.6305,0.9598,19.4331,2.0684,7.813
1912,2,3,amble,0.0,-0.2,0.0,True,1000,10.0,timeout,0.2345,-0.0328,0.0389,0.2349,0.1672,0.0867,0.3229,0.0082,0.0694,0.0875,0.6253,0.9563,18.7877,1.8888,7.813
1913,3,3,amble,0.0,-0.2,0.0,True,1000,10.0,timeout,0.2408,-0.037,0.0353,0.2412,0.163,0.0868,0.3241,0.0079,0.0791,0.092,0.6328,0.9613,18.4302,2.4044,7.813
1914,4,3,amble,0.0,-0.2,0.0,True,1000,10.0,timeout,0.2321,-0.0314,0.0409,0.2326,0.1686,0.0865,0.3241,0.0084,0.0672,0.0856,0.6258,0.9565,18.364,2.0902,7.813
1915,0,3,amble,0.0,-0.2,0.25,False,49,0.49,isaac_reset,0.2469,-0.0508,0.2327,0.2469,0.1492,0.0874,0.3196,0.0128,0.093,0.0922,0.625,0.935,20.5776,2.3567,1.045
1916,1,3,amble,0.0,-0.2,0.25,False,49,0.49,isaac_reset,0.2233,-0.0395,0.2344,0.2233,0.1605,0.0836,0.3231,0.0121,0.085,0.0866,0.625,0.945,19.3281,3.0062,1.045
1917,2,3,amble,0.0,-0.2,0.25,False,49,0.49,isaac_reset,0.2432,-0.0346,0.2382,0.2432,0.1654,0.0841,0.3233,0.012,0.0766,0.0857,0.62,0.96,19.0258,1.8981,1.045
1918,3,3,amble,0.0,-0.2,0.25,False,49,0.49,isaac_reset,0.2446,-0.0338,0.2366,0.2446,0.1662,0.0821,0.3252,0.0115,0.0749,0.0867,0.625,0.945,18.5076,2.6447,1.045
1919,4,3,amble,0.0,-0.2,0.25,False,49,0.49,isaac_reset,0.2437,-0.0326,0.2388,0.2437,0.1674,0.0817,0.3245,0.0118,0.0746,0.0839,0.62,0.96,18.6023,2.6658,1.045
1920,0,3,amble,0.0,-0.2,0.5,True,1000,10.0,timeout,0.2573,-0.0445,0.4594,0.2573,0.1555,0.102,0.318,0.0041,0.0775,0.0877,0.6378,0.9623,20.5121,0.6947,7.818
1921,1,3,amble,0.0,-0.2,0.5,True,1000,10.0,timeout,0.2319,-0.0385,0.4539,0.2319,0.1615,0.0926,0.3219,0.0045,0.0643,0.078,0.6373,0.9628,19.2913,0.6976,7.818
1922,2,3,amble,0.0,-0.2,0.5,True,1000,10.0,timeout,0.2486,-0.036,0.4576,0.2486,0.164,0.0942,0.3221,0.0043,0.0578,0.0767,0.63,0.96,18.7977,0.7345,7.818
1923,3,3,amble,0.0,-0.2,0.5,True,1000,10.0,timeout,0.2314,-0.0326,0.4543,0.2314,0.1674,0.0903,0.325,0.0042,0.0541,0.0738,0.635,0.965,18.1803,0.721,7.818
1924,4,3,amble,0.0,-0.2,0.5,True,1000,10.0,timeout,0.2454,-0.0354,0.4526,0.2454,0.1646,0.0945,0.325,0.0042,0.0522,0.072,0.623,0.963,18.2632,0.6988,7.818
1925,0,3,amble,0.0,0.0,-0.5,True,1000,10.0,timeout,0.2534,-0.0293,-0.3652,0.2534,0.069,0.1417,0.3181,0.004,0.079,0.1055,0.6433,0.9573,20.2351,1.398,7.82
1926,1,3,amble,0.0,0.0,-0.5,True,1000,10.0,timeout,0.2216,-0.02,-0.375,0.2216,0.0629,0.13,0.3225,0.0044,0.0694,0.0897,0.6413,0.9648,19.3165,1.8108,7.82
1927,2,3,amble,0.0,0.0,-0.5,True,1000,10.0,timeout,0.2195,-0.0182,-0.3764,0.2195,0.0609,0.1275,0.3245,0.0045,0.0697,0.0864,0.6353,0.9648,18.7053,1.2956,7.82
1928,3,3,amble,0.0,0.0,-0.5,True,1000,10.0,timeout,0.2337,-0.0197,-0.3722,0.2337,0.0604,0.1295,0.3244,0.004,0.0712,0.0911,0.6285,0.962,18.3704,1.8471,7.82
1929,4,3,amble,0.0,0.0,-0.5,True,1000,10.0,timeout,0.2175,-0.0144,-0.3744,0.2175,0.0598,0.1282,0.3258,0.0043,0.0657,0.0831,0.635,0.965,18.3023,1.5371,7.82
1930,0,3,amble,0.0,0.0,-0.25,True,1000,10.0,timeout,0.2167,-0.0177,-0.1586,0.217,0.0615,0.1066,0.3215,0.0083,0.0524,0.0848,0.6315,0.9605,20.1865,2.2395,7.82
1931,1,3,amble,0.0,0.0,-0.25,True,1000,10.0,timeout,0.232,-0.02,-0.1571,0.2324,0.059,0.111,0.323,0.008,0.0633,0.0889,0.6235,0.9603,19.3335,1.5582,7.82
1932,2,3,amble,0.0,0.0,-0.25,True,1000,10.0,timeout,0.218,-0.0164,-0.1585,0.2186,0.0578,0.1061,0.3258,0.0078,0.0555,0.0812,0.6303,0.9605,18.6769,2.3706,7.82
1933,3,3,amble,0.0,0.0,-0.25,True,1000,10.0,timeout,0.2287,-0.0147,-0.1566,0.2291,0.0565,0.106,0.3258,0.0074,0.0573,0.0836,0.6215,0.957,18.2894,1.2398,7.82
1934,4,3,amble,0.0,0.0,-0.25,True,1000,10.0,timeout,0.2139,-0.0123,-0.1573,0.2146,0.0572,0.1055,0.3269,0.0075,0.0518,0.0766,0.6303,0.9608,18.3118,1.9237,7.82
1935,0,3,amble,0.0,0.0,0.0,False,49,0.49,isaac_reset,0.2239,-0.021,0.0221,0.2239,0.0573,0.0756,0.3226,0.0122,0.0722,0.088,0.62,0.945,20.18,2.6756,1.074
1936,1,3,amble,0.0,0.0,0.0,False,49,0.49,isaac_reset,0.2379,-0.0217,0.0214,0.2379,0.0542,0.0754,0.3242,0.0119,0.076,0.0874,0.61,0.95,19.3459,2.0078,1.074
1937,2,3,amble,0.0,0.0,0.0,False,49,0.49,isaac_reset,0.2212,-0.0158,0.0224,0.2212,0.0547,0.072,0.3267,0.0115,0.0645,0.0811,0.62,0.945,18.5619,1.7116,1.074
1938,3,3,amble,0.0,0.0,0.0,False,49,0.49,isaac_reset,0.2349,-0.0165,0.0237,0.2349,0.0527,0.0729,0.3266,0.0114,0.0718,0.0836,0.615,0.955,18.4021,1.8842,1.074
1939,4,3,amble,0.0,0.0,0.0,False,49,0.49,isaac_reset,0.2201,-0.0143,0.0232,0.2201,0.0538,0.0708,0.3279,0.0114,0.0615,0.0784,0.62,0.945,18.1562,1.624,1.074
1940,0,3,amble,0.0,0.0,0.25,True,1000,10.0,timeout,0.2552,-0.0251,0.2337,0.2552,0.0587,0.0819,0.3195,0.0048,0.0699,0.092,0.6245,0.9645,20.2439,2.1511,7.811
1941,1,3,amble,0.0,0.0,0.25,True,1000,10.0,timeout,0.2339,-0.0173,0.2365,0.2339,0.0567,0.0763,0.3225,0.0044,0.0685,0.0886,0.635,0.965,19.0575,1.9121,7.811
1942,2,3,amble,0.0,0.0,0.25,True,1000,10.0,timeout,0.2509,-0.016,0.2438,0.2509,0.0639,0.0781,0.3225,0.0044,0.0634,0.087,0.6285,0.9615,18.6468,2.0744,7.811
1943,3,3,amble,0.0,0.0,0.25,True,1000,10.0,timeout,0.2492,-0.0165,0.2325,0.2492,0.0543,0.0754,0.325,0.0042,0.0644,0.0848,0.6233,0.9633,18.1972,2.0446,7.811
1944,4,3,amble,0.0,0.0,0.25,True,1000,10.0,timeout,0.2503,-0.0141,0.2455,0.2503,0.0634,0.0772,0.3237,0.0044,0.0607,0.0853,0.627,0.963,18.2252,2.0614,7.811
1945,0,3,amble,0.0,0.0,0.5,True,1000,10.0,timeout,0.2587,-0.0146,0.46,0.2587,0.0569,0.0941,0.3203,0.004,0.0467,0.0835,0.6228,0.9628,20.2938,1.5559,7.828
1946,1,3,amble,0.0,0.0,0.5,True,1000,10.0,timeout,0.2621,-0.0129,0.4629,0.2621,0.0588,0.0962,0.3218,0.0035,0.0557,0.0859,0.6345,0.9645,19.3215,1.9018,7.828
1947,2,3,amble,0.0,0.0,0.5,True,1000,10.0,timeout,0.2573,-0.0146,0.4586,0.2573,0.0629,0.0886,0.3227,0.0043,0.0584,0.0808,0.63,0.96,18.6781,2.1517,7.828
1948,3,3,amble,0.0,0.0,0.5,True,1000,10.0,timeout,0.2567,-0.014,0.4597,0.2567,0.063,0.0873,0.3235,0.0044,0.0589,0.0796,0.63,0.96,18.3326,2.1327,7.828
1949,4,3,amble,0.0,0.0,0.5,True,1000,10.0,timeout,0.2554,-0.0148,0.4586,0.2554,0.063,0.0865,0.3237,0.0046,0.06,0.08,0.6298,0.9603,18.2457,2.0313,7.828
1950,0,3,amble,0.0,0.2,-0.5,True,1000,10.0,timeout,0.2459,0.0057,-0.361,0.2463,0.1943,0.1442,0.3212,0.0086,0.042,0.0937,0.6338,0.9648,20.0793,1.8207,7.801
1951,1,3,amble,0.0,0.2,-0.5,True,1000,10.0,timeout,0.2284,0.0099,-0.3673,0.229,0.1903,0.1347,0.3239,0.0083,0.0449,0.0865,0.6233,0.9633,19.0864,1.8161,7.801
1952,2,3,amble,0.0,0.2,-0.5,True,1000,10.0,timeout,0.2365,0.0052,-0.3653,0.237,0.1948,0.1377,0.3242,0.0078,0.0518,0.0866,0.626,0.955,18.7034,2.5142,7.801
1953,3,3,amble,0.0,0.2,-0.5,True,1000,10.0,timeout,0.2395,0.0156,-0.3663,0.2401,0.1858,0.1355,0.3252,0.0083,0.0469,0.0802,0.6263,0.9565,18.3969,1.171,7.801
1954,4,3,amble,0.0,0.2,-0.5,True,1000,10.0,timeout,0.2346,0.0036,-0.3642,0.2351,0.1964,0.1378,0.3251,0.0075,0.055,0.0858,0.6265,0.9545,18.3315,1.2459,7.801
1955,0,3,amble,0.0,0.2,-0.25,False,49,0.49,isaac_reset,0.255,-0.0001,-0.1524,0.255,0.2001,0.1201,0.3211,0.0119,0.0538,0.0977,0.625,0.955,20.3942,1.3017,1.075
1956,1,3,amble,0.0,0.2,-0.25,False,49,0.49,isaac_reset,0.2435,0.0036,-0.1613,0.2435,0.1964,0.108,0.3245,0.0116,0.0557,0.0913,0.615,0.955,19.4211,0.9488,1.075
1957,2,3,amble,0.0,0.2,-0.25,False,49,0.49,isaac_reset,0.2462,-0.0,-0.1583,0.2462,0.2,0.1105,0.3245,0.0116,0.058,0.0906,0.62,0.955,18.7235,1.7853,1.075
1958,3,3,amble,0.0,0.2,-0.25,False,49,0.49,isaac_reset,0.2485,0.0055,-0.1531,0.2485,0.1945,0.112,0.3255,0.0115,0.0577,0.0892,0.615,0.94,18.3347,1.1484,1.075
1959,4,3,amble,0.0,0.2,-0.25,False,49,0.49,isaac_reset,0.2454,0.0014,-0.1589,0.2454,0.1986,0.1099,0.3257,0.0115,0.0583,0.089,0.615,0.95,18.2536,1.2865,1.075
1960,0,3,amble,0.0,0.2,0.0,True,1000,10.0,timeout,0.2556,0.0066,0.0462,0.2556,0.1934,0.0885,0.3203,0.0037,0.0454,0.0933,0.63,0.96,20.0907,2.7526,7.822
1961,1,3,amble,0.0,0.2,0.0,True,1000,10.0,timeout,0.2499,0.0062,0.0464,0.2499,0.1938,0.0857,0.3215,0.0042,0.0492,0.0895,0.625,0.965,19.2752,2.7109,7.822
1962,2,3,amble,0.0,0.2,0.0,True,1000,10.0,timeout,0.2487,0.0071,0.0448,0.2487,0.1929,0.0832,0.3233,0.0042,0.0561,0.0896,0.625,0.965,18.5693,2.6449,7.822
1963,3,3,amble,0.0,0.2,0.0,True,1000,10.0,timeout,0.252,0.0117,0.0483,0.252,0.1883,0.0848,0.3254,0.0033,0.0479,0.088,0.63,0.96,18.1528,2.7057,7.822
1964,4,3,amble,0.0,0.2,0.0,True,1000,10.0,timeout,0.2416,0.0103,0.039,0.2416,0.1897,0.0746,0.3264,0.0038,0.0462,0.0839,0.62,0.96,17.916,2.5973,7.822
1965,0,3,amble,0.0,0.2,0.25,True,1000,10.0,timeout,0.2635,0.0021,0.244,0.2635,0.1979,0.0888,0.3196,0.0038,0.0596,0.0977,0.6335,0.9635,20.1169,1.8124,7.842
1966,1,3,amble,0.0,0.2,0.25,True,1000,10.0,timeout,0.262,0.0057,0.2453,0.262,0.1943,0.0856,0.3223,0.0036,0.0591,0.0941,0.632,0.962,19.1727,2.632,7.842
1967,2,3,amble,0.0,0.2,0.25,True,1000,10.0,timeout,0.2366,0.0115,0.2451,0.2366,0.1885,0.0775,0.3251,0.0038,0.046,0.0846,0.632,0.962,18.2879,2.1432,7.842
1968,3,3,amble,0.0,0.2,0.25,True,1000,10.0,timeout,0.2373,0.014,0.2466,0.2373,0.186,0.0765,0.3261,0.0037,0.0375,0.0806,0.6315,0.9615,18.004,1.6331,7.842
1969,4,3,amble,0.0,0.2,0.25,True,1000,10.0,timeout,0.2513,0.0074,0.2374,0.2513,0.1926,0.0807,0.3258,0.004,0.0536,0.0851,0.6205,0.9598,18.0531,2.8182,7.842
1970,0,3,amble,0.0,0.2,0.5,True,1000,10.0,timeout,0.2403,0.0104,0.4538,0.2409,0.1896,0.1026,0.322,0.0088,0.044,0.0843,0.6283,0.9613,20.1544,2.2764,7.853
1971,1,3,amble,0.0,0.2,0.5,True,1000,10.0,timeout,0.2648,0.0164,0.4596,0.2651,0.1836,0.1056,0.3233,0.0073,0.0422,0.0892,0.6315,0.9568,19.3174,1.8809,7.853
1972,2,3,amble,0.0,0.2,0.5,True,1000,10.0,timeout,0.2363,0.0095,0.453,0.2367,0.1905,0.0935,0.3259,0.0078,0.0478,0.0793,0.6333,0.9595,18.4177,2.1522,7.853
1973,3,3,amble,0.0,0.2,0.5,True,1000,10.0,timeout,0.2376,0.0222,0.4644,0.2382,0.1778,0.0966,0.3267,0.008,0.0356,0.0757,0.6308,0.9608,18.1499,2.0424,7.853
1974,4,3,amble,0.0,0.2,0.5,True,1000,10.0,timeout,0.254,0.0144,0.4575,0.2545,0.1856,0.0982,0.3265,0.0074,0.0382,0.0789,0.6165,0.9535,18.1107,1.621,7.853
1975,0,3,amble,0.0,0.4,-0.5,False,49,0.49,isaac_reset,0.2266,0.0237,-0.3786,0.2266,0.3763,0.1249,0.3235,0.0117,0.0331,0.0847,0.625,0.965,19.9901,0.7596,1.039
1976,1,3,amble,0.0,0.4,-0.5,False,49,0.49,isaac_reset,0.2507,0.0307,-0.3611,0.2507,0.3693,0.1389,0.3251,0.0112,0.0313,0.0896,0.62,0.955,19.0901,1.0952,1.039
1977,2,3,amble,0.0,0.4,-0.5,False,49,0.49,isaac_reset,0.2224,0.0302,-0.3809,0.2224,0.3698,0.1209,0.3278,0.011,0.0308,0.0761,0.625,0.945,18.5063,0.6849,1.039
1978,3,3,amble,0.0,0.4,-0.5,False,49,0.49,isaac_reset,0.2216,0.036,-0.3745,0.2216,0.364,0.1271,0.329,0.0108,0.0272,0.0746,0.625,0.95,18.152,1.2783,1.039
1979,4,3,amble,0.0,0.4,-0.5,False,49,0.49,isaac_reset,0.2315,0.0327,-0.381,0.2315,0.3673,0.1194,0.3283,0.0108,0.0275,0.0783,0.61,0.95,18.0542,1.5256,1.039
1980,0,3,amble,0.0,0.4,-0.25,True,1000,10.0,timeout,0.2419,0.0353,-0.1564,0.2419,0.3647,0.102,0.3226,0.0034,0.0102,0.0813,0.63,0.96,19.9704,2.3435,7.809
1981,1,3,amble,0.0,0.4,-0.25,True,1000,10.0,timeout,0.2382,0.0367,-0.1539,0.2382,0.3633,0.1038,0.3251,0.0034,0.0189,0.0804,0.63,0.96,18.9806,2.3557,7.809
1982,2,3,amble,0.0,0.4,-0.25,True,1000,10.0,timeout,0.245,0.0356,-0.1592,0.245,0.3644,0.0981,0.3262,0.0032,0.0172,0.0804,0.62,0.96,18.2413,2.3605,7.809
1983,3,3,amble,0.0,0.4,-0.25,True,1000,10.0,timeout,0.239,0.0414,-0.1605,0.239,0.3586,0.0936,0.3279,0.0031,0.0095,0.0744,0.63,0.96,18.0192,2.312,7.809
1984,4,3,amble,0.0,0.4,-0.25,True,1000,10.0,timeout,0.2416,0.0358,-0.1621,0.2416,0.3642,0.0952,0.3272,0.0032,0.0237,0.081,0.62,0.96,17.8051,2.3401,7.809
1985,0,3,amble,0.0,0.4,0.0,True,1000,10.0,timeout,0.2636,0.0377,0.0554,0.2636,0.3623,0.088,0.3221,0.0037,0.0089,0.0835,0.6203,0.9603,20.1363,2.6959,7.853
1986,1,3,amble,0.0,0.4,0.0,True,1000,10.0,timeout,0.2599,0.0332,0.0555,0.2599,0.3668,0.0894,0.3223,0.0037,0.0308,0.0879,0.6243,0.9643,19.3253,3.4527,7.853
1987,2,3,amble,0.0,0.4,0.0,True,1000,10.0,timeout,0.239,0.0358,0.0466,0.239,0.3642,0.0772,0.3267,0.0039,0.0332,0.0832,0.63,0.96,18.222,1.8324,7.853
1988,3,3,amble,0.0,0.4,0.0,True,1000,10.0,timeout,0.2453,0.0412,0.0463,0.2453,0.3588,0.0717,0.3276,0.0033,0.0109,0.0782,0.63,0.96,18.0034,2.2191,7.853
1989,4,3,amble,0.0,0.4,0.0,True,1000,10.0,timeout,0.2492,0.0355,0.0474,0.2492,0.3645,0.0778,0.3271,0.0035,0.027,0.0835,0.6203,0.96,17.864,2.9583,7.853
1990,0,3,amble,0.0,0.4,0.25,True,1000,10.0,timeout,0.238,0.0296,0.2449,0.2392,0.3704,0.0904,0.3224,0.0081,0.0298,0.0865,0.6308,0.958,20.1001,2.9361,7.834
1991,1,3,amble,0.0,0.4,0.25,True,1000,10.0,timeout,0.2533,0.0276,0.2407,0.2543,0.3724,0.0895,0.3246,0.0083,0.0376,0.0861,0.6195,0.9535,19.1511,1.9316,7.834
1992,2,3,amble,0.0,0.4,0.25,True,1000,10.0,timeout,0.2412,0.0331,0.2443,0.2415,0.3669,0.0888,0.3267,0.008,0.033,0.083,0.6255,0.9555,18.3996,2.3864,7.834
1993,3,3,amble,0.0,0.4,0.25,True,1000,10.0,timeout,0.2443,0.0371,0.242,0.2446,0.3629,0.0857,0.3275,0.0077,0.0258,0.0813,0.6253,0.954,18.1751,2.7931,7.834
1994,4,3,amble,0.0,0.4,0.25,True,1000,10.0,timeout,0.2512,0.0383,0.2517,0.2518,0.3617,0.0904,0.3277,0.0078,0.0326,0.0841,0.6168,0.9558,18.0216,2.5652,7.834
1995,0,3,amble,0.0,0.4,0.5,False,49,0.49,isaac_reset,0.2475,0.0349,0.4424,0.2475,0.3651,0.1051,0.3229,0.0117,0.0333,0.085,0.62,0.945,20.1188,2.2784,1.075
1996,1,3,amble,0.0,0.4,0.5,False,49,0.49,isaac_reset,0.2637,0.0352,0.4432,0.2637,0.3648,0.1106,0.3252,0.0113,0.0334,0.0845,0.605,0.94,19.2712,1.728,1.075
1997,2,3,amble,0.0,0.4,0.5,False,49,0.49,isaac_reset,0.2444,0.0381,0.4492,0.2444,0.3619,0.1009,0.3269,0.0111,0.0387,0.0812,0.625,0.945,18.569,1.7671,1.075
1998,3,3,amble,0.0,0.4,0.5,False,49,0.49,isaac_reset,0.2449,0.0465,0.4519,0.2449,0.3535,0.1017,0.3277,0.011,0.0285,0.0784,0.615,0.94,18.2166,2.4865,1.075
1999,4,3,amble,0.0,0.4,0.5,False,49,0.49,isaac_reset,0.2607,0.0388,0.4449,0.2607,0.3612,0.1085,0.3277,0.0109,0.0353,0.0815,0.605,0.95,18.1506,2.0031,1.075
2000,0,3,amble,0.3,-0.4,-0.5,True,1000,10.0,timeout,0.3705,-0.0619,-0.3893,0.0767,0.3381,0.1141,0.3158,0.004,0.0576,0.1017,0.6398,0.9698,20.842,1.6684,7.812
2001,1,3,amble,0.3,-0.4,-0.5,True,1000,10.0,timeout,0.3771,-0.0601,-0.3726,0.0838,0.3399,0.1299,0.3195,0.0038,0.0652,0.1017,0.6398,0.9698,20.071,1.8681,7.812
2002,2,3,amble,0.3,-0.4,-0.5,True,1000,10.0,timeout,0.3659,-0.0572,-0.3796,0.0741,0.3428,0.1221,0.3208,0.0036,0.0565,0.0927,0.6383,0.9688,19.2899,1.7173,7.812
2003,3,3,amble,0.3,-0.4,-0.5,True,1000,10.0,timeout,0.3666,-0.0567,-0.3763,0.075,0.3433,0.1251,0.3218,0.0036,0.0581,0.0923,0.6365,0.9675,18.9599,1.7665,7.812
2004,4,3,amble,0.3,-0.4,-0.5,True,1000,10.0,timeout,0.3364,-0.0587,-0.3805,0.0634,0.3413,0.1216,0.3241,0.0038,0.0607,0.0874,0.6375,0.9675,18.9089,1.5952,7.812
2005,0,3,amble,0.3,-0.4,-0.25,True,1000,10.0,timeout,0.38,-0.0625,-0.1673,0.0868,0.3375,0.1011,0.317,0.0042,0.0755,0.105,0.6395,0.9693,21.0268,3.0501,7.869
2006,1,3,amble,0.3,-0.4,-0.25,True,1000,10.0,timeout,0.3694,-0.0619,-0.17,0.0774,0.3381,0.0967,0.3192,0.0041,0.0671,0.0984,0.631,0.961,19.9166,3.1536,7.869
2007,2,3,amble,0.3,-0.4,-0.25,True,1000,10.0,timeout,0.3567,-0.0565,-0.1743,0.0728,0.3435,0.0935,0.3226,0.0038,0.0752,0.0966,0.63,0.969,19.3283,2.6462,7.869
2008,3,3,amble,0.3,-0.4,-0.25,True,1000,10.0,timeout,0.3666,-0.0577,-0.1662,0.0759,0.3423,0.0993,0.3223,0.0038,0.0605,0.0915,0.6253,0.9648,18.9642,2.7212,7.869
2009,4,3,amble,0.3,-0.4,-0.25,True,1000,10.0,timeout,0.3661,-0.0579,-0.1686,0.0753,0.3421,0.0996,0.3225,0.0039,0.0628,0.0899,0.6258,0.965,18.9133,3.305,7.869
2010,0,3,amble,0.3,-0.4,0.0,True,1000,10.0,timeout,0.3609,-0.0576,0.0307,0.0801,0.3424,0.0776,0.3179,0.0095,0.072,0.1001,0.6293,0.96,20.8229,4.3006,7.817
2011,1,3,amble,0.3,-0.4,0.0,True,1000,10.0,timeout,0.3366,-0.0518,0.0231,0.0661,0.3482,0.0752,0.3224,0.0082,0.0722,0.0932,0.6333,0.961,19.8354,3.8866,7.817
2012,2,3,amble,0.3,-0.4,0.0,True,1000,10.0,timeout,0.3515,-0.0591,0.0177,0.0741,0.3409,0.0724,0.3228,0.0087,0.0795,0.0974,0.6245,0.964,19.1913,3.4087,7.817
2013,3,3,amble,0.3,-0.4,0.0,True,1000,10.0,timeout,0.3336,-0.0517,0.0255,0.0665,0.3483,0.0739,0.325,0.0078,0.0712,0.09,0.6323,0.9603,18.8521,3.0457,7.817
2014,4,3,amble,0.3,-0.4,0.0,True,1000,10.0,timeout,0.3653,-0.0448,0.0354,0.0877,0.3552,0.0762,0.3245,0.0083,0.0662,0.0962,0.6265,0.9543,18.8201,4.1816,7.817
2015,0,3,amble,0.3,-0.4,0.25,False,49,0.49,isaac_reset,0.3563,-0.0617,0.2376,0.0782,0.3383,0.0807,0.318,0.0126,0.0754,0.0956,0.62,0.965,20.9771,4.0731,1.081
2016,1,3,amble,0.3,-0.4,0.25,False,49,0.49,isaac_reset,0.3305,-0.0526,0.2348,0.0666,0.3474,0.0779,0.3228,0.0118,0.0751,0.09,0.62,0.95,19.7534,3.8779,1.081
2017,2,3,amble,0.3,-0.4,0.25,False,49,0.49,isaac_reset,0.3471,-0.0585,0.2311,0.0751,0.3415,0.076,0.3238,0.0117,0.0769,0.0908,0.615,0.96,19.3451,3.4482,1.081
2018,3,3,amble,0.3,-0.4,0.25,False,49,0.49,isaac_reset,0.3284,-0.0492,0.2351,0.065,0.3508,0.0773,0.3257,0.0113,0.0712,0.0861,0.625,0.945,18.7349,3.4265,1.081
2019,4,3,amble,0.3,-0.4,0.25,False,49,0.49,isaac_reset,0.3595,-0.0505,0.2337,0.0822,0.3495,0.0797,0.3251,0.0113,0.0688,0.0915,0.62,0.955,18.8918,3.7996,1.081
2020,0,3,amble,0.3,-0.4,0.5,True,1000,10.0,timeout,0.3688,-0.0639,0.4573,0.0773,0.3361,0.092,0.3177,0.0036,0.0689,0.0912,0.635,0.965,20.9401,1.0527,7.828
2021,1,3,amble,0.3,-0.4,0.5,True,1000,10.0,timeout,0.3707,-0.0559,0.457,0.0782,0.3441,0.091,0.3208,0.0031,0.0612,0.0887,0.6348,0.9648,19.9508,1.0444,7.828
2022,2,3,amble,0.3,-0.4,0.5,True,1000,10.0,timeout,0.356,-0.0577,0.4478,0.0683,0.3423,0.0864,0.3228,0.0034,0.0606,0.0827,0.625,0.965,19.1914,1.0553,7.828
2023,3,3,amble,0.3,-0.4,0.5,True,1000,10.0,timeout,0.3629,-0.0559,0.4566,0.0708,0.3441,0.0885,0.3227,0.0037,0.0581,0.0812,0.6285,0.9615,18.9485,1.0192,7.828
2024,4,3,amble,0.3,-0.4,0.5,True,1000,10.0,timeout,0.3701,-0.0492,0.4548,0.0769,0.3508,0.0894,0.3243,0.0029,0.055,0.0839,0.6333,0.9633,18.8424,1.1443,7.828
2025,0,3,amble,0.3,-0.2,-0.5,True,1000,10.0,timeout,0.3705,-0.0366,-0.3915,0.0762,0.1634,0.1116,0.3162,0.0038,0.0556,0.105,0.6408,0.97,20.7167,1.7033,7.861
2026,1,3,amble,0.3,-0.2,-0.5,True,1000,10.0,timeout,0.3698,-0.0354,-0.3836,0.0758,0.1646,0.1177,0.3189,0.0036,0.0578,0.1001,0.6403,0.9698,19.8221,2.106,7.861
2027,2,3,amble,0.3,-0.2,-0.5,True,1000,10.0,timeout,0.3484,-0.0386,-0.3861,0.0689,0.1614,0.1158,0.3224,0.0036,0.0705,0.0977,0.6305,0.9605,19.2669,2.4796,7.861
2028,3,3,amble,0.3,-0.2,-0.5,True,1000,10.0,timeout,0.3673,-0.034,-0.3762,0.0751,0.166,0.1243,0.322,0.0034,0.0602,0.0954,0.6385,0.9715,18.8687,2.4476,7.861
2029,4,3,amble,0.3,-0.2,-0.5,True,1000,10.0,timeout,0.3491,-0.0378,-0.3831,0.0712,0.1622,0.1188,0.3237,0.0036,0.0698,0.0946,0.63,0.9605,18.9251,2.4591,7.861
2030,0,3,amble,0.3,-0.2,-0.25,True,1000,10.0,timeout,0.3624,-0.0492,-0.1735,0.0954,0.1552,0.1058,0.319,0.0089,0.0703,0.1011,0.6393,0.9608,20.8649,3.4941,7.827
2031,1,3,amble,0.3,-0.2,-0.25,True,1000,10.0,timeout,0.3592,-0.041,-0.1671,0.0777,0.159,0.0977,0.3207,0.0083,0.0557,0.0951,0.6248,0.9553,19.8262,2.9521,7.827
2032,2,3,amble,0.3,-0.2,-0.25,True,1000,10.0,timeout,0.3396,-0.0295,-0.1708,0.0798,0.1705,0.0943,0.325,0.0084,0.061,0.0877,0.6238,0.96,19.2053,2.8627,7.827
2033,3,3,amble,0.3,-0.2,-0.25,True,1000,10.0,timeout,0.3598,-0.0401,-0.1667,0.076,0.1599,0.1028,0.3236,0.0084,0.0555,0.0905,0.6223,0.9608,18.8805,2.68,7.827
2034,4,3,amble,0.3,-0.2,-0.25,True,1000,10.0,timeout,0.3474,-0.0334,-0.1713,0.0761,0.1666,0.0977,0.325,0.0072,0.0653,0.0908,0.6233,0.9633,18.8333,3.4847,7.827
2035,0,3,amble,0.3,-0.2,0.0,False,49,0.49,isaac_reset,0.3757,-0.0396,0.0267,0.0942,0.1604,0.0717,0.3196,0.0123,0.0854,0.1038,0.625,0.955,20.7798,3.2334,1.075
2036,1,3,amble,0.3,-0.2,0.0,False,49,0.49,isaac_reset,0.3625,-0.0413,0.0231,0.0818,0.1587,0.07,0.322,0.012,0.0722,0.0946,0.62,0.94,19.8814,3.4355,1.075
2037,2,3,amble,0.3,-0.2,0.0,False,49,0.49,isaac_reset,0.354,-0.0383,0.0141,0.0806,0.1617,0.0659,0.3249,0.0115,0.0808,0.0933,0.615,0.965,19.327,3.5918,1.075
2038,3,3,amble,0.3,-0.2,0.0,False,49,0.49,isaac_reset,0.3608,-0.0388,0.0251,0.0811,0.1612,0.0704,0.3248,0.0116,0.0696,0.0907,0.61,0.955,18.8274,2.8058,1.075
2039,4,3,amble,0.3,-0.2,0.0,False,49,0.49,isaac_reset,0.3528,-0.0362,0.0117,0.0793,0.1638,0.0641,0.3258,0.0113,0.0788,0.0914,0.605,0.945,18.8037,3.4918,1.075
2040,0,3,amble,0.3,-0.2,0.25,True,1000,10.0,timeout,0.3406,-0.0402,0.2296,0.0617,0.1598,0.0755,0.3191,0.004,0.0748,0.0968,0.635,0.965,20.5501,2.7865,7.866
2041,1,3,amble,0.3,-0.2,0.25,True,1000,10.0,timeout,0.3713,-0.0357,0.2383,0.0795,0.1643,0.0773,0.3208,0.0033,0.0665,0.0996,0.6318,0.9618,19.7558,3.0082,7.866
2042,2,3,amble,0.3,-0.2,0.25,True,1000,10.0,timeout,0.3695,-0.0334,0.234,0.0784,0.1666,0.075,0.3228,0.0032,0.0667,0.0963,0.63,0.96,19.0966,2.9454,7.866
2043,3,3,amble,0.3,-0.2,0.25,True,1000,10.0,timeout,0.3372,-0.033,0.2289,0.0604,0.167,0.0737,0.3247,0.0036,0.0713,0.0897,0.635,0.965,18.5896,2.753,7.866
2044,4,3,amble,0.3,-0.2,0.25,True,1000,10.0,timeout,0.3542,-0.0339,0.2306,0.0674,0.1661,0.0738,0.3241,0.0032,0.0598,0.0889,0.6215,0.9615,18.6354,3.0158,7.866
2045,0,3,amble,0.3,-0.2,0.5,True,1000,10.0,timeout,0.3735,-0.048,0.4476,0.0815,0.1536,0.0901,0.318,0.0046,0.0743,0.0931,0.6365,0.9643,20.8522,2.7186,7.832
2046,1,3,amble,0.3,-0.2,0.5,True,1000,10.0,timeout,0.343,-0.0359,0.4528,0.0596,0.1641,0.0841,0.3218,0.0036,0.0596,0.0852,0.6348,0.965,19.6891,2.9323,7.832
2047,2,3,amble,0.3,-0.2,0.5,True,1000,10.0,timeout,0.373,-0.0277,0.4571,0.0777,0.1723,0.087,0.3233,0.0028,0.0498,0.0869,0.63,0.96,19.1851,2.669,7.832
2048,3,3,amble,0.3,-0.2,0.5,True,1000,10.0,timeout,0.342,-0.0318,0.451,0.0594,0.1682,0.0841,0.3248,0.0034,0.0574,0.0819,0.635,0.965,18.6444,2.3534,7.832
2049,4,3,amble,0.3,-0.2,0.5,True,1000,10.0,timeout,0.3583,-0.0292,0.4521,0.068,0.1708,0.0875,0.3243,0.003,0.0495,0.0836,0.6205,0.9603,18.784,2.352,7.832
2050,0,3,amble,0.3,0.0,-0.5,True,1000,10.0,timeout,0.3699,-0.0199,-0.3797,0.0896,0.0675,0.1228,0.3188,0.0084,0.0522,0.1054,0.6385,0.9598,20.7118,2.8064,7.866
2051,1,3,amble,0.3,0.0,-0.5,True,1000,10.0,timeout,0.3438,-0.0088,-0.3855,0.0723,0.0599,0.117,0.3224,0.0084,0.0537,0.0933,0.6273,0.959,19.696,1.8522,7.866
2052,2,3,amble,0.3,0.0,-0.5,True,1000,10.0,timeout,0.3345,-0.0061,-0.384,0.0736,0.062,0.1184,0.3255,0.0096,0.0527,0.0874,0.622,0.9503,19.0857,2.1343,7.866
2053,3,3,amble,0.3,0.0,-0.5,True,1000,10.0,timeout,0.3605,-0.0156,-0.3684,0.0796,0.0625,0.1354,0.3248,0.0075,0.0504,0.0939,0.6288,0.96,18.879,2.9805,7.866
2054,4,3,amble,0.3,0.0,-0.5,True,1000,10.0,timeout,0.3538,-0.0049,-0.3735,0.076,0.0728,0.1275,0.324,0.0078,0.0448,0.0895,0.6285,0.958,18.7396,3.2103,7.866
2055,0,3,amble,0.3,0.0,-0.25,False,49,0.49,isaac_reset,0.3735,-0.0183,-0.1693,0.0883,0.0579,0.1003,0.3196,0.0121,0.0604,0.1064,0.625,0.95,20.8833,1.8676,1.073
2056,1,3,amble,0.3,0.0,-0.25,False,49,0.49,isaac_reset,0.3611,-0.0137,-0.1751,0.0817,0.0512,0.0935,0.3227,0.0117,0.0662,0.1001,0.62,0.96,20.0479,1.3575,1.073
2057,2,3,amble,0.3,0.0,-0.25,False,49,0.49,isaac_reset,0.3554,-0.0151,-0.175,0.0786,0.0501,0.0926,0.3249,0.0113,0.0657,0.0975,0.615,0.95,19.1345,1.4728,1.073
2058,3,3,amble,0.3,0.0,-0.25,False,49,0.49,isaac_reset,0.3701,-0.0145,-0.1633,0.0862,0.0551,0.1033,0.3252,0.0112,0.0574,0.0984,0.62,0.95,18.8868,2.1872,1.073
2059,4,3,amble,0.3,0.0,-0.25,False,49,0.49,isaac_reset,0.3618,-0.0157,-0.1668,0.0789,0.0613,0.0999,0.3246,0.0114,0.0577,0.0958,0.615,0.945,18.8554,1.6573,1.073
2060,0,3,amble,0.3,0.0,0.0,True,1000,10.0,timeout,0.3738,-0.0189,0.0264,0.0815,0.0557,0.0745,0.3186,0.0039,0.0712,0.1077,0.6353,0.9653,20.5998,3.9454,7.841
2061,1,3,amble,0.3,0.0,0.0,True,1000,10.0,timeout,0.3637,-0.0173,0.0273,0.0713,0.0615,0.071,0.3204,0.0041,0.0597,0.0988,0.625,0.965,19.6583,3.9152,7.841
2062,2,3,amble,0.3,0.0,0.0,True,1000,10.0,timeout,0.3551,-0.0138,0.0198,0.0691,0.0494,0.0692,0.3237,0.0036,0.0625,0.0953,0.62,0.96,18.9078,3.8509,7.841
2063,3,3,amble,0.3,0.0,0.0,True,1000,10.0,timeout,0.369,-0.0112,0.0359,0.0764,0.0527,0.0782,0.3245,0.0031,0.0512,0.0953,0.63,0.96,18.6495,3.998,7.841
2064,4,3,amble,0.3,0.0,0.0,True,1000,10.0,timeout,0.3628,-0.0136,0.0313,0.0703,0.0596,0.0722,0.3237,0.0038,0.0558,0.0937,0.625,0.965,18.5985,3.9096,7.841
2065,0,3,amble,0.3,0.0,0.25,True,1000,10.0,timeout,0.37,-0.0184,0.2363,0.0775,0.0547,0.0785,0.3187,0.0042,0.0594,0.1029,0.6335,0.9625,20.6359,4.079,7.814
2066,1,3,amble,0.3,0.0,0.25,True,1000,10.0,timeout,0.3647,-0.0154,0.2385,0.0702,0.06,0.0756,0.3204,0.004,0.0563,0.0949,0.625,0.965,19.7717,3.3202,7.814
2067,2,3,amble,0.3,0.0,0.25,True,1000,10.0,timeout,0.357,-0.0129,0.2263,0.068,0.0501,0.0755,0.3236,0.0034,0.0561,0.0931,0.62,0.96,18.9082,3.5649,7.814
2068,3,3,amble,0.3,0.0,0.25,True,1000,10.0,timeout,0.3697,-0.0102,0.2409,0.0754,0.0515,0.0772,0.3247,0.0031,0.0507,0.0938,0.63,0.96,18.6591,4.4233,7.814
2069,4,3,amble,0.3,0.0,0.25,True,1000,10.0,timeout,0.3644,-0.0111,0.2394,0.0697,0.0583,0.0751,0.3237,0.0037,0.0525,0.0901,0.625,0.965,18.6839,3.8089,7.814
2070,0,3,amble,0.3,0.0,0.5,True,1000,10.0,timeout,0.3375,-0.0198,0.4478,0.0634,0.051,0.0874,0.3204,0.008,0.0575,0.0907,0.6308,0.9463,20.5245,2.4614,7.841
2071,1,3,amble,0.3,0.0,0.5,True,1000,10.0,timeout,0.3384,-0.0155,0.4456,0.0623,0.0519,0.09,0.3232,0.0077,0.0531,0.0857,0.6333,0.9603,19.6818,2.6121,7.841
2072,2,3,amble,0.3,0.0,0.5,True,1000,10.0,timeout,0.3503,-0.0111,0.4432,0.0753,0.0528,0.0929,0.3244,0.0072,0.0424,0.0843,0.6195,0.9555,19.0859,2.7436,7.841
2073,3,3,amble,0.3,0.0,0.5,True,1000,10.0,timeout,0.3599,-0.0102,0.4507,0.0816,0.0539,0.0937,0.3256,0.0077,0.0474,0.0843,0.6285,0.955,18.8135,2.033,7.841
2074,4,3,amble,0.3,0.0,0.5,True,1000,10.0,timeout,0.3538,0.0009,0.4609,0.0781,0.0655,0.0906,0.3252,0.0083,0.0394,0.0804,0.624,0.9538,18.9039,2.2509,7.841
2075,0,3,amble,0.3,0.2,-0.5,False,49,0.49,isaac_reset,0.3411,0.004,-0.3963,0.0688,0.196,0.109,0.3215,0.0118,0.0408,0.0954,0.625,0.945,20.6434,1.3727,1.078
2076,1,3,amble,0.3,0.2,-0.5,False,49,0.49,isaac_reset,0.3345,0.0056,-0.3923,0.0656,0.1944,0.1115,0.3244,0.0114,0.0459,0.0886,0.625,0.945,19.6228,1.8674,1.078
2077,2,3,amble,0.3,0.2,-0.5,False,49,0.49,isaac_reset,0.3489,0.0087,-0.3859,0.0724,0.1913,0.1163,0.3256,0.0111,0.0392,0.0924,0.615,0.96,18.9502,1.3838,1.078
2078,3,3,amble,0.3,0.2,-0.5,False,49,0.49,isaac_reset,0.3649,0.0062,-0.3746,0.0813,0.1938,0.1261,0.3262,0.0109,0.0348,0.0906,0.615,0.955,18.6322,1.8663,1.078
2079,4,3,amble,0.3,0.2,-0.5,False,49,0.49,isaac_reset,0.3552,0.0081,-0.3834,0.0736,0.1919,0.1183,0.3254,0.0111,0.0345,0.0875,0.615,0.96,18.7581,1.0546,1.078
2080,0,3,amble,0.3,0.2,-0.25,True,1000,10.0,timeout,0.3777,0.007,-0.1675,0.0802,0.193,0.1002,0.3191,0.0029,0.0372,0.1025,0.634,0.964,20.4682,3.5166,7.813
2081,1,3,amble,0.3,0.2,-0.25,True,1000,10.0,timeout,0.3767,0.0098,-0.1655,0.079,0.1902,0.0995,0.322,0.0027,0.0304,0.0957,0.63,0.96,19.532,3.4622,7.813
2082,2,3,amble,0.3,0.2,-0.25,True,1000,10.0,timeout,0.3667,0.0079,-0.1704,0.0713,0.1921,0.095,0.3228,0.0032,0.0448,0.0947,0.625,0.965,18.928,3.4025,7.813
2083,3,3,amble,0.3,0.2,-0.25,True,1000,10.0,timeout,0.3662,0.0087,-0.1695,0.0715,0.1913,0.0956,0.3238,0.0032,0.0483,0.0943,0.625,0.965,18.5985,3.4691,7.813
2084,4,3,amble,0.3,0.2,-0.25,True,1000,10.0,timeout,0.365,0.0098,-0.1695,0.0697,0.1902,0.0954,0.3242,0.0031,0.0403,0.0911,0.625,0.965,18.5484,3.323,7.813
2085,0,3,amble,0.3,0.2,0.0,True,1000,10.0,timeout,0.3731,0.013,0.0207,0.0761,0.1898,0.0731,0.3196,0.004,0.0354,0.0998,0.6265,0.9545,20.5582,4.0985,7.843
2086,1,3,amble,0.3,0.2,0.0,True,1000,10.0,timeout,0.3455,0.0114,0.0296,0.0595,0.1886,0.075,0.3233,0.0035,0.0396,0.0902,0.6305,0.9605,19.5537,3.1059,7.843
2087,2,3,amble,0.3,0.2,0.0,True,1000,10.0,timeout,0.3689,0.0144,0.0367,0.0716,0.1864,0.0771,0.3231,0.0036,0.0403,0.0894,0.6235,0.9638,19.1594,4.1518,7.843
2088,3,3,amble,0.3,0.2,0.0,True,1000,10.0,timeout,0.346,0.0148,0.0299,0.0601,0.1852,0.0732,0.3263,0.0034,0.0351,0.0847,0.6303,0.9603,18.5506,4.0005,7.843
2089,4,3,amble,0.3,0.2,0.0,True,1000,10.0,timeout,0.371,0.0093,0.036,0.0772,0.1907,0.0792,0.3253,0.0033,0.0426,0.0947,0.6315,0.9595,18.5452,4.0518,7.843
2090,0,3,amble,0.3,0.2,0.25,True,1000,10.0,timeout,0.3563,0.0068,0.226,0.076,0.1932,0.085,0.3204,0.0078,0.045,0.0979,0.6185,0.9453,20.5283,4.0957,7.848
2091,1,3,amble,0.3,0.2,0.25,True,1000,10.0,timeout,0.3573,0.0124,0.2262,0.071,0.1876,0.0858,0.3236,0.0084,0.0376,0.0913,0.616,0.9545,19.5823,3.4017,7.848
2092,2,3,amble,0.3,0.2,0.25,True,1000,10.0,timeout,0.3712,0.0186,0.2403,0.0868,0.183,0.0823,0.3248,0.0075,0.0356,0.0932,0.6275,0.952,19.1824,3.4393,7.848
2093,3,3,amble,0.3,0.2,0.25,True,1000,10.0,timeout,0.3426,0.0161,0.2372,0.0631,0.1839,0.0803,0.3268,0.0074,0.0329,0.0823,0.6273,0.9563,18.7189,2.7316,7.848
2094,4,3,amble,0.3,0.2,0.25,True,1000,10.0,timeout,0.3347,0.0205,0.2371,0.0644,0.1802,0.0788,0.3273,0.0075,0.0322,0.0829,0.6255,0.946,18.5914,3.839,7.848
2095,0,3,amble,0.3,0.2,0.5,False,49,0.49,isaac_reset,0.3633,0.0066,0.4337,0.0774,0.1934,0.1054,0.3214,0.0118,0.0442,0.094,0.605,0.94,20.6709,2.0679,1.074
2096,1,3,amble,0.3,0.2,0.5,False,49,0.49,isaac_reset,0.3632,0.0128,0.4398,0.0783,0.1872,0.1006,0.3237,0.0114,0.042,0.0906,0.605,0.96,19.6962,2.6488,1.074
2097,2,3,amble,0.3,0.2,0.5,False,49,0.49,isaac_reset,0.3686,0.0148,0.447,0.0824,0.1852,0.102,0.3258,0.0111,0.036,0.0871,0.615,0.945,19.1765,3.8311,1.074
2098,3,3,amble,0.3,0.2,0.5,False,49,0.49,isaac_reset,0.3435,0.0214,0.4479,0.0642,0.1786,0.0992,0.3272,0.011,0.035,0.0801,0.62,0.96,18.8704,2.6686,1.074
2099,4,3,amble,0.3,0.2,0.5,False,49,0.49,isaac_reset,0.344,0.0227,0.4529,0.0648,0.1773,0.0954,0.3274,0.0109,0.0349,0.0799,0.615,0.955,18.6421,3.404,1.074
2100,0,3,amble,0.3,0.4,-0.5,True,1000,10.0,timeout,0.3677,0.0351,-0.4026,0.0711,0.3649,0.1026,0.3197,0.0027,0.0181,0.098,0.6283,0.9683,20.3109,1.474,7.828
2101,1,3,amble,0.3,0.4,-0.5,True,1000,10.0,timeout,0.3787,0.0365,-0.3867,0.0789,0.3635,0.1165,0.3223,0.0024,0.0107,0.0949,0.63,0.96,19.4929,1.6448,7.828
2102,2,3,amble,0.3,0.4,-0.5,True,1000,10.0,timeout,0.3768,0.0364,-0.385,0.0775,0.3636,0.118,0.3243,0.0023,0.0133,0.0926,0.63,0.96,18.8447,1.7077,7.828
2103,3,3,amble,0.3,0.4,-0.5,True,1000,10.0,timeout,0.3649,0.0353,-0.3935,0.0678,0.3647,0.1094,0.3243,0.0028,0.0242,0.091,0.625,0.965,18.5465,1.6295,7.828
2104,4,3,amble,0.3,0.4,-0.5,True,1000,10.0,timeout,0.3623,0.0367,-0.397,0.066,0.3633,0.1069,0.3248,0.0032,0.0238,0.083,0.625,0.965,18.5507,1.4686,7.828
2105,0,3,amble,0.3,0.4,-0.25,True,1000,10.0,timeout,0.368,0.0337,-0.1841,0.0696,0.3663,0.0882,0.3201,0.0028,0.0118,0.0942,0.62,0.96,20.3155,2.8087,7.858
2106,1,3,amble,0.3,0.4,-0.25,True,1000,10.0,timeout,0.3784,0.036,-0.1683,0.0786,0.364,0.0992,0.3227,0.0025,0.0068,0.0935,0.63,0.9603,19.4376,3.6087,7.858
2107,2,3,amble,0.3,0.4,-0.25,True,1000,10.0,timeout,0.3482,0.0345,-0.1769,0.0589,0.3655,0.0888,0.3254,0.0029,0.0146,0.086,0.6303,0.96,18.7349,3.5437,7.858
2108,3,3,amble,0.3,0.4,-0.25,True,1000,10.0,timeout,0.3666,0.0361,-0.1725,0.0693,0.3639,0.0963,0.3247,0.003,0.0229,0.0882,0.6253,0.9653,18.6325,3.5574,7.858
2109,4,3,amble,0.3,0.4,-0.25,True,1000,10.0,timeout,0.3697,0.0337,-0.1698,0.0763,0.3663,0.0963,0.3263,0.0038,0.0114,0.0885,0.6293,0.9605,18.3308,3.0153,7.858
2110,0,3,amble,0.3,0.4,0.0,True,1000,10.0,timeout,0.3677,0.0373,0.031,0.0778,0.3627,0.0773,0.3212,0.0077,0.0077,0.0907,0.6205,0.9535,20.6412,3.3952,7.885
2111,1,3,amble,0.3,0.4,0.0,True,1000,10.0,timeout,0.3606,0.0319,0.0396,0.0914,0.3681,0.0876,0.324,0.0078,0.0123,0.0883,0.628,0.953,19.7507,3.9872,7.885
2112,2,3,amble,0.3,0.4,0.0,True,1000,10.0,timeout,0.3452,0.0341,0.0332,0.0638,0.3659,0.0736,0.3262,0.0071,0.0217,0.0872,0.6263,0.9533,18.8818,3.8982,7.885
2113,3,3,amble,0.3,0.4,0.0,True,1000,10.0,timeout,0.3637,0.0363,0.0312,0.0781,0.3637,0.0759,0.3257,0.0075,0.0206,0.0875,0.6205,0.9528,18.781,3.7948,7.885
2114,4,3,amble,0.3,0.4,0.0,True,1000,10.0,timeout,0.3668,0.0436,0.039,0.0872,0.3564,0.0815,0.3266,0.0073,0.0118,0.0902,0.6288,0.941,18.7181,4.2016,7.885
2115,0,3,amble,0.3,0.4,0.25,False,49,0.49,isaac_reset,0.3695,0.0388,0.2323,0.0815,0.3612,0.0921,0.3219,0.0116,0.0121,0.0917,0.605,0.94,20.7426,3.8576,1.052
2116,1,3,amble,0.3,0.4,0.25,False,49,0.49,isaac_reset,0.3772,0.0405,0.2479,0.0892,0.3595,0.0915,0.3242,0.0113,0.0163,0.0949,0.615,0.95,19.747,3.3387,1.052
2117,2,3,amble,0.3,0.4,0.25,False,49,0.49,isaac_reset,0.3481,0.0393,0.2386,0.0648,0.3607,0.0857,0.3269,0.011,0.0189,0.0863,0.62,0.965,19.0631,3.5221,1.052
2118,3,3,amble,0.3,0.4,0.25,False,49,0.49,isaac_reset,0.3704,0.0444,0.2428,0.0824,0.3556,0.0866,0.326,0.0112,0.0196,0.0851,0.61,0.945,19.0553,4.1104,1.052
2119,4,3,amble,0.3,0.4,0.25,False,49,0.49,isaac_reset,0.3725,0.0434,0.2496,0.0845,0.3566,0.0901,0.3274,0.0108,0.0174,0.0903,0.615,0.955,18.674,4.0913,1.052
2120,0,3,amble,0.3,0.4,0.5,True,1000,10.0,timeout,0.3807,0.0392,0.4544,0.0807,0.3608,0.098,0.3201,0.0029,0.0247,0.0955,0.62,0.96,20.6262,1.058,7.859
2121,1,3,amble,0.3,0.4,0.5,True,1000,10.0,timeout,0.3806,0.0403,0.4632,0.0806,0.3597,0.0936,0.3215,0.0034,0.028,0.0882,0.6245,0.9645,19.9715,1.0096,7.859
2122,2,3,amble,0.3,0.4,0.5,True,1000,10.0,timeout,0.3643,0.0477,0.4618,0.0671,0.3523,0.091,0.325,0.003,0.0275,0.086,0.6293,0.9598,19.0546,0.885,7.859
2123,3,3,amble,0.3,0.4,0.5,True,1000,10.0,timeout,0.3849,0.0469,0.4693,0.0849,0.3531,0.0919,0.3244,0.0034,0.0244,0.0824,0.6228,0.9628,18.9906,1.0281,7.859
2124,4,3,amble,0.3,0.4,0.5,True,1000,10.0,timeout,0.3861,0.0489,0.4689,0.0863,0.3511,0.0965,0.3258,0.0026,0.0237,0.0872,0.63,0.96,18.7583,1.0212,7.859
2125,0,3,amble,0.6,-0.4,-0.5,True,1000,10.0,timeout,0.4786,-0.056,-0.3929,0.1214,0.344,0.1136,0.3161,0.0047,0.0618,0.1036,0.6333,0.9675,21.4927,1.7229,7.863
2126,1,3,amble,0.6,-0.4,-0.5,True,1000,10.0,timeout,0.491,-0.0549,-0.3902,0.109,0.3451,0.1128,0.3181,0.004,0.0507,0.0954,0.6323,0.9673,20.4505,2.529,7.863
2127,2,3,amble,0.6,-0.4,-0.5,True,1000,10.0,timeout,0.4604,-0.0537,-0.383,0.1396,0.3463,0.1215,0.3226,0.0043,0.0585,0.0923,0.6353,0.9628,19.8319,1.993,7.863
2128,3,3,amble,0.6,-0.4,-0.5,True,1000,10.0,timeout,0.4876,-0.054,-0.3869,0.1124,0.346,0.1161,0.3216,0.0041,0.0487,0.0886,0.63,0.9695,19.5242,1.5303,7.863
2129,4,3,amble,0.6,-0.4,-0.5,True,1000,10.0,timeout,0.4973,-0.0573,-0.3802,0.1027,0.3427,0.1211,0.3229,0.0038,0.056,0.0905,0.6328,0.9628,19.5844,2.0802,7.863
2130,0,3,amble,0.6,-0.4,-0.25,True,1000,10.0,timeout,0.4859,-0.061,-0.1795,0.1142,0.339,0.0894,0.3179,0.0085,0.0675,0.1024,0.631,0.9508,21.4712,3.6991,7.863
2131,1,3,amble,0.6,-0.4,-0.25,True,1000,10.0,timeout,0.4703,-0.0542,-0.1788,0.1297,0.3458,0.0913,0.3212,0.0089,0.0668,0.0936,0.625,0.9605,20.4363,3.3282,7.863
2132,2,3,amble,0.6,-0.4,-0.25,True,1000,10.0,timeout,0.4725,-0.0573,-0.1804,0.1284,0.3427,0.0938,0.322,0.0084,0.0586,0.0926,0.6313,0.9545,19.8281,3.6187,7.863
2133,3,3,amble,0.6,-0.4,-0.25,True,1000,10.0,timeout,0.4793,-0.0603,-0.1749,0.1214,0.3397,0.0922,0.3227,0.0087,0.0634,0.0938,0.6283,0.952,19.5175,4.3445,7.863
2134,4,3,amble,0.6,-0.4,-0.25,True,1000,10.0,timeout,0.4536,-0.0587,-0.1742,0.1464,0.3413,0.0957,0.3249,0.008,0.0665,0.0886,0.6213,0.9453,19.4847,3.617,7.863
2135,0,3,amble,0.6,-0.4,0.0,False,49,0.49,isaac_reset,0.5018,-0.0647,0.0211,0.0998,0.3353,0.0667,0.3188,0.0125,0.0832,0.1035,0.625,0.955,21.7302,4.481,1.077
2136,1,3,amble,0.6,-0.4,0.0,False,49,0.49,isaac_reset,0.4842,-0.0595,0.0163,0.1158,0.3405,0.0643,0.3215,0.012,0.0835,0.0984,0.615,0.965,20.6745,3.9935,1.077
2137,2,3,amble,0.6,-0.4,0.0,False,49,0.49,isaac_reset,0.4895,-0.0579,0.0247,0.1105,0.3421,0.0699,0.3229,0.0119,0.0696,0.0927,0.61,0.945,19.943,4.0794,1.077
2138,3,3,amble,0.6,-0.4,0.0,False,49,0.49,isaac_reset,0.4888,-0.0565,0.0274,0.1112,0.3435,0.0697,0.3241,0.0117,0.0691,0.0909,0.61,0.955,19.3751,4.8154,1.077
2139,4,3,amble,0.6,-0.4,0.0,False,49,0.49,isaac_reset,0.4783,-0.0566,0.0166,0.1217,0.3434,0.069,0.3253,0.0114,0.0803,0.0916,0.61,0.95,19.5661,4.1496,1.077
2140,0,3,amble,0.6,-0.4,0.25,True,1000,10.0,timeout,0.496,-0.0623,0.236,0.104,0.3377,0.0682,0.316,0.0043,0.0674,0.1004,0.625,0.965,21.4581,4.019,7.874
2141,1,3,amble,0.6,-0.4,0.25,True,1000,10.0,timeout,0.487,-0.0591,0.2281,0.113,0.3409,0.0734,0.3203,0.0036,0.071,0.0972,0.62,0.96,20.4379,4.0835,7.874
2142,2,3,amble,0.6,-0.4,0.25,True,1000,10.0,timeout,0.4855,-0.0568,0.2286,0.1145,0.3432,0.075,0.3224,0.0034,0.0676,0.0935,0.62,0.96,19.7547,4.0489,7.874
2143,3,3,amble,0.6,-0.4,0.25,True,1000,10.0,timeout,0.4841,-0.0564,0.2275,0.1159,0.3436,0.0761,0.3234,0.0035,0.0696,0.0913,0.6203,0.9603,19.4364,4.0142,7.874
2144,4,3,amble,0.6,-0.4,0.25,True,1000,10.0,timeout,0.4842,-0.0557,0.2281,0.1158,0.3443,0.0761,0.3237,0.0034,0.0683,0.0914,0.62,0.96,19.3543,4.0184,7.874
2145,0,3,amble,0.6,-0.4,0.5,True,1000,10.0,timeout,0.4896,-0.0676,0.4568,0.1104,0.3324,0.0793,0.3166,0.0042,0.0595,0.0922,0.625,0.965,21.4487,4.2506,7.866
2146,1,3,amble,0.6,-0.4,0.5,True,1000,10.0,timeout,0.4878,-0.0658,0.4508,0.1123,0.3342,0.0864,0.3195,0.0048,0.0683,0.089,0.6255,0.964,20.5899,3.1612,7.866
2147,2,3,amble,0.6,-0.4,0.5,True,1000,10.0,timeout,0.5011,-0.0538,0.4524,0.0995,0.3462,0.0876,0.3232,0.003,0.0552,0.088,0.6293,0.96,19.8917,3.5573,7.866
2148,3,3,amble,0.6,-0.4,0.5,True,1000,10.0,timeout,0.4993,-0.0536,0.4532,0.1013,0.3464,0.0886,0.3244,0.0029,0.0549,0.0864,0.629,0.9598,19.4971,4.0523,7.866
2149,4,3,amble,0.6,-0.4,0.5,True,1000,10.0,timeout,0.4811,-0.0501,0.4393,0.119,0.3499,0.0932,0.3245,0.0033,0.0533,0.0824,0.62,0.96,19.3438,3.392,7.866
2150,0,3,amble,0.6,-0.2,-0.5,True,1000,10.0,timeout,0.4471,-0.0366,-0.3872,0.1529,0.1634,0.1204,0.3192,0.0083,0.0508,0.0937,0.636,0.959,21.3022,3.5014,7.851
2151,1,3,amble,0.6,-0.2,-0.5,True,1000,10.0,timeout,0.4555,-0.025,-0.3862,0.1445,0.175,0.1173,0.3221,0.0091,0.047,0.0889,0.6235,0.9535,20.3896,3.3423,7.851
2152,2,3,amble,0.6,-0.2,-0.5,True,1000,10.0,timeout,0.4699,-0.0268,-0.3861,0.1301,0.1732,0.1169,0.3228,0.0095,0.042,0.0855,0.6215,0.9585,19.7431,2.5319,7.851
2153,3,3,amble,0.6,-0.2,-0.5,True,1000,10.0,timeout,0.4671,-0.0226,-0.3817,0.1357,0.1774,0.121,0.324,0.0079,0.0465,0.088,0.625,0.954,19.5155,3.101,7.851
2154,4,3,amble,0.6,-0.2,-0.5,True,1000,10.0,timeout,0.4523,-0.0335,-0.3836,0.1477,0.1665,0.1195,0.3248,0.0082,0.0483,0.0868,0.623,0.9478,19.4019,3.3134,7.851
2155,0,3,amble,0.6,-0.2,-0.25,False,49,0.49,isaac_reset,0.4655,-0.0356,-0.1776,0.1345,0.1644,0.0908,0.3195,0.0122,0.0665,0.1011,0.625,0.965,21.5917,2.4592,1.079
2156,1,3,amble,0.6,-0.2,-0.25,False,49,0.49,isaac_reset,0.4766,-0.0342,-0.1803,0.1234,0.1658,0.0897,0.3216,0.0119,0.0658,0.0977,0.615,0.945,20.62,2.0669,1.079
2157,2,3,amble,0.6,-0.2,-0.25,False,49,0.49,isaac_reset,0.4889,-0.0352,-0.1815,0.1111,0.1648,0.0871,0.3224,0.0118,0.0535,0.0933,0.62,0.96,20.1121,2.7038,1.079
2158,3,3,amble,0.6,-0.2,-0.25,False,49,0.49,isaac_reset,0.4704,-0.0342,-0.178,0.1296,0.1658,0.0919,0.325,0.0114,0.0656,0.0929,0.61,0.95,19.5998,1.7005,1.079
2159,4,3,amble,0.6,-0.2,-0.25,False,49,0.49,isaac_reset,0.4718,-0.0326,-0.1752,0.1282,0.1674,0.0935,0.3253,0.0113,0.0639,0.0909,0.605,0.955,19.552,3.1662,1.079
2160,0,3,amble,0.6,-0.2,0.0,True,1000,10.0,timeout,0.4687,-0.0334,0.013,0.1313,0.1666,0.064,0.319,0.004,0.0669,0.0997,0.63,0.96,21.181,5.0964,7.848
2161,1,3,amble,0.6,-0.2,0.0,True,1000,10.0,timeout,0.484,-0.0332,0.0102,0.116,0.1668,0.0655,0.321,0.0038,0.0709,0.101,0.62,0.96,20.2691,5.2413,7.848
2162,2,3,amble,0.6,-0.2,0.0,True,1000,10.0,timeout,0.4991,-0.0306,0.0218,0.1009,0.1694,0.0694,0.3231,0.0036,0.0611,0.0982,0.63,0.96,19.6952,5.4333,7.848
2163,3,3,amble,0.6,-0.2,0.0,True,1000,10.0,timeout,0.4916,-0.0311,0.0203,0.1084,0.1689,0.069,0.323,0.004,0.0613,0.0946,0.6253,0.9653,19.3438,5.3052,7.848
2164,4,3,amble,0.6,-0.2,0.0,True,1000,10.0,timeout,0.4956,-0.0293,0.0232,0.1044,0.1707,0.0707,0.3244,0.0035,0.0597,0.0953,0.63,0.96,19.303,5.3306,7.848
2165,0,3,amble,0.6,-0.2,0.25,True,1000,10.0,timeout,0.4662,-0.0334,0.2219,0.1338,0.1666,0.0724,0.3189,0.0038,0.0642,0.0964,0.631,0.9605,21.2769,5.3865,7.89
2166,1,3,amble,0.6,-0.2,0.25,True,1000,10.0,timeout,0.4835,-0.0321,0.2199,0.1165,0.1679,0.0756,0.3212,0.0034,0.0606,0.095,0.6205,0.9603,20.3097,4.7424,7.89
2167,2,3,amble,0.6,-0.2,0.25,True,1000,10.0,timeout,0.4964,-0.0314,0.2347,0.1038,0.1686,0.0782,0.3233,0.0033,0.0571,0.0923,0.631,0.9595,19.8714,5.3358,7.89
2168,3,3,amble,0.6,-0.2,0.25,True,1000,10.0,timeout,0.4977,-0.0303,0.2335,0.1026,0.1697,0.0798,0.3246,0.0033,0.0552,0.09,0.6313,0.9598,19.5385,5.6616,7.89
2169,4,3,amble,0.6,-0.2,0.25,True,1000,10.0,timeout,0.5028,-0.0311,0.2352,0.0975,0.1689,0.0776,0.3245,0.0031,0.0589,0.0941,0.63,0.96,19.3219,4.7834,7.89
2170,0,3,amble,0.6,-0.2,0.5,True,1000,10.0,timeout,0.458,-0.0358,0.4464,0.142,0.1642,0.0835,0.3196,0.0079,0.0563,0.092,0.6275,0.955,21.2813,4.045,7.847
2171,1,3,amble,0.6,-0.2,0.5,True,1000,10.0,timeout,0.4749,-0.0284,0.4459,0.1251,0.1716,0.092,0.3221,0.0078,0.0458,0.0889,0.6165,0.955,20.371,2.7744,7.847
2172,2,3,amble,0.6,-0.2,0.5,True,1000,10.0,timeout,0.452,-0.0299,0.4335,0.149,0.1704,0.0994,0.325,0.0078,0.0565,0.0817,0.63,0.9443,19.6881,3.1845,7.847
2173,3,3,amble,0.6,-0.2,0.5,True,1000,10.0,timeout,0.482,-0.0245,0.4435,0.1267,0.1755,0.0935,0.3249,0.0076,0.048,0.0873,0.6183,0.9405,19.644,3.2627,7.847
2174,4,3,amble,0.6,-0.2,0.5,True,1000,10.0,timeout,0.4815,-0.0314,0.4522,0.1185,0.1686,0.0897,0.3245,0.0074,0.0465,0.0824,0.6203,0.9608,19.5019,3.5289,7.847
2175,0,3,amble,0.6,0.0,-0.5,False,49,0.49,isaac_reset,0.4517,-0.011,-0.3926,0.1483,0.0582,0.1121,0.3202,0.012,0.0453,0.092,0.62,0.95,21.1752,1.5169,1.078
2176,1,3,amble,0.6,0.0,-0.5,False,49,0.49,isaac_reset,0.4676,-0.0049,-0.389,0.1324,0.0563,0.1143,0.3223,0.0117,0.0399,0.0897,0.61,0.965,20.3088,1.5176,1.078
2177,2,3,amble,0.6,0.0,-0.5,False,49,0.49,isaac_reset,0.4538,-0.0068,-0.3858,0.1462,0.0537,0.1172,0.3253,0.0112,0.0391,0.0825,0.62,0.95,19.7695,2.3117,1.078
2178,3,3,amble,0.6,0.0,-0.5,False,49,0.49,isaac_reset,0.4635,-0.0049,-0.3889,0.1365,0.0564,0.1141,0.3257,0.0111,0.0338,0.0832,0.61,0.95,19.3959,2.124,1.078
2179,4,3,amble,0.6,0.0,-0.5,False,49,0.49,isaac_reset,0.4786,-0.0057,-0.384,0.1214,0.0678,0.1185,0.3243,0.0114,0.0306,0.0827,0.615,0.95,19.3603,2.255,1.078
2180,0,3,amble,0.6,0.0,-0.25,True,1000,10.0,timeout,0.4651,-0.0095,-0.1801,0.1349,0.0526,0.0859,0.3193,0.0034,0.0437,0.0942,0.63,0.96,21.0846,4.2925,7.859
2181,1,3,amble,0.6,0.0,-0.25,True,1000,10.0,timeout,0.4995,-0.0089,-0.176,0.1005,0.0568,0.0894,0.3211,0.0031,0.0347,0.092,0.63,0.96,20.3563,4.5878,7.859
2182,2,3,amble,0.6,0.0,-0.25,True,1000,10.0,timeout,0.4756,-0.0055,-0.1802,0.1244,0.0504,0.0862,0.3235,0.0029,0.0449,0.0896,0.62,0.96,19.6104,4.3631,7.859
2183,3,3,amble,0.6,0.0,-0.25,True,1000,10.0,timeout,0.4748,-0.005,-0.1806,0.1252,0.05,0.086,0.3246,0.0028,0.0416,0.086,0.62,0.96,19.2718,4.3397,7.859
2184,4,3,amble,0.6,0.0,-0.25,True,1000,10.0,timeout,0.4874,-0.0068,-0.1766,0.1126,0.0622,0.0882,0.3233,0.0032,0.0388,0.086,0.6268,0.9668,19.2694,4.4844,7.859
2185,0,3,amble,0.6,0.0,0.0,True,1000,10.0,timeout,0.5049,-0.0083,0.0202,0.0951,0.0545,0.0683,0.3184,0.0037,0.0513,0.1035,0.6293,0.9595,21.2336,5.2877,7.833
2186,1,3,amble,0.6,0.0,0.0,True,1000,10.0,timeout,0.4922,-0.0086,0.0199,0.1078,0.0605,0.0692,0.3202,0.0039,0.0497,0.0968,0.6258,0.9645,20.3199,3.9948,7.833
2187,2,3,amble,0.6,0.0,0.0,True,1000,10.0,timeout,0.4837,-0.0066,0.0133,0.1163,0.0466,0.0662,0.3237,0.0031,0.0515,0.0922,0.62,0.96,19.619,4.8917,7.833
2188,3,3,amble,0.6,0.0,0.0,True,1000,10.0,timeout,0.4959,-0.007,0.023,0.1041,0.0569,0.071,0.3237,0.0035,0.0448,0.0916,0.626,0.9648,19.3246,4.8534,7.833
2189,4,3,amble,0.6,0.0,0.0,True,1000,10.0,timeout,0.4883,-0.0013,0.0209,0.1117,0.058,0.0713,0.324,0.0035,0.0384,0.0879,0.6215,0.9635,19.2691,4.9348,7.833
2190,0,3,amble,0.6,0.0,0.25,True,1000,10.0,timeout,0.474,-0.0126,0.2141,0.126,0.0476,0.0775,0.3199,0.008,0.052,0.0999,0.6183,0.9495,21.1806,4.427,7.852
2191,1,3,amble,0.6,0.0,0.25,True,1000,10.0,timeout,0.4736,-0.0165,0.2166,0.1283,0.0518,0.0775,0.3222,0.0083,0.0543,0.0961,0.6208,0.9423,20.3983,4.6466,7.852
2192,2,3,amble,0.6,0.0,0.25,True,1000,10.0,timeout,0.4753,-0.0069,0.2238,0.1267,0.0472,0.0794,0.3247,0.0074,0.0462,0.0931,0.6193,0.9458,19.6622,4.6511,7.852
2193,3,3,amble,0.6,0.0,0.25,True,1000,10.0,timeout,0.4833,-0.004,0.2329,0.1167,0.0543,0.081,0.3246,0.0074,0.0385,0.0904,0.6168,0.9435,19.342,4.4597,7.852
2194,4,3,amble,0.6,0.0,0.25,True,1000,10.0,timeout,0.4672,-0.0067,0.2261,0.1328,0.044,0.0813,0.3256,0.0073,0.0522,0.091,0.6173,0.929,19.2109,4.4103,7.852
2195,0,3,amble,0.6,0.0,0.5,False,49,0.49,isaac_reset,0.4808,-0.0125,0.4303,0.1192,0.0479,0.0958,0.3203,0.0119,0.0401,0.0945,0.61,0.94,21.3378,4.1458,1.075
2196,1,3,amble,0.6,0.0,0.5,False,49,0.49,isaac_reset,0.4793,-0.0084,0.4331,0.1207,0.0464,0.0971,0.3232,0.0114,0.0375,0.0894,0.605,0.945,20.4643,3.7155,1.075
2197,2,3,amble,0.6,0.0,0.5,False,49,0.49,isaac_reset,0.4795,-0.0082,0.4339,0.1205,0.0438,0.0972,0.3253,0.0111,0.0368,0.085,0.61,0.96,19.9456,4.5585,1.075
2198,3,3,amble,0.6,0.0,0.5,False,49,0.49,isaac_reset,0.4852,-0.0051,0.4444,0.1148,0.0515,0.0954,0.3257,0.0112,0.0343,0.0817,0.615,0.965,19.5994,3.7685,1.075
2199,4,3,amble,0.6,0.0,0.5,False,49,0.49,isaac_reset,0.4798,-0.0053,0.4332,0.1202,0.0445,0.1003,0.3265,0.0109,0.0355,0.0828,0.605,0.96,19.4178,3.3311,1.075
2200,0,3,amble,0.6,0.2,-0.5,True,1000,10.0,timeout,0.4891,0.0261,-0.4099,0.1109,0.1739,0.0974,0.3167,0.0032,0.0111,0.0933,0.6308,0.9698,21.0214,1.9646,7.844
2201,1,3,amble,0.6,0.2,-0.5,True,1000,10.0,timeout,0.4747,0.0213,-0.4086,0.1253,0.1787,0.0973,0.3214,0.0027,0.0174,0.0892,0.6233,0.9633,19.9729,1.8761,7.844
2202,2,3,amble,0.6,0.2,-0.5,True,1000,10.0,timeout,0.4713,0.0204,-0.4082,0.1287,0.1796,0.0977,0.3236,0.0027,0.017,0.0842,0.62,0.96,19.3596,1.8855,7.844
2203,3,3,amble,0.6,0.2,-0.5,True,1000,10.0,timeout,0.4989,0.018,-0.394,0.1015,0.182,0.1091,0.3242,0.0031,0.0099,0.0836,0.6303,0.9603,19.2387,2.0345,7.844
2204,4,3,amble,0.6,0.2,-0.5,True,1000,10.0,timeout,0.4728,0.0203,-0.4042,0.1272,0.1797,0.1012,0.3248,0.0027,0.0207,0.0846,0.6205,0.96,18.984,1.9197,7.844
2205,0,3,amble,0.6,0.2,-0.25,True,1000,10.0,timeout,0.481,0.0153,-0.1923,0.1191,0.1847,0.081,0.3188,0.0036,0.0195,0.0952,0.623,0.959,21.0632,4.5513,7.851
2206,1,3,amble,0.6,0.2,-0.25,True,1000,10.0,timeout,0.4652,0.0129,-0.1825,0.1366,0.1871,0.0844,0.3221,0.0044,0.0219,0.0888,0.6343,0.9558,20.1496,4.5174,7.851
2207,2,3,amble,0.6,0.2,-0.25,True,1000,10.0,timeout,0.4919,0.0219,-0.1824,0.1081,0.1781,0.0874,0.3223,0.0029,0.0162,0.0874,0.6275,0.9668,19.5125,4.1526,7.851
2208,3,3,amble,0.6,0.2,-0.25,True,1000,10.0,timeout,0.4911,0.021,-0.1822,0.1089,0.179,0.0877,0.3234,0.0029,0.0181,0.0859,0.6268,0.967,19.1111,3.4697,7.851
2209,4,3,amble,0.6,0.2,-0.25,True,1000,10.0,timeout,0.4962,0.0162,-0.1795,0.1038,0.1838,0.0904,0.3245,0.0029,0.0173,0.0877,0.629,0.9555,19.1501,4.0623,7.851
2210,0,3,amble,0.6,0.2,0.0,True,1000,10.0,timeout,0.4787,0.0187,0.0148,0.1213,0.1813,0.0708,0.3203,0.0076,0.0157,0.0922,0.6218,0.9613,21.1462,4.1097,7.863
2211,1,3,amble,0.6,0.2,0.0,True,1000,10.0,timeout,0.4814,0.0279,0.0248,0.1186,0.1721,0.0724,0.3219,0.0081,0.0134,0.0881,0.621,0.9505,20.2319,4.5849,7.863
2212,2,3,amble,0.6,0.2,0.0,True,1000,10.0,timeout,0.4844,0.0191,0.0157,0.1177,0.1809,0.073,0.3235,0.0076,0.0211,0.0903,0.626,0.9483,19.7665,4.579,7.863
2213,3,3,amble,0.6,0.2,0.0,True,1000,10.0,timeout,0.4851,0.0272,0.0256,0.1149,0.1736,0.0744,0.3245,0.0076,0.0124,0.0855,0.6218,0.9603,19.2456,5.3164,7.863
2214,4,3,amble,0.6,0.2,0.0,True,1000,10.0,timeout,0.4798,0.0157,0.0163,0.1218,0.1843,0.0792,0.3263,0.0072,0.0133,0.0848,0.6295,0.9393,19.3071,4.5842,7.863
2215,0,3,amble,0.6,0.2,0.25,False,49,0.49,isaac_reset,0.4853,0.0172,0.219,0.1147,0.1828,0.0808,0.3208,0.0117,0.0242,0.097,0.615,0.955,21.2539,4.5477,1.046
2216,1,3,amble,0.6,0.2,0.25,False,49,0.49,isaac_reset,0.4892,0.0216,0.2322,0.1108,0.1784,0.0807,0.3225,0.0116,0.0171,0.0923,0.605,0.945,20.2749,4.5421,1.046
2217,2,3,amble,0.6,0.2,0.25,False,49,0.49,isaac_reset,0.4897,0.02,0.2299,0.1103,0.18,0.0821,0.3245,0.0114,0.0167,0.089,0.605,0.95,19.791,4.7888,1.046
2218,3,3,amble,0.6,0.2,0.25,False,49,0.49,isaac_reset,0.49,0.0228,0.2325,0.11,0.1772,0.081,0.3256,0.0112,0.0163,0.0867,0.605,0.945,19.4329,5.1296,1.046
2219,4,3,amble,0.6,0.2,0.25,False,49,0.49,isaac_reset,0.4959,0.0194,0.2275,0.1041,0.1806,0.0841,0.3273,0.0108,0.0149,0.0876,0.62,0.94,19.4193,4.5655,1.046
2220,0,3,amble,0.6,0.2,0.5,True,1000,10.0,timeout,0.496,0.0178,0.4441,0.104,0.1822,0.0929,0.3191,0.0025,0.0228,0.0969,0.622,0.962,21.1876,1.4918,7.888
2221,1,3,amble,0.6,0.2,0.5,True,1000,10.0,timeout,0.4794,0.0247,0.4588,0.1206,0.1753,0.0835,0.3232,0.0029,0.0199,0.087,0.63,0.96,20.2612,1.287,7.888
2222,2,3,amble,0.6,0.2,0.5,True,1000,10.0,timeout,0.5013,0.0198,0.4578,0.0987,0.1802,0.0884,0.3235,0.0033,0.0202,0.0844,0.62,0.96,19.7431,1.4181,7.888
2223,3,3,amble,0.6,0.2,0.5,True,1000,10.0,timeout,0.5062,0.0224,0.4603,0.0938,0.1776,0.0888,0.3246,0.0033,0.0176,0.0815,0.62,0.96,19.3971,1.369,7.888
2224,4,3,amble,0.6,0.2,0.5,True,1000,10.0,timeout,0.5037,0.0225,0.4596,0.0963,0.1775,0.0887,0.3248,0.0033,0.019,0.0817,0.62,0.96,19.3278,1.327,7.888
2225,0,3,amble,0.6,0.4,-0.5,True,1000,10.0,timeout,0.5028,0.047,-0.4069,0.1002,0.353,0.1021,0.3186,0.0036,0.0132,0.093,0.6338,0.9588,21.0546,2.3223,7.859
2226,1,3,amble,0.6,0.4,-0.5,True,1000,10.0,timeout,0.4625,0.0501,-0.4106,0.1375,0.3499,0.0978,0.3233,0.0037,0.0085,0.0804,0.6295,0.958,19.8034,2.6791,7.859
2227,2,3,amble,0.6,0.4,-0.5,True,1000,10.0,timeout,0.4664,0.0514,-0.4125,0.138,0.3493,0.0981,0.3244,0.0041,0.0098,0.0812,0.6338,0.956,19.3622,2.2113,7.859
2228,3,3,amble,0.6,0.4,-0.5,True,1000,10.0,timeout,0.4739,0.0478,-0.4155,0.1261,0.3522,0.0943,0.3251,0.0025,0.0042,0.0803,0.6205,0.9598,18.9542,2.5496,7.859
2229,4,3,amble,0.6,0.4,-0.5,True,1000,10.0,timeout,0.4745,0.0435,-0.4133,0.1273,0.3565,0.0984,0.3248,0.0042,0.0081,0.0831,0.6233,0.9578,18.964,2.5261,7.859
2230,0,3,amble,0.6,0.4,-0.25,True,1000,10.0,timeout,0.4939,0.0506,-0.1898,0.1064,0.3494,0.0916,0.32,0.0075,0.0205,0.0886,0.6275,0.956,20.9714,4.5044,7.847
2231,1,3,amble,0.6,0.4,-0.25,True,1000,10.0,timeout,0.4788,0.0565,-0.1939,0.1217,0.3435,0.087,0.3222,0.0083,0.0179,0.0818,0.6215,0.9485,20.1674,3.7939,7.847
2232,2,3,amble,0.6,0.4,-0.25,True,1000,10.0,timeout,0.4753,0.0446,-0.1978,0.125,0.3554,0.0859,0.324,0.0078,0.0097,0.0807,0.6263,0.9503,19.4565,3.8128,7.847
2233,3,3,amble,0.6,0.4,-0.25,True,1000,10.0,timeout,0.4785,0.0436,-0.1964,0.1216,0.3564,0.0865,0.3251,0.0076,0.0073,0.0782,0.6238,0.9575,19.0951,4.3143,7.847
2234,4,3,amble,0.6,0.4,-0.25,True,1000,10.0,timeout,0.4585,0.0379,-0.1969,0.1417,0.3621,0.0819,0.3263,0.0072,0.0061,0.0821,0.6213,0.9338,18.9677,3.115,7.847
2235,0,3,amble,0.6,0.4,0.0,False,49,0.49,isaac_reset,0.504,0.0458,0.025,0.0964,0.3542,0.0771,0.3209,0.0117,0.0165,0.0882,0.62,0.95,21.2615,3.9455,1.078
2236,1,3,amble,0.6,0.4,0.0,False,49,0.49,isaac_reset,0.4912,0.0497,0.0226,0.1088,0.3503,0.0735,0.3225,0.0116,0.0114,0.0826,0.615,0.95,20.3089,4.5813,1.078
2237,2,3,amble,0.6,0.4,0.0,False,49,0.49,isaac_reset,0.4941,0.0455,0.0231,0.106,0.3545,0.0705,0.3243,0.0113,0.0065,0.0809,0.615,0.965,19.6654,4.3715,1.078
2238,3,3,amble,0.6,0.4,0.0,False,49,0.49,isaac_reset,0.491,0.0468,0.0192,0.109,0.3532,0.0704,0.3256,0.0111,0.0066,0.0789,0.61,0.955,19.3385,4.0129,1.078
2239,4,3,amble,0.6,0.4,0.0,False,49,0.49,isaac_reset,0.4764,0.0427,0.0092,0.1236,0.3573,0.0683,0.327,0.0108,0.0052,0.0787,0.61,0.95,19.1524,2.9572,1.078
2240,0,3,amble,0.6,0.4,0.25,True,1000,10.0,timeout,0.5021,0.045,0.2226,0.0979,0.355,0.0807,0.3192,0.0027,0.0068,0.0967,0.625,0.965,21.2053,4.1719,7.851
2241,1,3,amble,0.6,0.4,0.25,True,1000,10.0,timeout,0.5104,0.0478,0.2364,0.0896,0.3522,0.0834,0.3207,0.0031,0.0062,0.0928,0.6233,0.9633,20.4431,4.1656,7.851
2242,2,3,amble,0.6,0.4,0.25,True,1000,10.0,timeout,0.5074,0.0471,0.2353,0.0926,0.3529,0.0825,0.323,0.0031,0.0056,0.0892,0.62,0.96,19.7791,4.1527,7.851
2243,3,3,amble,0.6,0.4,0.25,True,1000,10.0,timeout,0.5064,0.0465,0.2341,0.0936,0.3535,0.0822,0.3241,0.0032,0.0058,0.0889,0.6203,0.9603,19.4441,4.2537,7.851
2244,4,3,amble,0.6,0.4,0.25,True,1000,10.0,timeout,0.4946,0.0457,0.2271,0.1054,0.3543,0.0813,0.3254,0.0026,0.0082,0.0864,0.62,0.96,19.2013,4.148,7.851
2245,0,3,amble,0.6,0.4,0.5,True,1000,10.0,timeout,0.5077,0.0408,0.4496,0.0937,0.3592,0.0923,0.3193,0.0035,0.0174,0.0963,0.6243,0.962,21.3278,3.8044,7.865
2246,1,3,amble,0.6,0.4,0.5,True,1000,10.0,timeout,0.4948,0.0452,0.4602,0.1109,0.3548,0.0912,0.3232,0.0039,0.0137,0.0912,0.6353,0.9568,20.469,3.7412,7.865
2247,2,3,amble,0.6,0.4,0.5,True,1000,10.0,timeout,0.4911,0.0577,0.4652,0.1089,0.3423,0.0845,0.3256,0.0032,0.0076,0.0818,0.6295,0.9605,19.6361,2.8713,7.865
2248,3,3,amble,0.6,0.4,0.5,True,1000,10.0,timeout,0.4941,0.0527,0.463,0.1081,0.3473,0.087,0.3266,0.0035,0.0119,0.082,0.633,0.9583,19.3993,3.9359,7.865
2249,4,3,amble,0.6,0.4,0.5,True,1000,10.0,timeout,0.5056,0.0443,0.4509,0.0956,0.3557,0.0996,0.3251,0.0043,0.0164,0.0826,0.623,0.955,19.4697,3.2935,7.865
2250,0,3,amble,0.9,-0.4,-0.5,True,1000,10.0,timeout,0.5887,-0.0528,-0.3923,0.3113,0.3472,0.1147,0.3179,0.009,0.0447,0.0938,0.6283,0.9393,21.7276,4.1527,7.867
2251,1,3,amble,0.9,-0.4,-0.5,True,1000,10.0,timeout,0.5877,-0.0553,-0.3975,0.3123,0.3447,0.1117,0.3215,0.0091,0.0467,0.0896,0.6288,0.9448,20.9268,3.5877,7.867
2252,2,3,amble,0.9,-0.4,-0.5,True,1000,10.0,timeout,0.5918,-0.0477,-0.3883,0.3082,0.3523,0.1161,0.3239,0.0083,0.0407,0.0799,0.626,0.9555,20.2377,3.5257,7.867
2253,3,3,amble,0.9,-0.4,-0.5,True,1000,10.0,timeout,0.6073,-0.0528,-0.384,0.2927,0.3472,0.121,0.3222,0.0096,0.0376,0.0851,0.6328,0.9508,20.1514,3.3637,7.867
2254,4,3,amble,0.9,-0.4,-0.5,True,1000,10.0,timeout,0.6256,-0.0526,-0.3963,0.2744,0.3474,0.11,0.3246,0.0088,0.044,0.0828,0.6293,0.935,20.1335,4.3142,7.867
2255,0,3,amble,0.9,-0.4,-0.25,False,49,0.49,isaac_reset,0.6045,-0.0578,-0.1884,0.2955,0.3422,0.0819,0.3187,0.0128,0.0593,0.0977,0.615,0.945,21.8949,3.1807,1.079
2256,1,3,amble,0.9,-0.4,-0.25,False,49,0.49,isaac_reset,0.6078,-0.0582,-0.185,0.2922,0.3418,0.0831,0.3218,0.0122,0.0565,0.0918,0.62,0.94,21.228,3.2575,1.079
2257,2,3,amble,0.9,-0.4,-0.25,False,49,0.49,isaac_reset,0.6083,-0.0572,-0.1849,0.2917,0.3428,0.0831,0.3243,0.0119,0.0555,0.0866,0.62,0.95,20.6003,3.0587,1.079
2258,3,3,amble,0.9,-0.4,-0.25,False,49,0.49,isaac_reset,0.6405,-0.0632,-0.1881,0.2595,0.3368,0.0844,0.3238,0.0121,0.053,0.0859,0.615,0.965,20.1132,2.5262,1.079
2259,4,3,amble,0.9,-0.4,-0.25,False,49,0.49,isaac_reset,0.6462,-0.0601,-0.1905,0.2538,0.3399,0.0831,0.3253,0.0118,0.0523,0.0852,0.62,0.95,20.2278,3.0115,1.079
2260,0,3,amble,0.9,-0.4,0.0,True,1000,10.0,timeout,0.6064,-0.0601,0.0126,0.2936,0.3399,0.0689,0.3178,0.0049,0.0693,0.1011,0.63,0.96,21.7392,6.587,7.841
2261,1,3,amble,0.9,-0.4,0.0,True,1000,10.0,timeout,0.6216,-0.0618,0.0086,0.2784,0.3382,0.0716,0.3201,0.0047,0.0723,0.098,0.62,0.96,20.8717,6.6939,7.841
2262,2,3,amble,0.9,-0.4,0.0,True,1000,10.0,timeout,0.6108,-0.058,0.016,0.2892,0.342,0.0734,0.3235,0.0044,0.0652,0.0895,0.63,0.96,20.1572,6.616,7.841
2263,3,3,amble,0.9,-0.4,0.0,True,1000,10.0,timeout,0.6366,-0.0615,0.0137,0.2634,0.3385,0.0741,0.3229,0.0046,0.0584,0.0882,0.62,0.96,19.8667,6.8523,7.841
2264,4,3,amble,0.9,-0.4,0.0,True,1000,10.0,timeout,0.6498,-0.0596,0.0126,0.2502,0.3404,0.0739,0.3247,0.0042,0.0637,0.0878,0.63,0.96,19.9358,7.0519,7.841
2265,0,3,amble,0.9,-0.4,0.25,True,1000,10.0,timeout,0.6106,-0.0662,0.2343,0.2894,0.3338,0.0741,0.3182,0.0041,0.0635,0.0988,0.63,0.9598,21.8414,6.0326,7.869
2266,1,3,amble,0.9,-0.4,0.25,True,1000,10.0,timeout,0.6242,-0.0718,0.2263,0.2758,0.3282,0.0809,0.3199,0.0053,0.0654,0.097,0.6223,0.9593,21.0588,6.794,7.869
2267,2,3,amble,0.9,-0.4,0.25,True,1000,10.0,timeout,0.624,-0.0656,0.2301,0.276,0.3344,0.0842,0.3236,0.0065,0.0581,0.0912,0.622,0.957,20.1659,6.5105,7.869
2268,3,3,amble,0.9,-0.4,0.25,True,1000,10.0,timeout,0.6063,-0.0676,0.2406,0.2937,0.3324,0.0819,0.3249,0.0049,0.0552,0.0865,0.6323,0.9598,19.8436,7.906,7.869
2269,4,3,amble,0.9,-0.4,0.25,True,1000,10.0,timeout,0.6375,-0.0687,0.2244,0.2625,0.3313,0.0895,0.3245,0.005,0.0727,0.0905,0.6308,0.95,20.0973,6.6494,7.869
2270,0,3,amble,0.9,-0.4,0.5,True,1000,10.0,timeout,0.6218,-0.0741,0.4552,0.2782,0.3259,0.0935,0.3187,0.0103,0.0493,0.0935,0.624,0.9518,21.9234,4.4659,7.869
2271,1,3,amble,0.9,-0.4,0.5,True,1000,10.0,timeout,0.6126,-0.0722,0.4489,0.2874,0.3278,0.1006,0.3219,0.0078,0.053,0.0899,0.6168,0.9563,21.003,4.4648,7.869
2272,2,3,amble,0.9,-0.4,0.5,True,1000,10.0,timeout,0.5996,-0.0609,0.4555,0.3004,0.3391,0.0958,0.3256,0.0085,0.0479,0.0854,0.6275,0.9358,20.3057,4.1177,7.869
2273,3,3,amble,0.9,-0.4,0.5,True,1000,10.0,timeout,0.6272,-0.0703,0.4519,0.2728,0.3297,0.099,0.3264,0.0073,0.0503,0.0833,0.6258,0.9373,20.0546,3.9143,7.869
2274,4,3,amble,0.9,-0.4,0.5,True,1000,10.0,timeout,0.6311,-0.073,0.4524,0.2689,0.327,0.0979,0.3267,0.0077,0.0483,0.0798,0.6263,0.9558,20.1032,3.8038,7.869
2275,0,3,amble,0.9,-0.2,-0.5,False,49,0.49,isaac_reset,0.6165,-0.0252,-0.3882,0.2835,0.1748,0.1187,0.3172,0.0128,0.0277,0.089,0.62,0.95,21.8183,1.62,1.047
2276,1,3,amble,0.9,-0.2,-0.5,False,49,0.49,isaac_reset,0.6062,-0.0321,-0.3964,0.2938,0.1679,0.1094,0.3216,0.0121,0.0407,0.0839,0.605,0.965,20.9666,1.8362,1.047
2277,2,3,amble,0.9,-0.2,-0.5,False,49,0.49,isaac_reset,0.5993,-0.0293,-0.3856,0.3007,0.1707,0.118,0.3249,0.0117,0.0359,0.0762,0.615,0.95,20.2599,2.6052,1.047
2278,3,3,amble,0.9,-0.2,-0.5,False,49,0.49,isaac_reset,0.6449,-0.0307,-0.3896,0.2551,0.1693,0.1122,0.3251,0.0118,0.0339,0.076,0.615,0.955,20.1478,2.7461,1.047
2279,4,3,amble,0.9,-0.2,-0.5,False,49,0.49,isaac_reset,0.6389,-0.0279,-0.3864,0.2611,0.1721,0.1152,0.3256,0.0118,0.0359,0.0784,0.615,0.945,20.1068,2.3888,1.047
2280,0,3,amble,0.9,-0.2,-0.25,True,1000,10.0,timeout,0.6335,-0.0341,-0.1915,0.2665,0.1659,0.0799,0.3161,0.0044,0.0462,0.0953,0.6285,0.9685,21.844,5.685,7.857
2281,1,3,amble,0.9,-0.2,-0.25,True,1000,10.0,timeout,0.6193,-0.0348,-0.19,0.2807,0.1652,0.0785,0.3206,0.004,0.0565,0.0898,0.62,0.96,20.9702,5.5847,7.857
2282,2,3,amble,0.9,-0.2,-0.25,True,1000,10.0,timeout,0.6085,-0.031,-0.1783,0.2915,0.169,0.0852,0.3238,0.0044,0.0521,0.0841,0.6305,0.96,20.2817,5.607,7.857
2283,3,3,amble,0.9,-0.2,-0.25,True,1000,10.0,timeout,0.6109,-0.0318,-0.1762,0.2891,0.1682,0.0861,0.3252,0.004,0.046,0.0786,0.63,0.96,19.9165,5.5724,7.857
2284,4,3,amble,0.9,-0.2,-0.25,True,1000,10.0,timeout,0.6537,-0.0319,-0.1856,0.2463,0.1681,0.0818,0.3247,0.0043,0.0486,0.0807,0.63,0.96,20.0335,5.9239,7.857
2285,0,3,amble,0.9,-0.2,0.0,True,1000,10.0,timeout,0.6446,-0.0359,0.0066,0.2554,0.1641,0.0686,0.3181,0.0045,0.061,0.1008,0.6305,0.9598,21.9727,6.4328,7.861
2286,1,3,amble,0.9,-0.2,0.0,True,1000,10.0,timeout,0.6227,-0.0404,0.0116,0.2773,0.1598,0.0725,0.3201,0.0053,0.0551,0.0926,0.622,0.9603,20.8565,6.3165,7.861
2287,2,3,amble,0.9,-0.2,0.0,True,1000,10.0,timeout,0.6232,-0.0327,0.0116,0.2768,0.1673,0.0746,0.3232,0.004,0.0568,0.092,0.6198,0.957,20.2167,5.8619,7.861
2288,3,3,amble,0.9,-0.2,0.0,True,1000,10.0,timeout,0.608,-0.0342,0.0234,0.292,0.1658,0.0756,0.3255,0.0043,0.0537,0.0851,0.634,0.9583,19.8726,6.9541,7.861
2289,4,3,amble,0.9,-0.2,0.0,True,1000,10.0,timeout,0.6518,-0.0343,0.0163,0.2482,0.1657,0.074,0.3253,0.0041,0.0536,0.0855,0.63,0.96,19.9535,6.6568,7.861
2290,0,3,amble,0.9,-0.2,0.25,True,1000,10.0,timeout,0.6279,-0.0439,0.2236,0.2722,0.1563,0.0809,0.3194,0.0084,0.0563,0.0975,0.6318,0.945,21.9868,6.2898,7.855
2291,1,3,amble,0.9,-0.2,0.25,True,1000,10.0,timeout,0.6043,-0.0394,0.2147,0.2957,0.1607,0.0879,0.3219,0.0084,0.0549,0.0941,0.6185,0.9438,20.8718,5.0839,7.855
2292,2,3,amble,0.9,-0.2,0.25,True,1000,10.0,timeout,0.5962,-0.0351,0.2311,0.3038,0.1663,0.0844,0.3252,0.008,0.0493,0.0903,0.6278,0.937,20.4016,5.5334,7.855
2293,3,3,amble,0.9,-0.2,0.25,True,1000,10.0,timeout,0.5992,-0.0383,0.233,0.3008,0.1617,0.0834,0.3266,0.0078,0.0474,0.0823,0.627,0.956,19.9438,5.7073,7.855
2294,4,3,amble,0.9,-0.2,0.25,True,1000,10.0,timeout,0.6168,-0.0421,0.2257,0.2832,0.1579,0.0861,0.3256,0.0077,0.0502,0.0861,0.6173,0.9563,19.9042,5.7069,7.855
2295,0,3,amble,0.9,-0.2,0.5,False,49,0.49,isaac_reset,0.6339,-0.057,0.4459,0.2661,0.143,0.0974,0.3205,0.012,0.0547,0.0947,0.615,0.94,22.097,4.5241,1.067
2296,1,3,amble,0.9,-0.2,0.5,False,49,0.49,isaac_reset,0.6194,-0.0498,0.442,0.2806,0.1502,0.099,0.3229,0.0115,0.0496,0.0907,0.61,0.96,21.1017,5.3426,1.067
2297,2,3,amble,0.9,-0.2,0.5,False,49,0.49,isaac_reset,0.6081,-0.0423,0.4515,0.2919,0.1577,0.0952,0.3267,0.011,0.0446,0.0825,0.62,0.95,20.3662,4.5768,1.067
2298,3,3,amble,0.9,-0.2,0.5,False,49,0.49,isaac_reset,0.6116,-0.0433,0.4432,0.2884,0.1567,0.0989,0.3283,0.0108,0.043,0.078,0.62,0.96,19.9971,5.0334,1.067
2299,4,3,amble,0.9,-0.2,0.5,False,49,0.49,isaac_reset,0.6191,-0.0473,0.4376,0.2809,0.1527,0.104,0.3268,0.011,0.046,0.0831,0.61,0.96,20.0266,5.1375,1.067
2300,0,3,amble,0.9,0.0,-0.5,True,1000,10.0,timeout,0.6033,0.0013,-0.3999,0.2967,0.0573,0.1056,0.3185,0.0039,0.008,0.0834,0.6335,0.9635,21.4575,2.5003,7.852
2301,1,3,amble,0.9,0.0,-0.5,True,1000,10.0,timeout,0.6049,-0.0015,-0.3969,0.2951,0.0549,0.1076,0.3218,0.0039,0.0091,0.078,0.63,0.96,20.6067,2.5345,7.852
2302,2,3,amble,0.9,0.0,-0.5,True,1000,10.0,timeout,0.6266,0.0009,-0.4012,0.2734,0.0685,0.1121,0.3209,0.0046,0.0107,0.0821,0.6278,0.9628,20.2383,2.6131,7.852
2303,3,3,amble,0.9,0.0,-0.5,True,1000,10.0,timeout,0.6468,0.0003,-0.3941,0.2532,0.0608,0.1091,0.3241,0.0042,0.007,0.078,0.6303,0.9598,19.8278,2.8142,7.852
2304,4,3,amble,0.9,0.0,-0.5,True,1000,10.0,timeout,0.6105,-0.0025,-0.4046,0.2895,0.0561,0.1019,0.3241,0.0043,0.0204,0.0778,0.6225,0.9588,19.8397,2.5742,7.852
2305,0,3,amble,0.9,0.0,-0.25,True,1000,10.0,timeout,0.6238,-0.0014,-0.1834,0.2762,0.0653,0.0862,0.3171,0.0048,0.0111,0.0827,0.6225,0.9605,21.8105,5.2145,7.85
2306,1,3,amble,0.9,0.0,-0.25,True,1000,10.0,timeout,0.6253,-0.0068,-0.1895,0.2747,0.0655,0.0854,0.3197,0.0043,0.0159,0.0843,0.6295,0.9638,20.8929,5.4307,7.85
2307,2,3,amble,0.9,0.0,-0.25,True,1000,10.0,timeout,0.6232,-0.0083,-0.1779,0.2768,0.0648,0.0882,0.3217,0.0052,0.0167,0.083,0.6308,0.9628,20.2222,5.9228,7.85
2308,3,3,amble,0.9,0.0,-0.25,True,1000,10.0,timeout,0.6513,-0.0047,-0.1798,0.2487,0.0538,0.0858,0.325,0.0039,0.016,0.0755,0.6295,0.9605,19.8701,5.297,7.85
2309,4,3,amble,0.9,0.0,-0.25,True,1000,10.0,timeout,0.6558,-0.0073,-0.1786,0.2442,0.0534,0.0862,0.3251,0.0039,0.0208,0.0761,0.63,0.96,19.8857,6.787,7.85
2310,0,3,amble,0.9,0.0,0.0,True,1000,10.0,timeout,0.6339,-0.0152,0.0107,0.2661,0.0562,0.0666,0.3197,0.0088,0.0435,0.0953,0.6305,0.9485,21.9365,5.4002,7.851
2311,1,3,amble,0.9,0.0,0.0,True,1000,10.0,timeout,0.5948,-0.006,0.0214,0.3055,0.0524,0.0715,0.3231,0.0079,0.0368,0.0903,0.6323,0.9358,21.0396,6.2502,7.851
2312,2,3,amble,0.9,0.0,0.0,True,1000,10.0,timeout,0.6308,-0.0112,0.0108,0.2699,0.0534,0.0798,0.3249,0.0082,0.0396,0.0878,0.631,0.933,20.6372,4.6859,7.851
2313,3,3,amble,0.9,0.0,0.0,True,1000,10.0,timeout,0.5898,-0.0096,0.0256,0.3102,0.0455,0.0731,0.3269,0.0077,0.0324,0.0818,0.6275,0.9383,19.8584,5.2545,7.851
2314,4,3,amble,0.9,0.0,0.0,True,1000,10.0,timeout,0.5867,-0.0055,0.0247,0.3133,0.0454,0.0709,0.3272,0.0074,0.0287,0.0802,0.6275,0.9258,19.7542,6.1781,7.851
2315,0,3,amble,0.9,0.0,0.25,False,49,0.49,isaac_reset,0.6359,-0.0117,0.222,0.2641,0.0492,0.0795,0.3212,0.0119,0.0338,0.093,0.615,0.95,21.8055,5.9752,1.083
2316,1,3,amble,0.9,0.0,0.25,False,49,0.49,isaac_reset,0.601,-0.0087,0.2326,0.299,0.0451,0.0746,0.3247,0.0113,0.0297,0.0859,0.62,0.96,20.9053,5.7948,1.083
2317,2,3,amble,0.9,0.0,0.25,False,49,0.49,isaac_reset,0.6397,-0.0103,0.2264,0.2603,0.0451,0.0834,0.3268,0.0111,0.0276,0.0817,0.615,0.94,20.2095,6.1707,1.083
2318,3,3,amble,0.9,0.0,0.25,False,49,0.49,isaac_reset,0.6105,-0.0098,0.2267,0.2895,0.0414,0.0792,0.3285,0.0108,0.0264,0.0771,0.62,0.96,19.8967,5.8345,1.083
2319,4,3,amble,0.9,0.0,0.25,False,49,0.49,isaac_reset,0.6084,-0.0115,0.2295,0.2916,0.0415,0.0819,0.3287,0.0108,0.0254,0.0771,0.615,0.94,19.6471,6.7977,1.083
2320,0,3,amble,0.9,0.0,0.5,True,1000,10.0,timeout,0.6207,-0.0148,0.4577,0.2793,0.0484,0.0803,0.3201,0.0028,0.0238,0.0918,0.63,0.96,21.6243,1.7318,7.535
2321,1,3,amble,0.9,0.0,0.5,True,1000,10.0,timeout,0.6194,-0.0149,0.459,0.2806,0.0456,0.0833,0.3235,0.0029,0.0224,0.0855,0.63,0.96,20.7051,1.6719,7.535
2322,2,3,amble,0.9,0.0,0.5,True,1000,10.0,timeout,0.6453,-0.0205,0.4516,0.2547,0.0521,0.092,0.3238,0.0034,0.0277,0.0845,0.6203,0.96,20.1715,1.9215,7.535
2323,3,3,amble,0.9,0.0,0.5,True,1000,10.0,timeout,0.6267,-0.0149,0.4569,0.2733,0.0422,0.0873,0.3271,0.0031,0.0207,0.0769,0.63,0.96,19.7499,1.7338,7.535
2324,4,3,amble,0.9,0.0,0.5,True,1000,10.0,timeout,0.6614,-0.0209,0.4542,0.2386,0.0449,0.0927,0.3268,0.0031,0.03,0.0809,0.6295,0.9595,19.8838,1.949,7.535
2325,0,3,amble,0.9,0.2,-0.5,True,1000,10.0,timeout,0.6402,0.0267,-0.4089,0.2598,0.1733,0.1038,0.3185,0.0045,0.0153,0.0836,0.6325,0.96,21.5538,2.9043,3.298
2326,1,3,amble,0.9,0.2,-0.5,True,1000,10.0,timeout,0.6311,0.0242,-0.4033,0.2689,0.1759,0.1075,0.3209,0.0061,0.0162,0.0849,0.636,0.9533,20.8415,3.3271,3.298
2327,2,3,amble,0.9,0.2,-0.5,True,1000,10.0,timeout,0.6143,0.0306,-0.4213,0.2866,0.1733,0.0992,0.3227,0.0048,0.0087,0.0836,0.6243,0.9518,20.2286,2.568,3.298
2328,3,3,amble,0.9,0.2,-0.5,True,1000,10.0,timeout,0.6206,0.0304,-0.4079,0.2794,0.1696,0.1039,0.3234,0.0037,0.0113,0.0734,0.626,0.964,19.7011,3.1029,3.298
2329,4,3,amble,0.9,0.2,-0.5,True,1000,10.0,timeout,0.593,0.0221,-0.399,0.307,0.1779,0.1094,0.3249,0.0059,0.0104,0.0768,0.636,0.948,19.61,3.2878,3.298
2330,0,3,amble,0.9,0.2,-0.25,True,1000,10.0,timeout,0.6142,0.0312,-0.1904,0.2858,0.1695,0.0905,0.3183,0.0085,0.0192,0.085,0.6268,0.9495,21.7307,5.3049,3.29
2331,1,3,amble,0.9,0.2,-0.25,True,1000,10.0,timeout,0.6223,0.0192,-0.1824,0.2777,0.1808,0.0904,0.3224,0.0076,0.0163,0.0818,0.6295,0.932,20.7677,5.5122,3.29
2332,2,3,amble,0.9,0.2,-0.25,True,1000,10.0,timeout,0.6003,0.0234,-0.1795,0.2997,0.1766,0.0933,0.3227,0.0087,0.0161,0.0823,0.6285,0.9368,20.1647,5.8965,3.29
2333,3,3,amble,0.9,0.2,-0.25,True,1000,10.0,timeout,0.6038,0.0143,-0.192,0.2962,0.1857,0.0821,0.3252,0.0073,0.0125,0.0772,0.617,0.9338,19.8164,5.0082,3.29
2334,4,3,amble,0.9,0.2,-0.25,True,1000,10.0,timeout,0.6307,0.0195,-0.1812,0.2693,0.1805,0.0926,0.3258,0.0076,0.0147,0.0769,0.6258,0.9233,19.8223,5.1264,3.29
2335,0,3,amble,0.9,0.2,0.0,False,49,0.49,isaac_reset,0.6226,0.0228,0.0239,0.2774,0.1772,0.0736,0.3195,0.012,0.0183,0.0787,0.61,0.95,21.7867,5.4812,0.447
2336,1,3,amble,0.9,0.2,0.0,False,49,0.49,isaac_reset,0.6416,0.0102,0.0117,0.2584,0.1898,0.0671,0.3241,0.0114,0.0092,0.0755,0.615,0.94,21.0158,5.4461,0.447
2337,2,3,amble,0.9,0.2,0.0,False,49,0.49,isaac_reset,0.6261,0.0184,0.0196,0.2739,0.1816,0.0684,0.3247,0.0113,0.0125,0.0698,0.61,0.96,20.1947,5.3307,0.447
2338,3,3,amble,0.9,0.2,0.0,False,49,0.49,isaac_reset,0.6211,0.0068,0.0102,0.2789,0.1932,0.0673,0.3271,0.011,0.0094,0.0712,0.61,0.94,19.9528,5.0231,0.447
2339,4,3,amble,0.9,0.2,0.0,False,49,0.49,isaac_reset,0.6471,0.0078,0.0118,0.2529,0.1922,0.0683,0.3277,0.0109,0.0075,0.07,0.615,0.945,19.9843,5.952,0.447
2340,0,3,amble,0.9,0.2,0.25,True,1000,10.0,timeout,0.647,0.0163,0.2257,0.253,0.1837,0.0745,0.3178,0.0034,0.0088,0.0905,0.6248,0.9648,21.9196,5.3862,3.291
2341,1,3,amble,0.9,0.2,0.25,True,1000,10.0,timeout,0.6598,0.0105,0.2257,0.2402,0.1895,0.0778,0.3229,0.0033,0.0098,0.0871,0.63,0.96,20.9118,5.4634,3.291
2342,2,3,amble,0.9,0.2,0.25,True,1000,10.0,timeout,0.6377,0.0116,0.2201,0.2623,0.1884,0.0784,0.3247,0.0033,0.0108,0.0827,0.6203,0.9603,20.2046,5.3561,3.291
2343,3,3,amble,0.9,0.2,0.25,True,1000,10.0,timeout,0.6448,0.0115,0.2234,0.2552,0.1885,0.0773,0.3259,0.0032,0.0066,0.0792,0.62,0.96,19.8628,5.3826,3.291
2344,4,3,amble,0.9,0.2,0.25,True,1000,10.0,timeout,0.6641,0.0082,0.2294,0.2359,0.1918,0.0794,0.3264,0.0042,0.0083,0.0799,0.6313,0.959,19.8785,5.4404,3.291
2345,0,3,amble,0.9,0.2,0.5,True,1000,10.0,timeout,0.6499,0.0071,0.4522,0.2501,0.1929,0.0875,0.3184,0.0034,0.0069,0.0932,0.62,0.96,21.7772,4.8312,3.289
2346,1,3,amble,0.9,0.2,0.5,True,1000,10.0,timeout,0.6358,0.0073,0.4462,0.2642,0.1927,0.0912,0.3226,0.0035,0.0096,0.0882,0.623,0.9588,20.8656,4.2432,3.289
2347,2,3,amble,0.9,0.2,0.5,True,1000,10.0,timeout,0.67,0.0057,0.453,0.23,0.1943,0.0898,0.3257,0.0033,0.0074,0.0798,0.63,0.96,20.2353,4.9474,3.289
2348,3,3,amble,0.9,0.2,0.5,True,1000,10.0,timeout,0.6306,0.0073,0.4599,0.2694,0.1927,0.088,0.3272,0.0042,0.0081,0.0763,0.632,0.9583,19.8432,4.933,3.289
2349,4,3,amble,0.9,0.2,0.5,True,1000,10.0,timeout,0.6298,0.0051,0.4539,0.2706,0.1949,0.0909,0.3266,0.0057,0.0151,0.08,0.634,0.949,19.8456,5.4482,3.289
2350,0,3,amble,0.9,0.4,-0.5,True,1000,10.0,timeout,0.6195,0.0559,-0.4134,0.2805,0.3441,0.1065,0.321,0.0082,0.0306,0.0759,0.624,0.9415,21.527,4.6454,3.289
2351,1,3,amble,0.9,0.4,-0.5,True,1000,10.0,timeout,0.582,0.0508,-0.3971,0.318,0.3492,0.1146,0.3239,0.0076,0.0188,0.0742,0.63,0.9388,20.5163,4.1411,3.289
2352,2,3,amble,0.9,0.4,-0.5,True,1000,10.0,timeout,0.6011,0.0571,-0.4043,0.2991,0.3429,0.1112,0.3238,0.0076,0.0224,0.0719,0.628,0.9398,20.1971,3.87,3.289
2353,3,3,amble,0.9,0.4,-0.5,True,1000,10.0,timeout,0.5875,0.0493,-0.4041,0.3125,0.3507,0.1097,0.3267,0.0075,0.0159,0.0728,0.631,0.9383,19.6027,4.1871,3.289
2354,4,3,amble,0.9,0.4,-0.5,True,1000,10.0,timeout,0.5991,0.0502,-0.4208,0.3009,0.3498,0.0968,0.3265,0.0075,0.0109,0.0683,0.6173,0.9568,19.4456,3.9532,3.289
2355,0,3,amble,0.9,0.4,-0.25,False,49,0.49,isaac_reset,0.6395,0.0498,-0.1925,0.2605,0.3502,0.0961,0.3209,0.0118,0.0384,0.0799,0.615,0.945,21.6648,2.4634,0.447
2356,1,3,amble,0.9,0.4,-0.25,False,49,0.49,isaac_reset,0.5979,0.0449,-0.1916,0.3021,0.3551,0.0838,0.3245,0.0114,0.0256,0.0736,0.62,0.96,20.6127,2.0812,0.447
2357,2,3,amble,0.9,0.4,-0.25,False,49,0.49,isaac_reset,0.6217,0.048,-0.1875,0.2783,0.352,0.0916,0.324,0.0114,0.0305,0.0712,0.615,0.955,20.3256,3.4007,0.447
2358,3,3,amble,0.9,0.4,-0.25,False,49,0.49,isaac_reset,0.6051,0.0385,-0.1909,0.2949,0.3615,0.0829,0.3276,0.011,0.0253,0.068,0.615,0.945,19.5919,2.4422,0.447
2359,4,3,amble,0.9,0.4,-0.25,False,49,0.49,isaac_reset,0.6182,0.0399,-0.2007,0.2818,0.3601,0.0809,0.327,0.0111,0.0168,0.0709,0.605,0.94,19.641,2.4981,0.447
2360,0,3,amble,0.9,0.4,0.0,True,1000,10.0,timeout,0.6256,0.0446,0.011,0.2744,0.3554,0.0734,0.3193,0.003,0.0236,0.0816,0.6203,0.9598,21.6022,6.6926,3.306
2361,1,3,amble,0.9,0.4,0.0,True,1000,10.0,timeout,0.6354,0.0474,0.0267,0.2646,0.3526,0.0795,0.3206,0.0032,0.0329,0.0797,0.625,0.9645,20.8666,6.78,3.306
2362,2,3,amble,0.9,0.4,0.0,True,1000,10.0,timeout,0.6431,0.0465,0.0235,0.2569,0.3535,0.0764,0.3229,0.0029,0.0331,0.0704,0.625,0.965,20.2268,6.9422,3.306
2363,3,3,amble,0.9,0.4,0.0,True,1000,10.0,timeout,0.6263,0.0385,0.0276,0.2737,0.3615,0.0709,0.3267,0.0033,0.0247,0.0677,0.63,0.96,19.677,6.7581,3.306
2364,4,3,amble,0.9,0.4,0.0,True,1000,10.0,timeout,0.625,0.0389,0.0265,0.275,0.3611,0.0708,0.3268,0.0034,0.0241,0.0699,0.6298,0.9598,19.654,6.683,3.306
2365,0,3,amble,0.9,0.4,0.25,True,1000,10.0,timeout,0.6395,0.0399,0.2163,0.2605,0.3601,0.0784,0.3192,0.0039,0.0154,0.0895,0.6228,0.9588,21.8298,6.8684,3.298
2366,1,3,amble,0.9,0.4,0.25,True,1000,10.0,timeout,0.6507,0.0336,0.2146,0.2493,0.3664,0.0866,0.3222,0.0043,0.0281,0.0873,0.6335,0.957,21.0518,6.2667,3.298
2367,2,3,amble,0.9,0.4,0.25,True,1000,10.0,timeout,0.6269,0.0455,0.2355,0.2731,0.3545,0.075,0.3252,0.0036,0.0169,0.0815,0.63,0.9538,20.1509,6.8618,3.298
2368,3,3,amble,0.9,0.4,0.25,True,1000,10.0,timeout,0.6274,0.0366,0.2274,0.2726,0.3634,0.0811,0.3265,0.0042,0.0201,0.0785,0.6328,0.9563,19.8254,7.0431,3.298
2369,4,3,amble,0.9,0.4,0.25,True,1000,10.0,timeout,0.6755,0.0365,0.229,0.2245,0.3635,0.0766,0.3263,0.0031,0.0232,0.0766,0.63,0.96,19.9427,5.5533,3.298
2370,0,3,amble,0.9,0.4,0.5,True,1000,10.0,timeout,0.6585,0.0284,0.4471,0.2415,0.3716,0.0971,0.3209,0.0089,0.0158,0.0903,0.626,0.955,21.9544,4.9159,3.306
2371,1,3,amble,0.9,0.4,0.5,True,1000,10.0,timeout,0.6451,0.0317,0.4552,0.2549,0.3683,0.0926,0.3225,0.0084,0.0221,0.083,0.616,0.955,21.0751,5.2294,3.306
2372,2,3,amble,0.9,0.4,0.5,True,1000,10.0,timeout,0.6185,0.0378,0.44,0.2827,0.3622,0.1085,0.3256,0.0089,0.0247,0.0908,0.6303,0.9213,20.5224,3.7292,3.306
2373,3,3,amble,0.9,0.4,0.5,True,1000,10.0,timeout,0.6177,0.0358,0.4504,0.2823,0.3642,0.102,0.3275,0.0087,0.0247,0.0795,0.6283,0.935,19.8962,4.2398,3.306
2374,4,3,amble,0.9,0.4,0.5,True,1000,10.0,timeout,0.6245,0.0424,0.4537,0.2769,0.3576,0.0999,0.3273,0.0084,0.0213,0.0868,0.6268,0.9213,19.9653,4.4356,3.306
2375,0,3,amble,1.2,-0.4,-0.5,False,49,0.49,isaac_reset,0.8222,-0.0473,-0.3908,0.3778,0.3527,0.1175,0.3189,0.0127,0.0065,0.0791,0.62,0.955,22.7901,2.9716,0.448
2376,1,3,amble,1.2,-0.4,-0.5,False,49,0.49,isaac_reset,0.7857,-0.0444,-0.3816,0.4143,0.3556,0.1255,0.3203,0.0125,0.0076,0.073,0.615,0.955,21.5993,2.6358,0.448
2377,2,3,amble,1.2,-0.4,-0.5,False,49,0.49,isaac_reset,0.7693,-0.054,-0.3803,0.4307,0.346,0.1284,0.3244,0.0124,0.0192,0.068,0.62,0.955,20.9494,2.2479,0.448
2378,3,3,amble,1.2,-0.4,-0.5,False,49,0.49,isaac_reset,0.7808,-0.0527,-0.3785,0.4192,0.3473,0.13,0.3259,0.0121,0.0155,0.065,0.62,0.955,20.7286,2.9375,0.448
2379,4,3,amble,1.2,-0.4,-0.5,False,49,0.49,isaac_reset,0.7755,-0.0528,-0.3779,0.4245,0.3472,0.1305,0.326,0.0121,0.0185,0.0651,0.62,0.95,20.4474,2.1418,0.448
2380,0,3,amble,1.2,-0.4,-0.25,True,1000,10.0,timeout,0.7894,-0.0569,-0.2026,0.4106,0.3431,0.0764,0.3161,0.0055,0.0471,0.0947,0.621,0.96,22.3264,6.85,3.306
2381,1,3,amble,1.2,-0.4,-0.25,True,1000,10.0,timeout,0.8133,-0.0592,-0.1958,0.3867,0.3408,0.0827,0.3185,0.0055,0.0393,0.0855,0.625,0.965,21.4935,7.2491,3.306
2382,2,3,amble,1.2,-0.4,-0.25,True,1000,10.0,timeout,0.8056,-0.056,-0.19,0.3944,0.344,0.0868,0.3202,0.0073,0.04,0.0854,0.6253,0.9573,20.9912,7.1873,3.306
2383,3,3,amble,1.2,-0.4,-0.25,True,1000,10.0,timeout,0.8171,-0.0616,-0.1938,0.3829,0.3384,0.0843,0.3224,0.0055,0.0393,0.0779,0.6215,0.9598,20.6075,7.2755,3.306
2384,4,3,amble,1.2,-0.4,-0.25,True,1000,10.0,timeout,0.786,-0.0614,-0.1912,0.414,0.3386,0.0964,0.3235,0.0063,0.0514,0.0823,0.6313,0.9513,20.79,7.2016,3.306
2385,0,3,amble,1.2,-0.4,0.0,True,1000,10.0,timeout,0.7945,-0.0672,0.0019,0.4055,0.3328,0.0706,0.3169,0.0052,0.0553,0.0951,0.62,0.96,22.3406,7.5311,3.299
2386,1,3,amble,1.2,-0.4,0.0,True,1000,10.0,timeout,0.8241,-0.0719,0.0051,0.3759,0.3281,0.077,0.3198,0.0065,0.066,0.0921,0.6333,0.951,21.8043,8.411,3.299
2387,2,3,amble,1.2,-0.4,0.0,True,1000,10.0,timeout,0.7969,-0.0697,0.0094,0.4031,0.3303,0.0796,0.3203,0.0077,0.048,0.0895,0.6275,0.9423,21.0593,8.275,3.299
2388,3,3,amble,1.2,-0.4,0.0,True,1000,10.0,timeout,0.8264,-0.0623,0.0095,0.3736,0.3377,0.0755,0.324,0.0057,0.0536,0.0851,0.6288,0.9475,20.743,8.4549,3.299
2389,4,3,amble,1.2,-0.4,0.0,True,1000,10.0,timeout,0.8225,-0.0635,0.01,0.3775,0.3365,0.0754,0.3249,0.0055,0.051,0.0804,0.631,0.9513,20.7382,8.6603,3.299
2390,0,3,amble,1.2,-0.4,0.25,True,1000,10.0,timeout,0.7557,-0.0854,0.2378,0.4443,0.3146,0.0808,0.3188,0.0095,0.0561,0.0914,0.629,0.9388,22.5505,7.7629,3.295
2391,1,3,amble,1.2,-0.4,0.25,True,1000,10.0,timeout,0.7817,-0.0811,0.2278,0.4183,0.3189,0.0847,0.3207,0.0096,0.0501,0.0935,0.6215,0.931,21.691,8.1061,3.295
2392,2,3,amble,1.2,-0.4,0.25,True,1000,10.0,timeout,0.7444,-0.0811,0.2358,0.4556,0.3189,0.0869,0.325,0.0084,0.0502,0.0785,0.627,0.9248,21.0024,8.0685,3.295
2393,3,3,amble,1.2,-0.4,0.25,True,1000,10.0,timeout,0.8037,-0.0761,0.2331,0.3963,0.3239,0.0876,0.3252,0.0104,0.0465,0.0866,0.6315,0.9325,20.8036,8.8216,3.295
2394,4,3,amble,1.2,-0.4,0.25,True,1000,10.0,timeout,0.7995,-0.0834,0.2256,0.4005,0.3166,0.0846,0.3247,0.0085,0.0459,0.0809,0.6168,0.9553,20.4887,7.4947,3.295
2395,0,3,amble,1.2,-0.4,0.5,False,49,0.49,isaac_reset,0.7636,-0.0981,0.456,0.4364,0.3019,0.0983,0.32,0.0126,0.0478,0.0883,0.62,0.94,22.4137,5.9711,0.447
2396,1,3,amble,1.2,-0.4,0.5,False,49,0.49,isaac_reset,0.7875,-0.1085,0.444,0.4125,0.2915,0.1031,0.3213,0.0126,0.0498,0.086,0.61,0.94,21.6079,7.1498,0.447
2397,2,3,amble,1.2,-0.4,0.5,False,49,0.49,isaac_reset,0.7694,-0.0981,0.4523,0.4306,0.3019,0.1036,0.3263,0.0116,0.0425,0.0766,0.62,0.95,20.8253,6.7357,0.447
2398,3,3,amble,1.2,-0.4,0.5,False,49,0.49,isaac_reset,0.8133,-0.0972,0.438,0.3867,0.3028,0.108,0.3283,0.0112,0.0444,0.074,0.615,0.935,20.7233,6.5894,0.447
2399,4,3,amble,1.2,-0.4,0.5,False,49,0.49,isaac_reset,0.7938,-0.1031,0.436,0.4062,0.2969,0.1082,0.3259,0.0119,0.0463,0.0778,0.6,0.945,20.5291,6.3382,0.447
2400,0,3,amble,1.2,-0.2,-0.5,True,1000,10.0,timeout,0.7773,-0.0187,-0.3912,0.4227,0.1813,0.1157,0.3177,0.0045,0.0105,0.0789,0.6303,0.9605,22.2259,3.4556,3.292
2401,1,3,amble,1.2,-0.2,-0.5,True,1000,10.0,timeout,0.7791,-0.023,-0.3826,0.4209,0.177,0.1236,0.3212,0.0049,0.0072,0.0721,0.63,0.96,21.3402,3.5586,3.292
2402,2,3,amble,1.2,-0.2,-0.5,True,1000,10.0,timeout,0.7808,-0.0293,-0.4022,0.4192,0.1708,0.1071,0.3217,0.0065,0.0208,0.0773,0.6265,0.9555,20.9983,3.4523,3.292
2403,3,3,amble,1.2,-0.2,-0.5,True,1000,10.0,timeout,0.8085,-0.0273,-0.4009,0.3915,0.1727,0.1079,0.3238,0.0047,0.0141,0.0699,0.62,0.96,20.5657,3.4239,3.292
2404,4,3,amble,1.2,-0.2,-0.5,True,1000,10.0,timeout,0.7726,-0.025,-0.3896,0.4274,0.1776,0.131,0.3236,0.0074,0.0089,0.0775,0.635,0.945,20.6182,3.5442,3.292
2405,0,3,amble,1.2,-0.2,-0.25,True,1000,10.0,timeout,0.7785,-0.0317,-0.1779,0.4215,0.1683,0.0866,0.3182,0.005,0.0253,0.0843,0.63,0.96,22.2545,6.3366,3.311
2406,1,3,amble,1.2,-0.2,-0.25,True,1000,10.0,timeout,0.8221,-0.0342,-0.1847,0.3779,0.1661,0.0856,0.3207,0.0054,0.0294,0.0847,0.6333,0.9495,21.8632,6.3612,3.311
2407,2,3,amble,1.2,-0.2,-0.25,True,1000,10.0,timeout,0.8311,-0.0303,-0.1845,0.3689,0.1697,0.0843,0.3231,0.0052,0.0247,0.0789,0.6295,0.9445,21.1285,6.5363,3.311
2408,3,3,amble,1.2,-0.2,-0.25,True,1000,10.0,timeout,0.8106,-0.0343,-0.1879,0.3894,0.1657,0.0802,0.3243,0.0047,0.0346,0.0732,0.6203,0.9603,20.6009,7.1116,3.311
2409,4,3,amble,1.2,-0.2,-0.25,True,1000,10.0,timeout,0.7964,-0.0305,-0.169,0.4036,0.1695,0.0913,0.3256,0.0051,0.0259,0.0689,0.6303,0.9603,20.4137,7.5677,3.311
2410,0,3,amble,1.2,-0.2,0.0,True,1000,10.0,timeout,0.762,-0.04,0.0151,0.438,0.1604,0.0708,0.3191,0.009,0.0395,0.0894,0.626,0.953,22.3488,7.3485,3.304
2411,1,3,amble,1.2,-0.2,0.0,True,1000,10.0,timeout,0.7983,-0.0409,0.0216,0.4017,0.1592,0.0825,0.321,0.0099,0.046,0.0928,0.6348,0.9258,21.9415,7.6297,3.304
2412,2,3,amble,1.2,-0.2,0.0,True,1000,10.0,timeout,0.7499,-0.035,0.0293,0.4501,0.1651,0.0817,0.3233,0.0101,0.0421,0.0889,0.6335,0.9223,21.106,7.7038,3.304
2413,3,3,amble,1.2,-0.2,0.0,True,1000,10.0,timeout,0.8025,-0.0403,0.0297,0.3975,0.1597,0.0804,0.3248,0.0097,0.0416,0.0833,0.6333,0.9308,20.9134,8.7251,3.304
2414,4,3,amble,1.2,-0.2,0.0,True,1000,10.0,timeout,0.7774,-0.0361,0.0131,0.4226,0.1639,0.0767,0.3256,0.0082,0.0396,0.0828,0.6188,0.9248,20.4951,6.2844,3.304
2415,0,3,amble,1.2,-0.2,0.25,False,49,0.49,isaac_reset,0.7602,-0.0531,0.2311,0.4398,0.1469,0.0786,0.3205,0.0123,0.0396,0.0882,0.62,0.955,22.4233,7.5377,0.447
2416,1,3,amble,1.2,-0.2,0.25,False,49,0.49,isaac_reset,0.8214,-0.054,0.2254,0.3786,0.146,0.0829,0.3243,0.0117,0.0388,0.0807,0.62,0.955,21.6498,7.7207,0.447
2417,2,3,amble,1.2,-0.2,0.25,False,49,0.49,isaac_reset,0.7726,-0.0494,0.2324,0.4274,0.1506,0.0846,0.3266,0.0114,0.0292,0.0752,0.615,0.95,20.8125,7.6141,0.447
2418,3,3,amble,1.2,-0.2,0.25,False,49,0.49,isaac_reset,0.8217,-0.0484,0.2224,0.3783,0.1516,0.0871,0.3279,0.0112,0.0312,0.0757,0.62,0.94,20.5493,8.4188,0.447
2419,4,3,amble,1.2,-0.2,0.25,False,49,0.49,isaac_reset,0.7957,-0.0487,0.2248,0.4043,0.1513,0.0918,0.3276,0.0112,0.0317,0.0738,0.605,0.95,20.3178,7.8504,0.447
2420,0,3,amble,1.2,-0.2,0.5,True,1000,10.0,timeout,0.8063,-0.0909,0.4512,0.3937,0.1154,0.0954,0.3184,0.0058,0.0622,0.0928,0.6293,0.9588,22.4903,2.2555,3.306
2421,1,3,amble,1.2,-0.2,0.5,True,1000,10.0,timeout,0.8135,-0.0822,0.4526,0.3865,0.1212,0.0972,0.3225,0.0043,0.0481,0.0867,0.6323,0.9575,21.6704,2.4328,3.306
2422,2,3,amble,1.2,-0.2,0.5,True,1000,10.0,timeout,0.8225,-0.0731,0.4541,0.3775,0.127,0.0982,0.3252,0.0049,0.0452,0.0811,0.632,0.9588,20.9119,2.5069,3.306
2423,3,3,amble,1.2,-0.2,0.5,True,1000,10.0,timeout,0.8041,-0.0686,0.4538,0.3959,0.1314,0.0993,0.3255,0.0042,0.0359,0.0785,0.6198,0.9598,20.4003,2.3207,3.306
2424,4,3,amble,1.2,-0.2,0.5,True,1000,10.0,timeout,0.8016,-0.0688,0.4559,0.3984,0.1319,0.1006,0.3261,0.0047,0.0334,0.0799,0.6215,0.957,20.3815,2.3572,3.306
2425,0,3,amble,1.2,0.0,-0.5,True,1000,10.0,timeout,0.7695,0.013,-0.3987,0.4305,0.0606,0.1105,0.319,0.0051,0.027,0.0737,0.6343,0.9593,22.1316,5.0316,3.305
2426,1,3,amble,1.2,0.0,-0.5,True,1000,10.0,timeout,0.7767,0.007,-0.3885,0.4233,0.056,0.1196,0.3221,0.0042,0.0185,0.0716,0.6318,0.9508,21.3735,4.8616,3.305
2427,2,3,amble,1.2,0.0,-0.5,True,1000,10.0,timeout,0.764,0.0072,-0.3858,0.436,0.0589,0.1239,0.3231,0.0075,0.0197,0.0732,0.6363,0.9348,20.914,5.2966,3.305
2428,3,3,amble,1.2,0.0,-0.5,True,1000,10.0,timeout,0.8392,0.0045,-0.4003,0.3608,0.0563,0.1117,0.3254,0.0043,0.0197,0.0634,0.6248,0.9505,20.6565,4.0612,3.305
2429,4,3,amble,1.2,0.0,-0.5,True,1000,10.0,timeout,0.7962,-0.0008,-0.4029,0.4038,0.0554,0.1079,0.3251,0.0044,0.0112,0.0669,0.6208,0.942,20.5665,4.2934,3.305
2430,0,3,amble,1.2,0.0,-0.25,True,1000,10.0,timeout,0.7548,0.0049,-0.1718,0.4452,0.0693,0.0983,0.3163,0.0103,0.0237,0.0842,0.6315,0.9418,22.3738,6.3836,3.298
2431,1,3,amble,1.2,0.0,-0.25,True,1000,10.0,timeout,0.7635,-0.0081,-0.1756,0.4365,0.056,0.0928,0.3226,0.0094,0.0135,0.0763,0.6193,0.9248,21.5641,5.8383,3.298
2432,2,3,amble,1.2,0.0,-0.25,True,1000,10.0,timeout,0.8056,-0.0052,-0.1761,0.3944,0.0556,0.0934,0.3251,0.0085,0.0171,0.0754,0.6275,0.9163,21.1417,7.0964,3.298
2433,3,3,amble,1.2,0.0,-0.25,True,1000,10.0,timeout,0.7624,-0.0076,-0.1723,0.4376,0.0498,0.0964,0.3268,0.0079,0.0102,0.0679,0.6293,0.935,20.4988,6.9613,3.298
2434,4,3,amble,1.2,0.0,-0.25,True,1000,10.0,timeout,0.7626,-0.0024,-0.1642,0.4374,0.0495,0.0997,0.3263,0.0082,0.0128,0.073,0.626,0.9125,20.4646,6.9036,3.298
2435,0,3,amble,1.2,0.0,0.0,False,49,0.49,isaac_reset,0.788,-0.0147,0.0161,0.412,0.0604,0.0682,0.3189,0.0123,0.0143,0.0777,0.61,0.945,22.2811,6.3192,0.446
2436,1,3,amble,1.2,0.0,0.0,False,49,0.49,isaac_reset,0.8038,-0.0199,0.0086,0.3962,0.05,0.0702,0.3239,0.0117,0.0168,0.073,0.61,0.94,21.7931,6.7883,0.446
2437,2,3,amble,1.2,0.0,0.0,False,49,0.49,isaac_reset,0.8393,-0.0143,0.013,0.3607,0.049,0.0702,0.3269,0.0113,0.0067,0.0661,0.62,0.94,21.1539,7.735,0.446
2438,3,3,amble,1.2,0.0,0.0,False,49,0.49,isaac_reset,0.798,-0.0167,0.0315,0.402,0.0462,0.0756,0.3285,0.0111,0.0076,0.0615,0.62,0.96,20.5799,7.0987,0.446
2439,4,3,amble,1.2,0.0,0.0,False,49,0.49,isaac_reset,0.7929,-0.0169,0.0308,0.4071,0.0456,0.076,0.3289,0.011,0.0071,0.0612,0.615,0.95,20.2757,6.8218,0.446
2440,0,3,amble,1.2,0.0,0.25,True,1000,10.0,timeout,0.8055,-0.0255,0.2223,0.3945,0.0622,0.08,0.3172,0.0045,0.0133,0.0911,0.6238,0.9638,22.3909,6.7066,3.3
2441,1,3,amble,1.2,0.0,0.25,True,1000,10.0,timeout,0.8157,-0.0278,0.2287,0.3843,0.0596,0.0805,0.3211,0.0047,0.0109,0.0824,0.62,0.96,21.4587,6.7041,3.3
2442,2,3,amble,1.2,0.0,0.25,True,1000,10.0,timeout,0.8119,-0.0251,0.2274,0.3881,0.0489,0.087,0.3246,0.0043,0.0166,0.0815,0.6198,0.9585,20.759,6.785,3.3
2443,3,3,amble,1.2,0.0,0.25,True,1000,10.0,timeout,0.8197,-0.0316,0.2277,0.3803,0.061,0.0851,0.3245,0.0056,0.0222,0.0783,0.6203,0.9593,20.5202,6.7138,3.3
2444,4,3,amble,1.2,0.0,0.25,True,1000,10.0,timeout,0.7863,-0.025,0.2352,0.4137,0.0481,0.0872,0.3268,0.0054,0.0213,0.0761,0.6335,0.9575,20.3433,6.3486,3.3
2445,0,3,amble,1.2,0.0,0.5,True,1000,10.0,timeout,0.7932,-0.0427,0.4578,0.4068,0.0563,0.0889,0.3182,0.0035,0.0272,0.0956,0.6195,0.9583,22.2967,5.7725,3.308
2446,1,3,amble,1.2,0.0,0.5,True,1000,10.0,timeout,0.8092,-0.0473,0.4525,0.3908,0.0592,0.1019,0.3213,0.0083,0.0387,0.094,0.6365,0.9395,21.6976,6.5303,3.308
2447,2,3,amble,1.2,0.0,0.5,True,1000,10.0,timeout,0.8119,-0.0397,0.4572,0.3881,0.0515,0.0954,0.3248,0.0038,0.0153,0.0806,0.62,0.96,20.7518,6.2736,3.308
2448,3,3,amble,1.2,0.0,0.5,True,1000,10.0,timeout,0.8078,-0.0466,0.4543,0.3922,0.0577,0.0995,0.3248,0.0077,0.0229,0.0826,0.6253,0.9545,20.559,6.0371,3.308
2449,4,3,amble,1.2,0.0,0.5,True,1000,10.0,timeout,0.8017,-0.0354,0.4724,0.3983,0.0488,0.0891,0.3278,0.0039,0.0113,0.0755,0.63,0.96,20.2321,5.6254,3.308
2450,0,3,amble,1.2,0.2,-0.5,True,1000,10.0,timeout,0.7959,0.0372,-0.4039,0.4041,0.1628,0.1145,0.3206,0.0082,0.0363,0.0671,0.6313,0.9438,22.3387,5.278,3.304
2451,1,3,amble,1.2,0.2,-0.5,True,1000,10.0,timeout,0.7421,0.0352,-0.3919,0.4579,0.1653,0.125,0.3225,0.0083,0.0299,0.072,0.6388,0.9175,21.4648,4.6674,3.304
2452,2,3,amble,1.2,0.2,-0.5,True,1000,10.0,timeout,0.8003,0.0341,-0.3904,0.3997,0.1659,0.1222,0.3257,0.0077,0.035,0.0643,0.625,0.9188,20.9279,4.8742,3.304
2453,3,3,amble,1.2,0.2,-0.5,True,1000,10.0,timeout,0.7579,0.0335,-0.3832,0.4421,0.1682,0.1297,0.3273,0.0084,0.0321,0.0598,0.6295,0.9255,20.5886,4.8142,3.304
2454,4,3,amble,1.2,0.2,-0.5,True,1000,10.0,timeout,0.7682,0.0279,-0.3878,0.4318,0.1722,0.1237,0.3281,0.008,0.0254,0.0551,0.626,0.955,20.2241,5.713,3.304
2455,0,3,amble,1.2,0.2,-0.25,False,49,0.49,isaac_reset,0.8336,0.027,-0.1795,0.3664,0.173,0.0996,0.3206,0.0119,0.0498,0.0679,0.62,0.95,22.8147,4.0348,0.448
2456,1,3,amble,1.2,0.2,-0.25,False,49,0.49,isaac_reset,0.7748,0.0195,-0.1615,0.4252,0.1805,0.1029,0.3243,0.0116,0.0367,0.0643,0.62,0.94,21.4237,3.3527,0.448
2457,2,3,amble,1.2,0.2,-0.25,False,49,0.49,isaac_reset,0.8378,0.0177,-0.1746,0.3622,0.1823,0.0951,0.3265,0.0113,0.0417,0.0586,0.615,0.935,21.1724,3.8231,0.448
2458,3,3,amble,1.2,0.2,-0.25,False,49,0.49,isaac_reset,0.7852,0.0147,-0.1639,0.4148,0.1853,0.1004,0.3283,0.0111,0.0324,0.0573,0.61,0.935,20.5777,3.3422,0.448
2459,4,3,amble,1.2,0.2,-0.25,False,49,0.49,isaac_reset,0.7844,0.0147,-0.1648,0.4156,0.1853,0.1002,0.3285,0.0111,0.0325,0.0567,0.61,0.945,20.39,3.9198,0.448
2460,0,3,amble,1.2,0.2,0.0,True,1000,10.0,timeout,0.7942,0.0187,0.0158,0.4058,0.1813,0.0783,0.3185,0.004,0.0287,0.0792,0.6208,0.9598,22.4062,8.4145,3.312
2461,1,3,amble,1.2,0.2,0.0,True,1000,10.0,timeout,0.795,0.0147,0.0182,0.405,0.1853,0.0852,0.32,0.0048,0.0431,0.0791,0.6278,0.9568,21.6819,8.42,3.312
2462,2,3,amble,1.2,0.2,0.0,True,1000,10.0,timeout,0.7984,0.0127,0.0325,0.4016,0.1873,0.078,0.3257,0.0042,0.0285,0.0675,0.6295,0.9575,20.8011,8.4087,3.312
2463,3,3,amble,1.2,0.2,0.0,True,1000,10.0,timeout,0.8221,0.0096,0.0205,0.3779,0.1904,0.0694,0.3261,0.0043,0.0239,0.0652,0.621,0.958,20.6563,8.7062,3.312
2464,4,3,amble,1.2,0.2,0.0,True,1000,10.0,timeout,0.806,0.0149,0.0281,0.394,0.1852,0.0783,0.3241,0.0057,0.0271,0.0695,0.6258,0.957,20.5562,8.5782,3.312
2465,0,3,amble,1.2,0.2,0.25,True,1000,10.0,timeout,0.8,0.0037,0.2298,0.4,0.1963,0.0855,0.3164,0.0056,0.0294,0.0924,0.6305,0.9608,22.6064,8.4153,3.301
2466,1,3,amble,1.2,0.2,0.25,True,1000,10.0,timeout,0.7845,0.0017,0.2397,0.4155,0.1983,0.08,0.3234,0.0051,0.0215,0.0802,0.6295,0.9463,21.5086,8.9129,3.301
2467,2,3,amble,1.2,0.2,0.25,True,1000,10.0,timeout,0.7921,0.0066,0.2421,0.4079,0.1934,0.0832,0.3258,0.005,0.0191,0.0772,0.6303,0.943,20.8682,7.3901,3.301
2468,3,3,amble,1.2,0.2,0.25,True,1000,10.0,timeout,0.815,0.0027,0.2142,0.3852,0.1983,0.0924,0.3251,0.0062,0.033,0.0835,0.6223,0.9458,20.917,7.8483,3.301
2469,4,3,amble,1.2,0.2,0.25,True,1000,10.0,timeout,0.8412,-0.0017,0.2279,0.3588,0.2017,0.087,0.3264,0.0056,0.0271,0.0761,0.6288,0.9455,20.5921,7.8986,3.301
2470,0,3,amble,1.2,0.2,0.5,True,1000,10.0,timeout,0.7917,-0.0129,0.4527,0.4083,0.2129,0.093,0.318,0.01,0.0144,0.0927,0.6178,0.9548,22.4568,5.4408,3.311
2471,1,3,amble,1.2,0.2,0.5,True,1000,10.0,timeout,0.7768,-0.0178,0.4471,0.4232,0.2178,0.1013,0.3202,0.0113,0.031,0.0947,0.6245,0.9168,21.8014,5.3175,3.311
2472,2,3,amble,1.2,0.2,0.5,True,1000,10.0,timeout,0.8208,-0.007,0.4527,0.3792,0.207,0.0994,0.326,0.008,0.0187,0.0808,0.6273,0.922,21.085,4.7435,3.311
2473,3,3,amble,1.2,0.2,0.5,True,1000,10.0,timeout,0.7748,-0.0126,0.4617,0.4252,0.2126,0.0958,0.3275,0.0088,0.0269,0.0762,0.6273,0.929,20.5489,6.6116,3.311
2474,4,3,amble,1.2,0.2,0.5,True,1000,10.0,timeout,0.7866,-0.0189,0.4432,0.4134,0.2189,0.1065,0.3271,0.0087,0.0332,0.0783,0.6175,0.9153,20.7259,6.4179,3.311
2475,0,3,amble,1.2,0.4,-0.5,False,49,0.49,isaac_reset,0.7611,0.0754,-0.4143,0.4389,0.3246,0.103,0.3205,0.0118,0.0476,0.0652,0.61,0.955,21.8507,2.6186,0.448
2476,1,3,amble,1.2,0.4,-0.5,False,49,0.49,isaac_reset,0.7699,0.07,-0.4042,0.4301,0.33,0.1106,0.3234,0.0114,0.0456,0.0592,0.61,0.965,21.1912,2.4705,0.448
2477,2,3,amble,1.2,0.4,-0.5,False,49,0.49,isaac_reset,0.825,0.058,-0.3828,0.375,0.342,0.128,0.3269,0.011,0.0382,0.0563,0.615,0.965,20.8225,3.324,0.448
2478,3,3,amble,1.2,0.4,-0.5,False,49,0.49,isaac_reset,0.7795,0.0509,-0.3861,0.4205,0.3491,0.1279,0.3289,0.0109,0.0331,0.0516,0.615,0.95,20.3939,3.0259,0.448
2479,4,3,amble,1.2,0.4,-0.5,False,49,0.49,isaac_reset,0.7963,0.05,-0.4024,0.4037,0.35,0.1154,0.3283,0.011,0.0327,0.0528,0.61,0.94,20.625,2.6469,0.448
2480,0,3,amble,1.2,0.4,-0.25,True,1000,10.0,timeout,0.8307,0.0514,-0.189,0.3693,0.3486,0.0982,0.32,0.0027,0.0567,0.0646,0.63,0.9595,22.3593,7.4008,3.306
2481,1,3,amble,1.2,0.4,-0.25,True,1000,10.0,timeout,0.7695,0.0533,-0.1734,0.4305,0.3467,0.1051,0.3232,0.0063,0.0546,0.0619,0.6373,0.9578,21.3698,6.9867,3.306
2482,2,3,amble,1.2,0.4,-0.25,True,1000,10.0,timeout,0.8013,0.0445,-0.1982,0.3987,0.3555,0.0921,0.3248,0.0049,0.0455,0.0618,0.6235,0.9568,20.8287,7.0831,3.306
2483,3,3,amble,1.2,0.4,-0.25,True,1000,10.0,timeout,0.8164,0.0421,-0.1872,0.3836,0.3579,0.0923,0.3266,0.0043,0.0424,0.0533,0.6228,0.9583,20.6105,7.2861,3.306
2484,4,3,amble,1.2,0.4,-0.25,True,1000,10.0,timeout,0.8589,0.046,-0.1808,0.3411,0.354,0.0976,0.328,0.0033,0.0529,0.0497,0.6293,0.9593,20.4057,7.8243,3.306
2485,0,3,amble,1.2,0.4,0.0,True,1000,10.0,timeout,0.7863,0.0452,0.0346,0.4137,0.3548,0.0919,0.3197,0.0051,0.0512,0.0739,0.6328,0.9573,22.3138,8.6323,3.307
2486,1,3,amble,1.2,0.4,0.0,True,1000,10.0,timeout,0.7835,0.0422,0.0414,0.4165,0.3578,0.0883,0.3232,0.0041,0.0482,0.0679,0.63,0.96,21.4586,8.6592,3.307
2487,2,3,amble,1.2,0.4,0.0,True,1000,10.0,timeout,0.7822,0.0426,0.0371,0.4178,0.3574,0.0849,0.3255,0.005,0.0465,0.0679,0.6285,0.941,20.8854,8.4771,3.307
2488,3,3,amble,1.2,0.4,0.0,True,1000,10.0,timeout,0.7872,0.0418,0.0475,0.4128,0.3582,0.0928,0.326,0.0076,0.0512,0.0689,0.6378,0.9458,20.636,8.8471,3.307
2489,4,3,amble,1.2,0.4,0.0,True,1000,10.0,timeout,0.7972,0.0387,0.0368,0.4028,0.3613,0.0844,0.327,0.0046,0.0437,0.0643,0.6343,0.9425,20.6176,8.8076,3.307
2490,0,3,amble,1.2,0.4,0.25,True,1000,10.0,timeout,0.7747,0.0354,0.2236,0.4253,0.3646,0.0952,0.3166,0.0093,0.0564,0.0953,0.6263,0.9303,22.9756,6.9111,3.308
2491,1,3,amble,1.2,0.4,0.25,True,1000,10.0,timeout,0.7768,0.0393,0.2381,0.4232,0.3607,0.0925,0.3211,0.0086,0.038,0.0859,0.6258,0.9218,21.8155,7.2146,3.308
2492,2,3,amble,1.2,0.4,0.25,True,1000,10.0,timeout,0.8136,0.034,0.2154,0.3864,0.366,0.0964,0.3248,0.0088,0.0435,0.0846,0.6265,0.9125,21.5264,7.1138,3.308
2493,3,3,amble,1.2,0.4,0.25,True,1000,10.0,timeout,0.7931,0.0296,0.2256,0.4069,0.3704,0.0877,0.3249,0.0085,0.0446,0.0814,0.6193,0.92,20.8123,6.5458,3.308
2494,4,3,amble,1.2,0.4,0.25,True,1000,10.0,timeout,0.7926,0.0271,0.2455,0.4074,0.3729,0.0793,0.3286,0.0084,0.0413,0.0642,0.625,0.9545,20.5315,7.1018,3.308
2495,0,3,amble,1.2,0.4,0.5,False,49,0.49,isaac_reset,0.8085,0.0223,0.4481,0.3915,0.3777,0.1013,0.3185,0.0125,0.0464,0.0891,0.61,0.96,22.6401,5.7869,0.45
2496,1,3,amble,1.2,0.4,0.5,False,49,0.49,isaac_reset,0.8114,0.0184,0.4516,0.3886,0.3816,0.0997,0.3225,0.012,0.0471,0.0782,0.61,0.94,21.6654,6.3602,0.45
2497,2,3,amble,1.2,0.4,0.5,False,49,0.49,isaac_reset,0.8544,0.0197,0.4461,0.3456,0.3803,0.1045,0.3272,0.0115,0.0492,0.0694,0.615,0.95,21.2792,7.1422,0.45
2498,3,3,amble,1.2,0.4,0.5,False,49,0.49,isaac_reset,0.8295,0.0177,0.4511,0.3705,0.3823,0.098,0.3265,0.0116,0.0467,0.0699,0.605,0.95,20.8475,5.6351,0.45
2499,4,3,amble,1.2,0.4,0.5,False,49,0.49,isaac_reset,0.8098,0.0205,0.4659,0.3902,0.3795,0.0972,0.329,0.0109,0.043,0.0678,0.62,0.94,20.8743,6.0435,0.45
2500,0,4,pronk,0.0,-0.4,-0.5,False,18,0.18,fall_height,0.3488,0.0062,-0.3642,0.3488,0.4062,0.136,0.2809,0.0628,0.0319,0.1441,0.5543,0.9324,18.6173,1.9075,2.601
2501,1,4,pronk,0.0,-0.4,-0.5,False,86,0.86,fall_height,0.3542,0.0052,-0.3643,0.3542,0.4052,0.1358,0.2893,0.0633,0.0283,0.1432,0.535,0.9444,17.4649,1.9474,2.601
2502,2,4,pronk,0.0,-0.4,-0.5,False,124,1.24,fall_height,0.3494,-0.001,-0.352,0.3494,0.399,0.148,0.2937,0.0634,0.0197,0.134,0.5469,0.9198,17.2603,1.9592,2.601
2503,3,4,pronk,0.0,-0.4,-0.5,False,33,0.33,fall_height,0.3572,0.0017,-0.3584,0.3572,0.4017,0.1419,0.2977,0.0627,0.0253,0.1372,0.535,0.9344,16.6601,1.9714,2.601
2504,4,4,pronk,0.0,-0.4,-0.5,False,750,7.5,fall_height,0.3588,0.0035,-0.3566,0.3588,0.4035,0.1456,0.2968,0.0598,0.0285,0.1243,0.5479,0.9234,17.019,1.9479,2.601
2505,0,4,pronk,0.0,-0.4,-0.25,False,69,0.69,fall_height,0.3679,-0.0034,-0.1809,0.3679,0.3966,0.0746,0.2785,0.061,0.0265,0.1522,0.549,0.9347,18.7344,1.6048,0.912
2506,1,4,pronk,0.0,-0.4,-0.25,False,37,0.37,fall_height,0.3684,-0.007,-0.1778,0.3684,0.393,0.077,0.2889,0.0619,0.0203,0.1524,0.5276,0.9435,17.2996,1.9946,0.912
2507,2,4,pronk,0.0,-0.4,-0.25,False,74,0.74,fall_height,0.3735,-0.0077,-0.1797,0.3735,0.3923,0.0744,0.2919,0.062,0.0163,0.149,0.5289,0.951,17.0212,2.6964,0.912
2508,3,4,pronk,0.0,-0.4,-0.25,False,198,1.98,isaac_reset,0.3755,-0.0089,-0.1823,0.3755,0.3911,0.0734,0.2962,0.0603,0.0186,0.1448,0.5188,0.9523,16.3912,2.2175,0.912
2509,4,4,pronk,0.0,-0.4,-0.25,False,198,1.98,isaac_reset,0.3717,-0.0085,-0.1763,0.3717,0.3915,0.0777,0.2976,0.0598,0.015,0.1445,0.5226,0.9523,16.2438,2.2939,0.912
2510,0,4,pronk,0.0,-0.4,0.0,False,26,0.26,fall_height,0.3572,-0.016,0.0069,0.3572,0.384,0.0397,0.2781,0.0592,0.023,0.1457,0.5515,0.9365,18.7318,3.7762,3.347
2511,1,4,pronk,0.0,-0.4,0.0,False,50,0.5,fall_height,0.3529,-0.0224,0.0197,0.3529,0.3776,0.0473,0.2888,0.0591,0.0134,0.146,0.549,0.9365,17.3961,3.7069,3.347
2512,2,4,pronk,0.0,-0.4,0.0,False,105,1.05,fall_height,0.3547,-0.0191,0.0179,0.3547,0.3809,0.043,0.2933,0.0583,0.0153,0.137,0.543,0.94,16.7954,3.7052,3.347
2513,3,4,pronk,0.0,-0.4,0.0,False,130,1.3,fall_height,0.3593,-0.0187,0.0192,0.3593,0.3813,0.0418,0.2947,0.0575,0.017,0.141,0.5445,0.936,16.7397,3.757,3.347
2514,4,4,pronk,0.0,-0.4,0.0,True,1000,10.0,timeout,0.3643,-0.0218,0.0132,0.3643,0.3782,0.0381,0.2965,0.058,0.0141,0.1449,0.5283,0.9563,16.3556,3.9057,3.347
2515,0,4,pronk,0.0,-0.4,0.25,False,84,0.84,fall_height,0.3706,-0.028,0.2003,0.3706,0.372,0.0619,0.2779,0.0573,0.0117,0.1442,0.5498,0.9438,18.6371,3.236,3.331
2516,1,4,pronk,0.0,-0.4,0.25,False,109,1.09,fall_height,0.3633,-0.0315,0.2062,0.3633,0.3685,0.0601,0.2879,0.0578,0.0082,0.1405,0.555,0.929,17.7008,3.2231,3.331
2517,2,4,pronk,0.0,-0.4,0.25,True,1000,10.0,timeout,0.3596,-0.0297,0.2031,0.3596,0.3703,0.0622,0.2901,0.0562,0.0094,0.1398,0.5463,0.9128,17.5627,2.4657,3.331
2518,3,4,pronk,0.0,-0.4,0.25,False,81,0.81,fall_height,0.3759,-0.032,0.2105,0.3759,0.368,0.0566,0.2941,0.0592,0.0091,0.1451,0.5378,0.9438,16.738,3.1903,3.331
2519,4,4,pronk,0.0,-0.4,0.25,True,1000,10.0,timeout,0.375,-0.0286,0.2047,0.375,0.3714,0.0599,0.2942,0.0578,0.0134,0.1384,0.548,0.9245,17.0076,3.3091,3.331
2520,0,4,pronk,0.0,-0.4,0.5,False,157,1.57,fall_height,0.3559,-0.0317,0.3903,0.3565,0.3683,0.1126,0.281,0.0556,0.0189,0.135,0.5633,0.8973,19.1006,1.7729,3.352
2521,1,4,pronk,0.0,-0.4,0.5,False,176,1.76,fall_height,0.3562,-0.0342,0.3924,0.357,0.3658,0.1111,0.2866,0.0573,0.0138,0.1321,0.5535,0.8905,18.194,2.3366,3.352
2522,2,4,pronk,0.0,-0.4,0.5,False,198,1.98,fall_height,0.3551,-0.0393,0.3975,0.3556,0.3607,0.1104,0.2947,0.0572,0.0156,0.1369,0.5413,0.8928,17.0664,2.5212,3.352
2523,3,4,pronk,0.0,-0.4,0.5,True,1000,10.0,timeout,0.36,-0.0346,0.3997,0.3606,0.3654,0.1065,0.2951,0.0573,0.0141,0.1347,0.545,0.913,17.0158,2.2996,3.352
2524,4,4,pronk,0.0,-0.4,0.5,False,154,1.54,fall_height,0.359,-0.0394,0.3985,0.3596,0.3606,0.108,0.2965,0.0585,0.0146,0.1376,0.539,0.89,16.9368,3.5879,3.352
2525,0,4,pronk,0.0,-0.2,-0.5,False,16,0.16,fall_height,0.3422,0.0253,-0.3848,0.3422,0.2253,0.1152,0.2741,0.0609,0.0407,0.1366,0.545,0.945,19.3199,2.0763,0.458
2526,1,4,pronk,0.0,-0.2,-0.5,False,49,0.49,isaac_reset,0.3614,0.0216,-0.3773,0.3614,0.2216,0.1228,0.2875,0.0608,0.0359,0.1353,0.495,0.945,17.5446,1.7845,0.458
2527,2,4,pronk,0.0,-0.2,-0.5,False,49,0.49,isaac_reset,0.3371,0.0228,-0.3593,0.3371,0.2228,0.1407,0.2842,0.0488,0.0334,0.1384,0.53,0.95,17.6387,1.8909,0.458
2528,3,4,pronk,0.0,-0.2,-0.5,False,49,0.49,isaac_reset,0.3441,0.0225,-0.382,0.3441,0.2225,0.118,0.2909,0.059,0.0351,0.1349,0.505,0.935,17.195,2.6443,0.458
2529,4,4,pronk,0.0,-0.2,-0.5,False,49,0.49,isaac_reset,0.3501,0.0199,-0.3889,0.3501,0.2199,0.1124,0.2945,0.0569,0.0353,0.1341,0.52,0.945,17.1988,2.2171,0.458
2530,0,4,pronk,0.0,-0.2,-0.25,False,54,0.54,fall_height,0.3413,0.0144,-0.1911,0.3413,0.2144,0.069,0.2803,0.059,0.0432,0.1386,0.5535,0.931,18.4185,3.0269,3.364
2531,1,4,pronk,0.0,-0.2,-0.25,False,30,0.3,fall_height,0.3555,0.0121,-0.1934,0.3555,0.2121,0.0665,0.2893,0.0618,0.035,0.1431,0.5243,0.9518,17.3135,3.1624,3.364
2532,2,4,pronk,0.0,-0.2,-0.25,True,1000,10.0,timeout,0.3503,0.015,-0.1856,0.3503,0.215,0.0735,0.2906,0.0579,0.0398,0.1259,0.545,0.933,17.5003,3.0568,3.364
2533,3,4,pronk,0.0,-0.2,-0.25,True,1000,10.0,timeout,0.3563,0.0124,-0.1992,0.3563,0.2124,0.0624,0.295,0.0583,0.0364,0.1349,0.5275,0.9545,16.5624,3.1408,3.364
2534,4,4,pronk,0.0,-0.2,-0.25,False,11,0.11,fall_height,0.3564,0.0128,-0.199,0.3564,0.2128,0.0639,0.2954,0.0589,0.0364,0.1363,0.5268,0.9583,16.5255,3.0698,3.364
2535,0,4,pronk,0.0,-0.2,0.0,False,96,0.96,fall_height,0.3546,0.0048,-0.0054,0.3546,0.2048,0.04,0.2777,0.0584,0.0323,0.1362,0.549,0.919,18.6997,2.7806,3.344
2536,1,4,pronk,0.0,-0.2,0.0,False,102,1.02,fall_height,0.3536,0.0033,-0.0,0.3536,0.2033,0.0391,0.2855,0.0568,0.0294,0.1319,0.5353,0.9278,17.4836,3.6991,3.344
2537,2,4,pronk,0.0,-0.2,0.0,True,1000,10.0,timeout,0.3336,-0.0008,0.0088,0.3336,0.1992,0.04,0.2915,0.0557,0.0237,0.1356,0.551,0.8995,17.2759,3.8211,3.344
2538,3,4,pronk,0.0,-0.2,0.0,True,1000,10.0,timeout,0.3568,-0.001,0.0055,0.3568,0.199,0.0394,0.2952,0.0571,0.0256,0.1352,0.5408,0.9338,16.6598,4.5645,3.344
2539,4,4,pronk,0.0,-0.2,0.0,True,1000,10.0,timeout,0.364,0.0019,0.0015,0.364,0.2019,0.0408,0.2948,0.0587,0.0282,0.1356,0.5358,0.9138,16.8354,3.9448,3.344
2540,0,4,pronk,0.0,-0.2,0.25,False,189,1.89,fall_height,0.3394,-0.0059,0.195,0.34,0.1941,0.0631,0.2775,0.0567,0.0213,0.1402,0.5595,0.8975,18.9973,3.7701,3.338
2541,1,4,pronk,0.0,-0.2,0.25,False,235,2.35,fall_height,0.3423,-0.0058,0.1964,0.343,0.1942,0.0621,0.2848,0.0567,0.0177,0.1343,0.5523,0.8783,18.2278,2.9072,3.338
2542,2,4,pronk,0.0,-0.2,0.25,True,1000,10.0,timeout,0.3494,-0.0075,0.1913,0.3501,0.1925,0.0692,0.2889,0.0569,0.0206,0.1295,0.5455,0.892,17.6181,2.7283,3.338
2543,3,4,pronk,0.0,-0.2,0.25,False,170,1.7,fall_height,0.3586,-0.0095,0.1996,0.3593,0.1905,0.0632,0.2934,0.0585,0.0181,0.1321,0.5468,0.8748,17.3258,2.8591,3.338
2544,4,4,pronk,0.0,-0.2,0.25,False,120,1.2,fall_height,0.3617,-0.0103,0.206,0.3625,0.1897,0.0615,0.295,0.0587,0.014,0.1436,0.547,0.934,16.8579,2.7264,3.338
2545,0,4,pronk,0.0,-0.2,0.5,False,45,0.45,fall_height,0.3771,-0.0208,0.3913,0.3771,0.1792,0.1088,0.2862,0.0604,0.0133,0.1473,0.51,0.94,17.9936,3.7108,0.451
2546,1,4,pronk,0.0,-0.2,0.5,False,49,0.49,isaac_reset,0.3783,-0.0194,0.3832,0.3783,0.1806,0.1168,0.2867,0.0603,0.0123,0.146,0.505,0.945,17.7614,3.1248,0.451
2547,2,4,pronk,0.0,-0.2,0.5,False,49,0.49,isaac_reset,0.3653,-0.0292,0.3694,0.3653,0.1708,0.1307,0.2919,0.0595,0.0024,0.1504,0.505,0.935,17.2585,3.5778,0.451
2548,3,4,pronk,0.0,-0.2,0.5,False,49,0.49,isaac_reset,0.3914,-0.0278,0.3811,0.3914,0.1722,0.1215,0.2963,0.0606,0.0043,0.1516,0.495,0.965,16.8595,3.124,0.451
2549,4,4,pronk,0.0,-0.2,0.5,False,49,0.49,isaac_reset,0.3875,-0.0297,0.3833,0.3875,0.1703,0.1196,0.2953,0.0606,0.0031,0.1539,0.515,0.955,16.9085,2.878,0.451
2550,0,4,pronk,0.0,0.0,-0.5,False,107,1.07,fall_height,0.3437,0.0476,-0.3945,0.3437,0.0506,0.1083,0.2806,0.0597,0.0537,0.1382,0.5585,0.925,18.5228,1.4867,3.365
2551,1,4,pronk,0.0,0.0,-0.5,False,89,0.89,fall_height,0.3433,0.0357,-0.3731,0.3433,0.043,0.1299,0.2919,0.0575,0.0438,0.1387,0.5525,0.9235,17.7751,1.6548,3.365
2552,2,4,pronk,0.0,0.0,-0.5,False,389,3.89,fall_height,0.3522,0.041,-0.3894,0.3522,0.0442,0.113,0.2922,0.0589,0.0384,0.1292,0.5455,0.9335,17.2998,1.6514,3.365
2553,3,4,pronk,0.0,0.0,-0.5,True,1000,10.0,timeout,0.3623,0.0409,-0.4,0.3623,0.0452,0.1045,0.2955,0.0595,0.0469,0.1256,0.5428,0.9448,16.9308,1.523,3.365
2554,4,4,pronk,0.0,0.0,-0.5,True,1000,10.0,timeout,0.3597,0.0386,-0.3907,0.3597,0.0429,0.1126,0.2961,0.0592,0.0414,0.1295,0.5388,0.9413,16.7888,1.5255,3.365
2555,0,4,pronk,0.0,0.0,-0.25,False,58,0.58,fall_height,0.3447,0.0371,-0.2001,0.3447,0.0412,0.0645,0.2784,0.0593,0.0481,0.1376,0.546,0.944,18.4851,2.6622,3.368
2556,1,4,pronk,0.0,0.0,-0.25,True,1000,10.0,timeout,0.3503,0.0265,-0.1923,0.3503,0.0318,0.0667,0.2878,0.0573,0.0373,0.14,0.5268,0.9553,17.585,2.6517,3.368
2557,2,4,pronk,0.0,0.0,-0.25,False,141,1.41,fall_height,0.3369,0.0319,-0.1958,0.3369,0.0379,0.0697,0.2925,0.0576,0.0427,0.1259,0.5428,0.9128,17.22,2.8423,3.368
2558,3,4,pronk,0.0,0.0,-0.25,True,1000,10.0,timeout,0.3529,0.0316,-0.208,0.3529,0.0368,0.0626,0.2951,0.0593,0.0446,0.138,0.534,0.9525,16.5476,2.851,3.368
2559,4,4,pronk,0.0,0.0,-0.25,True,1000,10.0,timeout,0.351,0.0299,-0.2027,0.351,0.0354,0.0632,0.2956,0.0587,0.0423,0.1376,0.5365,0.948,16.5667,2.0674,3.368
2560,0,4,pronk,0.0,0.0,0.0,False,105,1.05,fall_height,0.3343,0.0248,-0.0069,0.335,0.0285,0.0407,0.2798,0.0589,0.0394,0.1361,0.555,0.9325,18.5789,3.1726,3.367
2561,1,4,pronk,0.0,0.0,0.0,False,350,3.5,fall_height,0.3278,0.0215,0.0121,0.3284,0.0263,0.0407,0.2861,0.0557,0.0322,0.1313,0.5483,0.8878,17.9726,3.5257,3.367
2562,2,4,pronk,0.0,0.0,0.0,False,246,2.46,fall_height,0.341,0.0277,0.0057,0.3416,0.0323,0.044,0.2884,0.0579,0.0401,0.1287,0.5195,0.8825,17.5186,2.7045,3.367
2563,3,4,pronk,0.0,0.0,0.0,False,112,1.12,fall_height,0.3493,0.0189,0.0007,0.3502,0.026,0.0424,0.2976,0.0589,0.0343,0.1418,0.542,0.9425,16.5399,3.6495,3.367
2564,4,4,pronk,0.0,0.0,0.0,True,1000,10.0,timeout,0.3341,0.0164,0.0043,0.3348,0.0254,0.0435,0.297,0.0574,0.031,0.137,0.5528,0.9083,16.2629,3.0891,3.367
2565,0,4,pronk,0.0,0.0,0.25,False,13,0.13,fall_height,0.3492,0.0116,0.1866,0.3492,0.0155,0.0649,0.2785,0.0607,0.0313,0.1432,0.55,0.94,18.8831,3.8886,0.458
2566,1,4,pronk,0.0,0.0,0.25,False,49,0.49,isaac_reset,0.3589,0.0063,0.1855,0.3589,0.0126,0.0658,0.2886,0.0592,0.0253,0.1471,0.5,0.94,17.5221,3.0443,0.458
2567,2,4,pronk,0.0,0.0,0.25,False,0,0.0,fall_height,0.3845,0.0158,0.1826,0.3845,0.0197,0.0689,0.2905,0.0625,0.0356,0.1476,0.47,0.94,16.8254,3.6211,0.458
2568,3,4,pronk,0.0,0.0,0.25,False,49,0.49,isaac_reset,0.3664,0.006,0.1975,0.3664,0.0155,0.0605,0.2976,0.0591,0.026,0.1558,0.515,0.955,16.6798,3.9589,0.458
2569,4,4,pronk,0.0,0.0,0.25,False,49,0.49,isaac_reset,0.3594,-0.0001,0.1921,0.3594,0.0099,0.0663,0.2965,0.0586,0.019,0.1503,0.52,0.94,16.9197,3.5885,0.458
2570,0,4,pronk,0.0,0.0,0.5,False,36,0.36,fall_height,0.3802,0.0305,0.3881,0.3802,0.0369,0.1131,0.2957,0.0599,0.0547,0.1313,0.5365,0.8961,15.4929,0.5374,0.566
2571,1,4,pronk,0.0,0.0,0.5,False,88,0.88,fall_height,0.3572,0.0452,0.3648,0.3572,0.0455,0.1408,0.2611,0.0442,0.0343,0.0848,0.6096,0.7051,20.1075,0.4039,0.566
2572,2,4,pronk,0.0,0.0,0.5,False,27,0.27,fall_height,0.3425,0.0379,0.3813,0.3425,0.0494,0.134,0.2824,0.0684,0.058,0.0694,0.6376,0.6826,20.2743,0.4495,0.566
2573,3,4,pronk,0.0,0.0,0.5,False,35,0.35,fall_height,0.3719,0.0326,0.3794,0.3719,0.0477,0.129,0.3023,0.0615,0.0582,0.1221,0.5815,0.8174,15.0223,0.4638,0.566
2574,4,4,pronk,0.0,0.0,0.5,False,73,0.73,fall_height,0.3982,0.0186,0.3398,0.3982,0.0319,0.1661,0.2901,0.0621,0.0708,0.0785,0.6433,0.6657,20.7336,0.5074,0.566
2575,0,4,pronk,0.0,0.2,-0.5,False,2,0.02,fall_height,0.346,0.0646,-0.4074,0.346,0.1354,0.0946,0.2738,0.0573,0.0517,0.1273,0.5395,0.9576,18.8219,1.0708,2.913
2576,1,4,pronk,0.0,0.2,-0.5,False,2,0.02,fall_height,0.3449,0.0694,-0.4013,0.3449,0.1306,0.1004,0.2812,0.0589,0.0547,0.1298,0.5232,0.9588,18.1269,0.4058,2.913
2577,2,4,pronk,0.0,0.2,-0.5,False,47,0.47,fall_height,0.3501,0.0713,-0.4167,0.3501,0.1291,0.0887,0.2856,0.0601,0.0641,0.1261,0.511,0.9582,17.2222,0.7428,2.913
2578,3,4,pronk,0.0,0.2,-0.5,False,860,8.6,isaac_reset,0.3526,0.0634,-0.4188,0.3526,0.1366,0.0892,0.2924,0.0587,0.0588,0.1303,0.5256,0.9623,16.8653,0.5709,2.913
2579,4,4,pronk,0.0,0.2,-0.5,False,860,8.6,isaac_reset,0.3525,0.0596,-0.4096,0.3525,0.1404,0.0956,0.295,0.0589,0.0526,0.1329,0.5328,0.9608,16.537,0.2894,2.913
2580,0,4,pronk,0.0,0.2,-0.25,False,47,0.47,fall_height,0.346,0.0585,-0.211,0.346,0.1415,0.0577,0.2746,0.0576,0.056,0.1319,0.5345,0.958,18.4304,3.0143,3.352
2581,1,4,pronk,0.0,0.2,-0.25,False,91,0.91,fall_height,0.3471,0.0602,-0.2023,0.3471,0.1398,0.0602,0.2812,0.0588,0.0542,0.135,0.5178,0.9613,17.8453,3.115,3.352
2582,2,4,pronk,0.0,0.2,-0.25,True,1000,10.0,timeout,0.3451,0.0467,-0.2053,0.3451,0.1533,0.0673,0.2945,0.0575,0.058,0.1301,0.5325,0.9405,17.0756,2.9812,3.352
2583,3,4,pronk,0.0,0.2,-0.25,False,85,0.85,fall_height,0.3474,0.0529,-0.1983,0.3474,0.1471,0.0731,0.2936,0.0584,0.0541,0.1363,0.541,0.925,16.895,2.9664,3.352
2584,4,4,pronk,0.0,0.2,-0.25,False,56,0.56,fall_height,0.3438,0.0482,-0.2027,0.3438,0.1518,0.0684,0.2968,0.0592,0.0497,0.1404,0.5425,0.948,16.0575,2.9502,3.352
2585,0,4,pronk,0.0,0.2,0.0,False,72,0.72,fall_height,0.3414,0.0465,-0.0062,0.3414,0.1535,0.0395,0.2737,0.0569,0.0533,0.141,0.567,0.9415,18.6458,4.1049,3.35
2586,1,4,pronk,0.0,0.2,0.0,True,1000,10.0,timeout,0.0158,-0.0004,-0.0014,0.0245,0.2004,0.016,0.3072,0.0177,0.0251,0.1555,0.9718,0.9563,12.7768,2.8387,3.35
2587,2,4,pronk,0.0,0.2,0.0,False,437,4.37,fall_height,0.3402,0.043,-0.0008,0.3402,0.157,0.0415,0.292,0.0582,0.048,0.1384,0.5455,0.906,17.2108,3.6856,3.35
2588,3,4,pronk,0.0,0.2,0.0,False,98,0.98,fall_height,0.3641,0.0401,-0.0136,0.3641,0.1599,0.0463,0.2968,0.059,0.0491,0.1427,0.5203,0.9348,16.2151,3.3942,3.35
2589,4,4,pronk,0.0,0.2,0.0,False,106,1.06,fall_height,0.3544,0.039,-0.0004,0.3544,0.161,0.0432,0.2972,0.058,0.044,0.144,0.5413,0.9218,16.3679,3.3457,3.35
2590,0,4,pronk,0.0,0.2,0.25,False,73,0.73,fall_height,0.3526,0.0386,0.1783,0.3533,0.1614,0.0776,0.2741,0.0587,0.0408,0.144,0.5553,0.9348,19.0132,2.219,3.377
2591,1,4,pronk,0.0,0.2,0.25,False,156,1.56,fall_height,0.34,0.0427,0.1878,0.3405,0.1573,0.0728,0.2787,0.0582,0.0442,0.1409,0.5438,0.8993,17.9626,3.8367,3.377
2592,2,4,pronk,0.0,0.2,0.25,False,156,1.56,fall_height,0.3541,0.0273,0.189,0.3547,0.1727,0.0728,0.2892,0.0575,0.0318,0.1402,0.5312,0.8978,17.1532,3.5139,3.377
2593,3,4,pronk,0.0,0.2,0.25,False,100,1.0,fall_height,0.3646,0.0255,0.1918,0.3658,0.1745,0.0635,0.2968,0.0584,0.0281,0.1519,0.5315,0.9355,16.2657,3.8588,3.377
2594,4,4,pronk,0.0,0.2,0.25,True,1000,10.0,timeout,0.3677,0.0273,0.1856,0.3685,0.1728,0.0705,0.2946,0.058,0.0363,0.138,0.536,0.902,17.0945,2.8188,3.377
2595,0,4,pronk,0.0,0.2,0.5,False,30,0.3,fall_height,0.3825,0.0261,0.3724,0.3825,0.1739,0.1276,0.2779,0.0633,0.0345,0.1529,0.51,0.955,18.6973,2.9386,0.455
2596,1,4,pronk,0.0,0.2,0.5,False,20,0.2,fall_height,0.3915,0.0246,0.3711,0.3915,0.1754,0.1289,0.2815,0.0597,0.0347,0.1531,0.52,0.95,18.223,3.6037,0.455
2597,2,4,pronk,0.0,0.2,0.5,False,49,0.49,isaac_reset,0.3873,0.0095,0.3806,0.3873,0.1905,0.1194,0.2946,0.0595,0.0163,0.1678,0.515,0.955,16.9645,3.5112,0.455
2598,3,4,pronk,0.0,0.2,0.5,False,49,0.49,isaac_reset,0.385,0.0097,0.3859,0.385,0.1903,0.1141,0.2979,0.0591,0.0192,0.16,0.515,0.95,16.6772,3.0214,0.455
2599,4,4,pronk,0.0,0.2,0.5,False,49,0.49,isaac_reset,0.3956,0.0058,0.3776,0.3956,0.1942,0.1224,0.3011,0.0594,0.015,0.1645,0.495,0.94,15.93,3.0586,0.455
2600,0,4,pronk,0.0,0.4,-0.5,False,34,0.34,fall_height,0.3481,0.0941,-0.4132,0.3481,0.3059,0.089,0.2733,0.058,0.0707,0.1206,0.5415,0.9555,18.7251,1.4119,3.37
2601,1,4,pronk,0.0,0.4,-0.5,False,8,0.08,fall_height,0.3454,0.0934,-0.4104,0.3454,0.3066,0.0934,0.2779,0.0599,0.0693,0.12,0.5278,0.9508,18.389,1.424,3.37
2602,2,4,pronk,0.0,0.4,-0.5,False,30,0.3,fall_height,0.3493,0.1077,-0.4229,0.3493,0.2923,0.0857,0.2793,0.0607,0.0916,0.1094,0.5218,0.9478,17.6424,1.4362,3.37
2603,3,4,pronk,0.0,0.4,-0.5,False,82,0.82,fall_height,0.3603,0.0765,-0.4114,0.3603,0.3235,0.0969,0.2939,0.0591,0.0695,0.1275,0.5393,0.9383,17.0308,1.456,3.37
2604,4,4,pronk,0.0,0.4,-0.5,True,1000,10.0,timeout,0.3621,0.0859,-0.4176,0.3621,0.3141,0.0902,0.2938,0.0585,0.0728,0.135,0.5188,0.9668,16.3799,1.3474,3.37
2605,0,4,pronk,0.0,0.4,-0.25,False,64,0.64,fall_height,0.3415,0.082,-0.2131,0.3415,0.318,0.056,0.2741,0.0577,0.0745,0.1254,0.5528,0.9503,18.6962,3.1773,3.365
2606,1,4,pronk,0.0,0.4,-0.25,False,343,3.43,fall_height,0.347,0.0723,-0.202,0.347,0.3277,0.0656,0.2855,0.0572,0.0655,0.1233,0.5415,0.9045,18.164,2.5883,3.365
2607,2,4,pronk,0.0,0.4,-0.25,True,1000,10.0,timeout,0.3407,0.0753,-0.2107,0.3407,0.3247,0.0598,0.2909,0.0575,0.0695,0.1278,0.5273,0.9308,17.1421,3.2106,3.365
2608,3,4,pronk,0.0,0.4,-0.25,True,1000,10.0,timeout,0.3551,0.0747,-0.2183,0.3551,0.3253,0.0631,0.293,0.058,0.0721,0.129,0.5323,0.9258,17.0867,2.7414,3.365
2609,4,4,pronk,0.0,0.4,-0.25,True,1000,10.0,timeout,0.3559,0.073,-0.2106,0.3559,0.327,0.0669,0.294,0.0578,0.0671,0.1303,0.5335,0.92,16.8161,2.9706,3.365
2610,0,4,pronk,0.0,0.4,0.0,False,92,0.92,fall_height,0.3323,0.0717,-0.0176,0.3329,0.3283,0.0555,0.2749,0.0593,0.0756,0.1252,0.5683,0.8823,19.0083,3.0084,3.354
2611,1,4,pronk,0.0,0.4,0.0,False,90,0.9,fall_height,0.3524,0.068,0.0016,0.3528,0.332,0.0408,0.2858,0.0587,0.0551,0.1442,0.5255,0.9425,17.73,3.0727,3.354
2612,2,4,pronk,0.0,0.4,0.0,True,1000,10.0,timeout,0.3252,0.0584,-0.0052,0.3259,0.3416,0.0476,0.2951,0.0555,0.062,0.1354,0.5458,0.8763,17.2517,2.3577,3.354
2613,3,4,pronk,0.0,0.4,0.0,False,146,1.46,fall_height,0.3408,0.0578,0.0009,0.3414,0.3422,0.0458,0.2982,0.0579,0.0547,0.1434,0.5385,0.9035,16.3436,3.3428,3.354
2614,4,4,pronk,0.0,0.4,0.0,False,155,1.55,fall_height,0.3337,0.0596,-0.0017,0.3344,0.3404,0.0472,0.2974,0.0573,0.0543,0.1452,0.547,0.8965,16.3281,3.1923,3.354
2615,0,4,pronk,0.0,0.4,0.25,False,8,0.08,fall_height,0.3607,0.0636,0.1962,0.3607,0.3364,0.0584,0.2706,0.0599,0.0627,0.1541,0.535,0.965,19.1025,3.8062,0.455
2616,1,4,pronk,0.0,0.4,0.25,False,45,0.45,fall_height,0.3705,0.0614,0.2126,0.3705,0.3386,0.0438,0.2895,0.0613,0.0498,0.1546,0.495,0.955,17.1914,3.4143,0.455
2617,2,4,pronk,0.0,0.4,0.25,False,49,0.49,isaac_reset,0.3533,0.0455,0.1997,0.3533,0.3545,0.0592,0.2991,0.0589,0.044,0.1677,0.495,0.945,16.4274,3.3486,0.455
2618,3,4,pronk,0.0,0.4,0.25,False,49,0.49,isaac_reset,0.3629,0.0468,0.2006,0.3629,0.3532,0.0569,0.2981,0.0575,0.046,0.1576,0.51,0.94,16.5853,3.5614,0.455
2619,4,4,pronk,0.0,0.4,0.25,False,49,0.49,isaac_reset,0.373,0.047,0.1984,0.373,0.353,0.0585,0.2979,0.0583,0.0415,0.165,0.51,0.96,16.3545,2.7547,0.455
2620,0,4,pronk,0.0,0.4,0.5,False,0,0.0,fall_height,0.3859,0.0526,0.3717,0.3859,0.3474,0.1288,0.2706,0.0587,0.0522,0.1548,0.545,0.951,18.6015,1.9413,3.332
2621,1,4,pronk,0.0,0.4,0.5,True,1000,10.0,timeout,0.0176,-0.0026,0.0403,0.0185,0.4026,0.4597,0.2944,0.007,0.0457,0.2284,0.9963,0.9953,14.6202,0.3541,3.332
2622,2,4,pronk,0.0,0.4,0.5,False,65,0.65,fall_height,0.4046,0.0426,0.3908,0.4046,0.3574,0.1102,0.2889,0.0596,0.0412,0.1641,0.5145,0.9555,17.0467,1.9077,3.332
2623,3,4,pronk,0.0,0.4,0.5,False,100,1.0,fall_height,0.398,0.0401,0.3789,0.398,0.3599,0.1213,0.296,0.0592,0.0447,0.1581,0.5278,0.9288,16.5835,1.9578,3.332
2624,4,4,pronk,0.0,0.4,0.5,True,1000,10.0,timeout,0.3947,0.0332,0.3873,0.3947,0.3668,0.1127,0.2958,0.0588,0.034,0.1698,0.5203,0.9533,16.3126,1.8452,3.332
2625,0,4,pronk,0.3,-0.4,-0.5,False,248,2.48,fall_height,0.4684,0.0087,-0.3648,0.1729,0.4087,0.1369,0.2895,0.0637,0.0409,0.1494,0.554,0.912,18.542,3.5682,3.348
2626,1,4,pronk,0.3,-0.4,-0.5,True,1000,10.0,timeout,0.4578,0.0366,-0.153,0.1612,0.4366,0.3474,0.273,0.0159,0.0716,0.0889,0.5033,0.5048,22.584,3.922,3.348
2627,2,4,pronk,0.3,-0.4,-0.5,False,392,3.92,fall_height,0.462,-0.0009,-0.3523,0.1662,0.3991,0.1479,0.3013,0.0611,0.0232,0.1414,0.5385,0.8965,17.2311,3.5652,3.348
2628,3,4,pronk,0.3,-0.4,-0.5,False,252,2.52,fall_height,0.4712,-0.0024,-0.3565,0.1782,0.3976,0.1442,0.3054,0.0647,0.026,0.1415,0.5475,0.9215,16.5962,3.7322,3.348
2629,4,4,pronk,0.3,-0.4,-0.5,False,743,7.43,fall_height,0.4784,0.0019,-0.3623,0.1792,0.4019,0.1385,0.3019,0.0606,0.0287,0.1319,0.5335,0.9055,17.0525,3.0858,3.348
2630,0,4,pronk,0.3,-0.4,-0.25,False,100,1.0,fall_height,0.4638,-0.0087,-0.177,0.1775,0.3913,0.0841,0.2888,0.0634,0.0295,0.1585,0.546,0.925,18.2969,4.1194,3.351
2631,1,4,pronk,0.3,-0.4,-0.25,True,1000,10.0,timeout,0.454,0.0258,-0.0548,0.1694,0.4258,0.2053,0.275,0.0202,0.0633,0.0962,0.5175,0.4845,22.4431,1.8804,3.351
2632,2,4,pronk,0.3,-0.4,-0.25,True,1000,10.0,timeout,0.0418,-0.0025,-0.0253,0.2758,0.3975,0.2264,0.3159,0.0125,0.0271,0.1866,0.9508,0.9438,13.4186,2.5795,3.351
2633,3,4,pronk,0.3,-0.4,-0.25,False,242,2.42,fall_height,0.4599,-0.0098,-0.1703,0.1744,0.3902,0.0886,0.306,0.0641,0.0252,0.1344,0.5443,0.8933,16.9363,3.0317,3.351
2634,4,4,pronk,0.3,-0.4,-0.25,False,645,6.45,fall_height,0.4666,-0.0112,-0.1735,0.1819,0.3888,0.0861,0.303,0.0612,0.0289,0.128,0.542,0.878,17.0384,3.7932,3.351
2635,0,4,pronk,0.3,-0.4,0.0,False,0,0.0,fall_height,0.4976,-0.0321,-0.0107,0.2096,0.3679,0.0429,0.3193,0.0752,0.0267,0.1705,0.48,0.95,15.5824,4.2905,0.456
2636,1,4,pronk,0.3,-0.4,0.0,False,49,0.49,isaac_reset,0.4986,0.0266,0.084,0.2106,0.4266,0.0891,0.2781,0.0225,0.0654,0.1202,0.495,0.505,23.3789,4.5371,0.456
2637,2,4,pronk,0.3,-0.4,0.0,False,49,0.49,isaac_reset,0.0068,0.008,0.0585,0.2932,0.408,0.0585,0.3125,0.0126,0.0262,0.1971,0.98,1.0,12.4104,0.368,0.456
2638,3,4,pronk,0.3,-0.4,0.0,False,38,0.38,fall_height,0.4394,-0.015,0.0446,0.152,0.385,0.0487,0.272,0.0543,0.0156,0.1503,0.555,0.905,19.2048,4.0757,0.456
2639,4,4,pronk,0.3,-0.4,0.0,False,45,0.45,fall_height,0.4432,-0.0205,0.0514,0.1561,0.3795,0.0522,0.2829,0.0527,0.0126,0.1535,0.55,0.92,18.3441,4.145,0.456
2640,0,4,pronk,0.3,-0.4,0.25,False,34,0.34,fall_height,0.5023,-0.039,0.2106,0.2023,0.361,0.0574,0.2852,0.0626,0.0168,0.1668,0.5378,0.9348,18.5729,4.3546,3.357
2641,1,4,pronk,0.3,-0.4,0.25,True,1000,10.0,timeout,0.5267,0.0207,0.2007,0.2272,0.4207,0.1136,0.2733,0.0149,0.074,0.1281,0.5093,0.4908,22.5742,4.5059,3.357
2642,2,4,pronk,0.3,-0.4,0.25,True,1000,10.0,timeout,0.5483,0.0258,0.1739,0.2492,0.4258,0.0983,0.2724,0.0166,0.0941,0.1173,0.489,0.51,21.9581,4.9523,3.357
2643,3,4,pronk,0.3,-0.4,0.25,True,1000,10.0,timeout,0.5125,-0.0425,0.2303,0.2125,0.3575,0.0447,0.295,0.0578,0.0117,0.1548,0.5183,0.9593,16.9822,4.2575,3.357
2644,4,4,pronk,0.3,-0.4,0.25,False,109,1.09,fall_height,0.5014,-0.0418,0.2316,0.203,0.3582,0.0472,0.3001,0.0601,0.0112,0.1536,0.5285,0.947,16.5607,4.1265,3.357
2645,0,4,pronk,0.3,-0.4,0.5,False,117,1.17,fall_height,0.4943,-0.0471,0.3954,0.1951,0.3529,0.1101,0.2834,0.0607,0.0192,0.1611,0.5613,0.8978,19.2298,4.0874,3.411
2646,1,4,pronk,0.3,-0.4,0.5,True,1000,10.0,timeout,0.5131,0.0097,0.351,0.2335,0.4097,0.1697,0.2702,0.0178,0.0776,0.1208,0.5435,0.4565,22.8027,4.1607,3.411
2647,2,4,pronk,0.3,-0.4,0.5,False,161,1.61,isaac_reset,0.183,-0.0113,0.1918,0.1828,0.3887,0.3186,0.3071,0.0304,0.0286,0.1453,0.8058,0.7878,17.6301,5.0369,3.411
2648,3,4,pronk,0.3,-0.4,0.5,True,1000,10.0,timeout,0.5234,-0.0538,0.4385,0.2234,0.3462,0.07,0.2981,0.058,0.0105,0.1532,0.519,0.9605,16.9609,4.722,3.411
2649,4,4,pronk,0.3,-0.4,0.5,True,1000,10.0,timeout,0.5212,-0.0534,0.4371,0.2212,0.3466,0.0723,0.2983,0.059,0.0111,0.1515,0.5165,0.957,17.029,3.259,3.411
2650,0,4,pronk,0.3,-0.2,-0.5,False,334,3.34,fall_height,0.4529,0.0251,-0.3791,0.1651,0.2251,0.1225,0.2881,0.06,0.0486,0.1358,0.5605,0.903,19.0109,3.2494,3.367
2651,1,4,pronk,0.3,-0.2,-0.5,True,1000,10.0,timeout,0.4575,0.0544,-0.1641,0.1739,0.2545,0.3359,0.2732,0.0188,0.0585,0.1008,0.5175,0.4825,22.9173,7.3794,3.367
2652,2,4,pronk,0.3,-0.2,-0.5,False,523,5.23,isaac_reset,0.1977,0.0221,-0.1117,0.2303,0.2221,0.3898,0.2984,0.03,0.0844,0.1306,0.7798,0.759,17.3501,0.9747,3.367
2653,3,4,pronk,0.3,-0.2,-0.5,False,870,8.7,fall_height,0.4538,0.0159,-0.3717,0.1708,0.2159,0.1301,0.3011,0.0603,0.0361,0.1269,0.5395,0.8945,17.2038,3.3358,3.367
2654,4,4,pronk,0.3,-0.2,-0.5,False,106,1.06,fall_height,0.4569,0.0179,-0.3708,0.1736,0.2179,0.1298,0.3059,0.067,0.0293,0.1422,0.5253,0.9258,16.2299,4.5864,3.367
2655,0,4,pronk,0.3,-0.2,-0.25,False,29,0.29,fall_height,0.4439,0.0036,-0.193,0.161,0.2036,0.071,0.2878,0.0616,0.0348,0.1488,0.5331,0.9216,18.5429,3.655,2.145
2656,1,4,pronk,0.3,-0.2,-0.25,False,49,0.49,isaac_reset,0.4551,0.0433,-0.0824,0.1787,0.2433,0.1697,0.2783,0.0232,0.0698,0.0881,0.503,0.5004,22.613,3.0606,2.145
2657,2,4,pronk,0.3,-0.2,-0.25,False,573,5.73,isaac_reset,0.4843,0.0632,-0.0274,0.1854,0.2632,0.2226,0.2757,0.0141,0.0827,0.1087,0.4848,0.5139,21.7803,1.4521,2.145
2658,3,4,pronk,0.3,-0.2,-0.25,False,49,0.49,isaac_reset,0.4388,0.0078,-0.1817,0.1746,0.2078,0.0803,0.2996,0.057,0.034,0.1113,0.5396,0.8602,17.6619,2.9847,2.145
2659,4,4,pronk,0.3,-0.2,-0.25,False,6,0.06,fall_height,0.4557,-0.0001,-0.1763,0.1812,0.1999,0.085,0.3039,0.0701,0.0253,0.1431,0.5483,0.9203,17.0695,3.1976,2.145
2660,0,4,pronk,0.3,-0.2,0.0,False,57,0.57,fall_height,0.471,-0.0086,-0.0005,0.1799,0.1914,0.0452,0.2898,0.0622,0.0254,0.1615,0.5405,0.929,18.3211,1.625,3.379
2661,1,4,pronk,0.3,-0.2,0.0,False,525,5.25,isaac_reset,0.4809,0.0305,0.016,0.2133,0.2305,0.0731,0.2849,0.0352,0.0705,0.1046,0.5208,0.526,22.1127,0.899,3.379
2662,2,4,pronk,0.3,-0.2,0.0,True,1000,10.0,timeout,0.5147,0.0524,0.0864,0.2147,0.2524,0.0957,0.2731,0.0133,0.0942,0.1138,0.5003,0.4998,22.0112,5.235,3.379
2663,3,4,pronk,0.3,-0.2,0.0,False,525,5.25,isaac_reset,0.4599,-0.0055,0.0115,0.1799,0.1945,0.0442,0.3007,0.0581,0.0314,0.133,0.5298,0.8878,17.0276,1.6208,3.379
2664,4,4,pronk,0.3,-0.2,0.0,False,183,1.83,fall_height,0.4664,-0.0065,0.0104,0.1825,0.1935,0.0473,0.3073,0.0674,0.0212,0.1466,0.5248,0.9313,16.21,1.4621,3.379
2665,0,4,pronk,0.3,-0.2,0.25,False,10,0.1,fall_height,0.4678,-0.0156,0.1993,0.182,0.1844,0.0639,0.2802,0.0592,0.0238,0.1507,0.5595,0.9,19.5273,0.7685,3.375
2666,1,4,pronk,0.3,-0.2,0.25,False,764,7.64,isaac_reset,0.4601,0.024,0.1428,0.2268,0.224,0.1275,0.2799,0.028,0.084,0.107,0.564,0.565,21.5893,1.2791,3.375
2667,2,4,pronk,0.3,-0.2,0.25,True,1000,10.0,timeout,0.0397,0.0052,0.0385,0.278,0.2052,0.2196,0.3043,0.0142,0.0422,0.1641,0.9738,0.9708,14.5673,4.7309,3.375
2668,3,4,pronk,0.3,-0.2,0.25,False,575,5.75,isaac_reset,0.481,-0.0197,0.2242,0.196,0.1803,0.0537,0.2996,0.0594,0.0189,0.1486,0.543,0.9355,17.1938,1.2221,3.375
2669,4,4,pronk,0.3,-0.2,0.25,False,536,5.36,fall_height,0.4656,-0.0221,0.2132,0.184,0.1779,0.0618,0.3047,0.0595,0.0176,0.1406,0.531,0.8968,16.7694,0.6081,3.375
2670,0,4,pronk,0.3,-0.2,0.5,False,30,0.3,fall_height,0.4864,-0.0268,0.3981,0.1988,0.1732,0.1077,0.2858,0.0587,0.0234,0.1521,0.5373,0.9108,18.845,1.2034,3.349
2671,1,4,pronk,0.3,-0.2,0.5,False,814,8.14,isaac_reset,0.0446,0.0034,0.0681,0.2671,0.2034,0.4397,0.2945,0.0155,0.0241,0.1912,0.953,0.948,16.845,0.6422,3.349
2672,2,4,pronk,0.3,-0.2,0.5,True,1000,10.0,timeout,0.0509,0.0024,0.0713,0.2627,0.2024,0.4296,0.3025,0.0155,0.0198,0.1775,0.8358,0.8348,16.2689,0.507,3.349
2673,3,4,pronk,0.3,-0.2,0.5,False,625,6.25,isaac_reset,0.5025,-0.0369,0.4257,0.2118,0.1631,0.0823,0.301,0.0594,0.0127,0.155,0.5293,0.9438,17.1565,0.464,3.349
2674,4,4,pronk,0.3,-0.2,0.5,False,625,6.25,isaac_reset,0.4974,-0.0323,0.4245,0.2103,0.1677,0.0831,0.3015,0.0587,0.0177,0.1498,0.528,0.946,17.0585,0.7002,3.349
2675,0,4,pronk,0.3,0.0,-0.5,False,83,0.83,fall_height,0.442,0.0392,-0.3935,0.158,0.0474,0.1133,0.288,0.0583,0.054,0.1335,0.5445,0.891,18.6823,1.5231,2.942
2676,1,4,pronk,0.3,0.0,-0.5,False,864,8.64,isaac_reset,-0.002,-0.0056,-0.013,0.302,0.0056,0.487,0.3223,0.0028,0.0258,0.1742,0.9988,0.9988,14.5889,1.1031,2.942
2677,2,4,pronk,0.3,0.0,-0.5,False,49,0.49,isaac_reset,0.0429,-0.0057,-0.0674,0.272,0.0134,0.4331,0.32,0.0172,0.0238,0.1542,0.9454,0.9332,13.7247,0.4373,2.942
2678,3,4,pronk,0.3,0.0,-0.5,False,675,6.75,isaac_reset,0.4489,0.034,-0.4065,0.164,0.0467,0.1023,0.3031,0.0607,0.0466,0.1256,0.546,0.9133,16.9705,1.9976,2.942
2679,4,4,pronk,0.3,0.0,-0.5,False,675,6.75,isaac_reset,0.4471,0.0304,-0.4022,0.1636,0.0408,0.1018,0.2981,0.0551,0.0423,0.1191,0.5416,0.9104,17.2851,2.0899,2.942
2680,0,4,pronk,0.3,0.0,-0.25,False,71,0.71,fall_height,0.4757,0.0339,-0.2069,0.1766,0.0422,0.0598,0.284,0.0606,0.0538,0.1546,0.5264,0.9459,18.1194,3.5976,2.681
2681,1,4,pronk,0.3,0.0,-0.25,False,26,0.26,fall_height,0.4826,0.0635,-0.0875,0.1861,0.0736,0.1845,0.2631,0.0309,0.0916,0.0942,0.5125,0.4945,22.9184,3.9994,2.681
2682,2,4,pronk,0.3,0.0,-0.25,False,234,2.34,isaac_reset,0.264,0.0296,-0.102,0.1943,0.0451,0.1838,0.3018,0.0396,0.0539,0.0988,0.6853,0.684,18.6143,1.3377,2.681
2683,3,4,pronk,0.3,0.0,-0.25,False,168,1.68,fall_height,0.4755,0.0327,-0.1949,0.1779,0.0398,0.0656,0.3015,0.0624,0.0471,0.1487,0.5306,0.9508,16.3321,3.6696,2.681
2684,4,4,pronk,0.3,0.0,-0.25,False,776,7.76,fall_height,0.4798,0.0298,-0.1916,0.1813,0.038,0.0673,0.3044,0.0616,0.0444,0.1476,0.5174,0.9524,16.1415,3.7085,2.681
2685,0,4,pronk,0.3,0.0,0.0,False,97,0.97,fall_height,0.4718,0.0134,-0.0094,0.1759,0.0253,0.0401,0.2804,0.059,0.0374,0.1551,0.539,0.943,18.72,5.58,3.357
2686,1,4,pronk,0.3,0.0,0.0,False,172,1.72,isaac_reset,0.4475,0.0476,0.0045,0.1955,0.0584,0.0681,0.2857,0.0306,0.0807,0.1108,0.5248,0.5403,21.957,2.0549,3.357
2687,2,4,pronk,0.3,0.0,0.0,False,715,7.15,isaac_reset,0.5179,0.0646,0.0408,0.2342,0.0724,0.0625,0.2754,0.0197,0.1006,0.1,0.481,0.5183,22.3823,0.2711,3.357
2688,3,4,pronk,0.3,0.0,0.0,True,1000,10.0,timeout,0.4773,0.0166,-0.0067,0.182,0.0298,0.0468,0.2953,0.0568,0.0474,0.1276,0.5355,0.8935,17.6655,5.8478,3.357
2689,4,4,pronk,0.3,0.0,0.0,True,1000,10.0,timeout,0.472,0.0077,0.0094,0.1819,0.0239,0.0393,0.3,0.0591,0.0388,0.1469,0.5337,0.9348,17.0095,6.3947,3.357
2690,0,4,pronk,0.3,0.0,0.25,False,0,0.0,fall_height,0.459,0.0022,0.1916,0.1746,0.0179,0.0685,0.2788,0.0582,0.0299,0.1457,0.5568,0.8822,19.6485,3.9457,2.66
2691,1,4,pronk,0.3,0.0,0.25,False,467,4.67,isaac_reset,0.3935,0.0431,0.1488,0.2329,0.0443,0.1172,0.2853,0.025,0.072,0.1119,0.6198,0.6315,20.0884,2.7084,2.66
2692,2,4,pronk,0.3,0.0,0.25,False,765,7.65,isaac_reset,0.5784,0.0644,0.1466,0.2792,0.065,0.1086,0.2735,0.0151,0.114,0.1181,0.471,0.5281,22.0505,1.5768,2.66
2693,3,4,pronk,0.3,0.0,0.25,False,33,0.33,isaac_reset,0.4651,0.0053,0.1897,0.1792,0.0226,0.0752,0.2977,0.0556,0.0401,0.1335,0.5297,0.873,17.393,2.9539,2.66
2694,4,4,pronk,0.3,0.0,0.25,False,33,0.33,isaac_reset,0.469,0.0009,0.1973,0.19,0.0186,0.0674,0.3023,0.0569,0.0321,0.1304,0.5264,0.8633,16.9729,3.0015,2.66
2695,0,4,pronk,0.3,0.0,0.5,False,32,0.32,fall_height,0.4816,-0.0075,0.3866,0.1957,0.015,0.1144,0.2796,0.0592,0.0247,0.1634,0.5373,0.9408,18.9544,1.1662,3.372
2696,1,4,pronk,0.3,0.0,0.5,False,122,1.22,isaac_reset,0.1268,0.0468,0.0771,0.2116,0.051,0.4341,0.2988,0.0218,0.0607,0.1807,0.743,0.7153,19.1256,0.5632,3.372
2697,2,4,pronk,0.3,0.0,0.5,True,1000,10.0,timeout,0.5841,0.0446,0.29,0.2841,0.0498,0.2103,0.2732,0.0154,0.1116,0.1203,0.4803,0.5197,22.1124,3.9546,3.372
2698,3,4,pronk,0.3,0.0,0.5,False,317,3.17,isaac_reset,0.4962,-0.0128,0.3981,0.2081,0.0253,0.1046,0.3012,0.0586,0.028,0.1472,0.5255,0.9133,17.1421,1.6452,3.372
2699,4,4,pronk,0.3,0.0,0.5,False,317,3.17,isaac_reset,0.48,-0.0139,0.4096,0.1976,0.0262,0.095,0.3003,0.0563,0.0225,0.1456,0.5353,0.8808,17.5417,2.2524,3.372
2700,0,4,pronk,0.3,0.2,-0.5,False,28,0.28,fall_height,0.4603,0.0575,-0.4045,0.1738,0.1427,0.1013,0.2852,0.0587,0.0549,0.1354,0.5408,0.9023,18.8203,4.5499,3.346
2701,1,4,pronk,0.3,0.2,-0.5,False,877,8.77,isaac_reset,0.0288,-0.0005,-0.0543,0.2806,0.2005,0.4466,0.3219,0.0149,0.0472,0.1545,0.9473,0.9338,14.7425,0.2903,3.346
2702,2,4,pronk,0.3,0.2,-0.5,True,1000,10.0,timeout,0.0377,-0.0022,-0.0424,0.2752,0.2022,0.4584,0.3174,0.0125,0.0087,0.1838,0.9735,0.964,13.0863,4.3534,3.346
2703,3,4,pronk,0.3,0.2,-0.5,False,367,3.67,isaac_reset,0.4528,0.0556,-0.4094,0.1817,0.1446,0.0982,0.2995,0.0568,0.0565,0.124,0.52,0.9075,16.9836,4.9474,3.346
2704,4,4,pronk,0.3,0.2,-0.5,False,367,3.67,isaac_reset,0.4654,0.0541,-0.402,0.1813,0.1459,0.1081,0.3009,0.0577,0.0537,0.1244,0.524,0.8905,17.183,3.7756,3.346
2705,0,4,pronk,0.3,0.2,-0.25,False,32,0.32,fall_height,0.4613,0.0495,-0.2047,0.1732,0.1505,0.0619,0.2817,0.0594,0.0553,0.1448,0.5403,0.9413,18.7449,1.1083,3.377
2706,1,4,pronk,0.3,0.2,-0.25,False,927,9.27,isaac_reset,0.4691,0.0806,-0.0895,0.1974,0.1194,0.1688,0.276,0.0185,0.0805,0.1082,0.5228,0.4773,22.7513,0.5268,3.377
2707,2,4,pronk,0.3,0.2,-0.25,True,1000,10.0,timeout,0.4776,0.0882,-0.0789,0.1964,0.1118,0.1742,0.2776,0.0202,0.1018,0.0899,0.4868,0.5303,21.848,4.9924,3.377
2708,3,4,pronk,0.3,0.2,-0.25,False,417,4.17,isaac_reset,0.4791,0.0488,-0.2041,0.1909,0.1512,0.0614,0.2987,0.0592,0.0549,0.1363,0.5178,0.9458,16.9692,2.2469,3.377
2709,4,4,pronk,0.3,0.2,-0.25,False,417,4.17,isaac_reset,0.46,0.046,-0.2038,0.1771,0.154,0.0636,0.2983,0.0577,0.0585,0.1265,0.5233,0.8853,17.3612,1.3172,3.377
2710,0,4,pronk,0.3,0.2,0.0,False,88,0.88,fall_height,0.4574,0.0366,-0.0162,0.1742,0.1636,0.0489,0.2832,0.0592,0.0538,0.1391,0.5417,0.9062,19.0779,1.1668,3.311
2711,1,4,pronk,0.3,0.2,0.0,False,977,9.77,isaac_reset,0.524,0.0846,0.0351,0.2246,0.1154,0.0839,0.2737,0.0147,0.0927,0.1243,0.4962,0.5031,22.4471,0.3742,3.311
2712,2,4,pronk,0.3,0.2,0.0,False,49,0.49,isaac_reset,0.4832,0.0867,0.0276,0.2035,0.1137,0.0654,0.2739,0.022,0.1091,0.0912,0.4944,0.5077,22.069,3.314,3.311
2713,3,4,pronk,0.3,0.2,0.0,False,467,4.67,isaac_reset,0.4591,0.0344,-0.003,0.1802,0.1656,0.0438,0.2995,0.057,0.051,0.1301,0.5307,0.8924,17.1478,0.9267,3.311
2714,4,4,pronk,0.3,0.2,0.0,False,467,4.67,isaac_reset,0.4676,0.0327,-0.0099,0.1802,0.1673,0.0451,0.2998,0.0571,0.049,0.1301,0.5389,0.8972,17.3036,1.1952,3.311
2715,0,4,pronk,0.3,0.2,0.25,False,42,0.42,fall_height,0.4762,0.0233,0.1805,0.1945,0.1767,0.0729,0.2801,0.0581,0.0354,0.1638,0.5288,0.939,18.639,0.9641,3.404
2716,1,4,pronk,0.3,0.2,0.25,True,1000,10.0,timeout,0.4988,0.0705,0.1764,0.203,0.1296,0.1257,0.2677,0.0179,0.0998,0.1127,0.5343,0.4658,22.7782,4.5507,3.404
2717,2,4,pronk,0.3,0.2,0.25,False,121,1.21,isaac_reset,0.5072,0.0718,0.1743,0.2381,0.1282,0.1081,0.2731,0.0203,0.1094,0.1042,0.4968,0.5025,22.3892,2.6649,3.404
2718,3,4,pronk,0.3,0.2,0.25,False,539,5.39,isaac_reset,0.4676,0.0222,0.1902,0.1808,0.1778,0.0702,0.2965,0.0584,0.0441,0.1423,0.546,0.8895,17.4143,1.2196,3.404
2719,4,4,pronk,0.3,0.2,0.25,False,539,5.39,isaac_reset,0.4642,0.0237,0.1973,0.1813,0.1764,0.0657,0.3041,0.0596,0.0449,0.1406,0.5268,0.8975,16.9502,1.1437,3.404
2720,0,4,pronk,0.3,0.2,0.5,False,0,0.0,fall_height,0.4746,0.0149,0.3728,0.1894,0.1851,0.1299,0.2811,0.0582,0.0414,0.1569,0.5493,0.9038,19.1579,0.4955,3.381
2721,1,4,pronk,0.3,0.2,0.5,True,1000,10.0,timeout,0.4999,0.0629,0.3297,0.1999,0.1371,0.2018,0.2677,0.0139,0.0872,0.1232,0.542,0.4655,22.6187,3.1297,3.381
2722,2,4,pronk,0.3,0.2,0.5,False,171,1.71,isaac_reset,0.4746,0.0655,0.2631,0.1897,0.1345,0.2512,0.2636,0.0233,0.1164,0.0936,0.5588,0.4393,22.3823,1.6568,3.381
2723,3,4,pronk,0.3,0.2,0.5,False,589,5.89,isaac_reset,0.4935,0.0094,0.4061,0.209,0.1906,0.0982,0.3022,0.0574,0.0311,0.1511,0.53,0.8948,17.0285,0.7081,3.381
2724,4,4,pronk,0.3,0.2,0.5,False,589,5.89,isaac_reset,0.4745,0.0093,0.4101,0.1936,0.1907,0.0939,0.3031,0.0571,0.0319,0.1551,0.5445,0.8965,17.0627,1.1588,3.381
2725,0,4,pronk,0.3,0.4,-0.5,False,1,0.01,fall_height,0.4722,0.0806,-0.4136,0.1731,0.3194,0.0903,0.2781,0.0581,0.0671,0.1394,0.5281,0.957,18.6389,0.9494,2.277
2726,1,4,pronk,0.3,0.4,-0.5,False,212,2.12,isaac_reset,0.1261,0.0123,-0.1921,0.2414,0.3895,0.3287,0.3309,0.03,0.0569,0.1542,0.852,0.8406,16.6426,3.4345,2.277
2727,2,4,pronk,0.3,0.4,-0.5,False,221,2.21,isaac_reset,0.454,0.1188,-0.2707,0.1792,0.2812,0.2359,0.2765,0.0225,0.0756,0.0999,0.5078,0.518,21.6466,3.3285,2.277
2728,3,4,pronk,0.3,0.4,-0.5,False,639,6.39,isaac_reset,0.4804,0.079,-0.4182,0.1813,0.321,0.0888,0.3005,0.0606,0.0622,0.1361,0.532,0.95,16.8583,1.4622,2.277
2729,4,4,pronk,0.3,0.4,-0.5,False,434,4.34,fall_height,0.4831,0.0807,-0.4138,0.1841,0.3193,0.0921,0.3043,0.0616,0.0621,0.1395,0.5129,0.9535,16.303,1.3876,2.277
2730,0,4,pronk,0.3,0.4,-0.25,False,8,0.08,fall_height,0.4735,0.0734,-0.2159,0.1735,0.3266,0.0534,0.2778,0.0586,0.068,0.1458,0.5335,0.9525,18.6883,4.0514,3.346
2731,1,4,pronk,0.3,0.4,-0.25,False,622,6.22,isaac_reset,-0.0039,-0.0008,-0.0076,0.3039,0.4008,0.2424,0.3324,0.0107,0.0406,0.1927,0.9928,0.993,13.7926,0.5528,3.346
2732,2,4,pronk,0.3,0.4,-0.25,False,631,6.31,isaac_reset,0.4423,0.0969,-0.1248,0.1799,0.3049,0.1458,0.2847,0.0353,0.1013,0.09,0.5298,0.4948,21.6541,1.638,3.346
2733,3,4,pronk,0.3,0.4,-0.25,True,1000,10.0,timeout,0.4855,0.072,-0.2185,0.1855,0.328,0.056,0.2994,0.0598,0.0739,0.1331,0.5208,0.9503,16.8035,4.0782,3.346
2734,4,4,pronk,0.3,0.4,-0.25,False,169,1.69,fall_height,0.4683,0.0775,-0.2159,0.1688,0.3225,0.0546,0.3008,0.0626,0.0797,0.1333,0.5203,0.9423,16.7419,4.0289,3.346
2735,0,4,pronk,0.3,0.4,0.0,False,221,2.21,fall_height,0.4729,0.0607,-0.0214,0.1753,0.3393,0.0479,0.2778,0.0578,0.0637,0.1473,0.5401,0.9233,19.1926,3.5234,3.003
2736,1,4,pronk,0.3,0.4,0.0,False,672,6.72,isaac_reset,0.0033,0.0033,0.0103,0.2967,0.3967,0.0104,0.309,0.01,0.0132,0.179,0.9921,0.9924,15.3032,0.9009,3.003
2737,2,4,pronk,0.3,0.4,0.0,False,885,8.85,isaac_reset,0.4805,0.1097,0.0709,0.1824,0.2903,0.0946,0.2701,0.0153,0.1122,0.1054,0.5206,0.4794,22.1909,0.0606,3.003
2738,3,4,pronk,0.3,0.4,0.0,False,35,0.35,fall_height,0.4691,0.0594,-0.0106,0.1708,0.3406,0.0506,0.2993,0.0614,0.0684,0.1368,0.5395,0.9063,16.9829,4.3134,3.003
2739,4,4,pronk,0.3,0.4,0.0,False,152,1.52,isaac_reset,0.1575,0.021,-0.0399,0.2284,0.3796,0.0659,0.3156,0.0328,0.0356,0.1462,0.8315,0.8217,16.4155,4.4064,3.003
2740,0,4,pronk,0.3,0.4,0.25,False,37,0.37,fall_height,0.4659,0.0477,0.1653,0.1813,0.3523,0.0873,0.2771,0.0574,0.0509,0.1526,0.537,0.904,19.2952,3.581,3.375
2741,1,4,pronk,0.3,0.4,0.25,False,836,8.36,isaac_reset,0.0468,0.0073,0.0275,0.2671,0.3927,0.2256,0.2998,0.0218,0.0162,0.1538,0.9413,0.9213,17.4615,0.5625,3.375
2742,2,4,pronk,0.3,0.4,0.25,True,1000,10.0,timeout,0.451,0.097,0.1405,0.151,0.303,0.1776,0.2564,0.0143,0.1355,0.089,0.5878,0.4123,22.7598,4.4288,3.375
2743,3,4,pronk,0.3,0.4,0.25,False,62,0.62,fall_height,0.4893,0.0445,0.1876,0.2043,0.3555,0.0729,0.3016,0.0578,0.0538,0.1452,0.5185,0.8915,17.2066,3.3484,3.375
2744,4,4,pronk,0.3,0.4,0.25,False,528,5.28,isaac_reset,0.1381,0.0138,0.0188,0.1899,0.3862,0.2331,0.2676,0.0461,0.0696,0.129,0.8888,0.6523,18.9023,0.9982,3.375
2745,0,4,pronk,0.3,0.4,0.5,False,69,0.69,fall_height,0.488,0.0409,0.3512,0.2028,0.3591,0.15,0.2798,0.0571,0.0539,0.1497,0.5368,0.8833,19.4556,2.9458,3.41
2746,1,4,pronk,0.3,0.4,0.5,True,1000,10.0,timeout,0.5195,0.0849,0.3123,0.2214,0.3151,0.1982,0.2693,0.014,0.096,0.1222,0.5183,0.4853,22.7994,3.1982,3.41
2747,2,4,pronk,0.3,0.4,0.5,False,165,1.65,isaac_reset,0.1266,0.0525,0.0769,0.234,0.3614,0.4257,0.3061,0.0231,0.0775,0.1677,0.7805,0.765,17.5061,4.5899,3.41
2748,3,4,pronk,0.3,0.4,0.5,False,163,1.63,isaac_reset,0.4955,0.0276,0.3859,0.2095,0.3724,0.1164,0.301,0.0574,0.0372,0.1565,0.5258,0.8833,17.1437,2.102,3.41
2749,4,4,pronk,0.3,0.4,0.5,False,4,0.04,fall_height,0.307,0.0177,0.1265,0.0563,0.3823,0.3741,0.2274,0.0327,0.1564,0.117,0.786,0.2215,22.1985,0.2887,3.41
2750,0,4,pronk,0.6,-0.4,-0.5,False,21,0.21,fall_height,0.5924,0.0116,-0.3754,0.1307,0.4116,0.1298,0.2966,0.063,0.0464,0.1372,0.5462,0.8785,18.7352,5.3118,2.826
2751,1,4,pronk,0.6,-0.4,-0.5,False,201,2.01,isaac_reset,0.1198,-0.0103,-0.0779,0.489,0.3897,0.4228,0.3382,0.0229,0.0472,0.0958,0.9064,0.8941,16.1959,3.3307,2.826
2752,2,4,pronk,0.6,-0.4,-0.5,False,816,8.16,isaac_reset,0.0052,-0.001,-0.0302,0.5948,0.399,0.4698,0.3464,0.0091,0.0638,0.0901,0.9982,0.9994,13.9634,0.7957,2.826
2753,3,4,pronk,0.6,-0.4,-0.5,False,213,2.13,isaac_reset,0.5815,0.0101,-0.3833,0.1279,0.4101,0.122,0.3059,0.0566,0.0497,0.1265,0.541,0.8632,17.9836,5.4696,2.826
2754,4,4,pronk,0.6,-0.4,-0.5,False,0,0.0,fall_height,0.298,0.0333,-0.2112,0.3327,0.4333,0.2963,0.2296,0.059,0.1543,0.1479,0.7705,0.2595,21.8286,1.199,2.826
2755,0,4,pronk,0.6,-0.4,-0.25,False,9,0.09,fall_height,0.6097,-0.0098,-0.1924,0.1322,0.3902,0.0752,0.2905,0.0646,0.0319,0.1452,0.565,0.8725,19.6915,1.6912,3.363
2756,1,4,pronk,0.6,-0.4,-0.25,False,434,4.34,isaac_reset,0.3051,0.017,-0.0509,0.3032,0.417,0.2035,0.3127,0.0442,0.0845,0.0662,0.7203,0.7103,18.6512,2.7474,3.363
2757,2,4,pronk,0.6,-0.4,-0.25,True,1000,10.0,timeout,0.6026,0.0486,-0.0671,0.0299,0.4486,0.1863,0.2747,0.0153,0.0964,0.1132,0.4805,0.5225,22.0085,6.3354,3.363
2758,3,4,pronk,0.6,-0.4,-0.25,False,446,4.46,isaac_reset,0.6027,-0.0074,-0.19,0.1291,0.3926,0.0702,0.3047,0.0574,0.0379,0.1385,0.5173,0.8958,17.2407,1.7985,3.363
2759,4,4,pronk,0.6,-0.4,-0.25,False,98,0.98,isaac_reset,0.0642,-0.0033,-0.0277,0.5464,0.3967,0.2294,0.3496,0.0187,0.053,0.0959,0.958,0.9555,12.8275,0.8082,3.363
2760,0,4,pronk,0.6,-0.4,0.0,False,78,0.78,fall_height,0.6116,-0.0242,0.0052,0.132,0.3758,0.0485,0.2892,0.0615,0.0345,0.152,0.5498,0.8728,19.3437,1.487,3.379
2761,1,4,pronk,0.6,-0.4,0.0,False,484,4.84,isaac_reset,0.3998,0.0144,0.0351,0.2391,0.4144,0.0818,0.2962,0.0323,0.0602,0.1201,0.672,0.681,20.0481,3.1022,3.379
2762,2,4,pronk,0.6,-0.4,0.0,True,1000,10.0,timeout,0.6305,0.0433,0.0434,0.0486,0.4433,0.089,0.2715,0.0158,0.1052,0.1199,0.492,0.508,21.994,6.0935,3.379
2763,3,4,pronk,0.6,-0.4,0.0,False,496,4.96,isaac_reset,0.601,-0.0265,0.0065,0.1291,0.3735,0.0437,0.3028,0.0568,0.0292,0.1368,0.5265,0.8905,17.4924,1.8602,3.379
2764,4,4,pronk,0.6,-0.4,0.0,False,148,1.48,isaac_reset,0.4819,0.0162,0.0423,0.1852,0.4162,0.0843,0.2996,0.0395,0.0666,0.0952,0.588,0.618,19.652,3.7192,3.379
2765,0,4,pronk,0.6,-0.4,0.25,False,77,0.77,fall_height,0.6224,-0.0466,0.2038,0.1487,0.3534,0.0694,0.2937,0.0631,0.0151,0.1625,0.5408,0.8958,18.7296,2.2681,3.374
2766,1,4,pronk,0.6,-0.4,0.25,False,715,7.15,isaac_reset,0.1457,0.0003,0.0604,0.4606,0.4003,0.2084,0.2929,0.0177,0.0246,0.1356,0.87,0.8515,18.6481,1.1627,3.374
2767,2,4,pronk,0.6,-0.4,0.25,True,1000,10.0,timeout,0.6004,0.0292,0.1567,0.0648,0.4292,0.123,0.2716,0.0222,0.1016,0.1149,0.5183,0.4963,21.9159,3.1961,3.374
2768,3,4,pronk,0.6,-0.4,0.25,False,546,5.46,isaac_reset,0.6361,-0.05,0.2231,0.1358,0.35,0.0535,0.3063,0.0613,0.0115,0.1569,0.5195,0.9403,17.2267,1.2015,3.374
2769,4,4,pronk,0.6,-0.4,0.25,False,399,3.99,isaac_reset,0.3603,0.009,0.0921,0.2889,0.409,0.1757,0.2959,0.0335,0.0525,0.1174,0.722,0.713,18.8949,4.1534,3.374
2770,0,4,pronk,0.6,-0.4,0.5,False,4,0.04,fall_height,0.6115,-0.0537,0.3881,0.1481,0.3463,0.1223,0.2935,0.0669,0.0175,0.1598,0.5757,0.8786,19.4639,1.7426,2.648
2771,1,4,pronk,0.6,-0.4,0.5,False,765,7.65,isaac_reset,0.5977,0.0189,0.3376,0.0363,0.4189,0.1898,0.2681,0.0179,0.1059,0.131,0.5336,0.4657,22.6824,1.2189,2.648
2772,2,4,pronk,0.6,-0.4,0.5,False,49,0.49,isaac_reset,0.5003,-0.0084,0.3028,0.1527,0.3916,0.2108,0.3007,0.0371,0.0393,0.0984,0.5989,0.5708,21.331,3.3684,2.648
2773,3,4,pronk,0.6,-0.4,0.5,False,164,1.64,fall_height,0.6195,-0.0552,0.3987,0.1295,0.3448,0.1161,0.3091,0.0635,0.0132,0.1326,0.5539,0.8704,17.676,1.7877,2.648
2774,4,4,pronk,0.6,-0.4,0.5,False,638,6.38,isaac_reset,0.0731,-0.0052,0.0642,0.5284,0.3948,0.4381,0.2936,0.0156,0.0304,0.138,0.9246,0.9135,18.7048,1.2994,2.648
2775,0,4,pronk,0.6,-0.2,-0.5,False,75,0.75,fall_height,0.593,0.0255,-0.4039,0.1338,0.2255,0.1042,0.2968,0.0656,0.0433,0.1444,0.5463,0.8953,18.5652,0.8299,3.375
2776,1,4,pronk,0.6,-0.2,-0.5,True,1000,10.0,timeout,0.5941,0.0716,-0.2245,0.0365,0.2716,0.2842,0.2715,0.0164,0.099,0.1154,0.499,0.503,22.7332,5.1287,3.375
2777,2,4,pronk,0.6,-0.2,-0.5,False,738,7.38,isaac_reset,0.5703,0.0652,-0.214,0.0547,0.2652,0.286,0.2741,0.0206,0.1003,0.1031,0.4778,0.5215,21.9455,1.701,3.375
2778,3,4,pronk,0.6,-0.2,-0.5,True,1000,10.0,timeout,0.5938,0.0826,-0.2185,0.0312,0.2826,0.2862,0.2708,0.0136,0.0805,0.1248,0.5063,0.4948,21.6702,5.4354,3.375
2779,4,4,pronk,0.6,-0.2,-0.5,False,922,9.22,isaac_reset,0.5935,0.0763,-0.2252,0.0484,0.2763,0.2751,0.2768,0.0201,0.0883,0.114,0.4658,0.5403,21.5013,0.6195,3.375
2780,0,4,pronk,0.6,-0.2,-0.25,False,23,0.23,fall_height,0.6029,0.01,-0.2045,0.137,0.21,0.0656,0.2946,0.0651,0.0397,0.1563,0.542,0.902,18.4097,0.3544,3.377
2781,1,4,pronk,0.6,-0.2,-0.25,True,1000,10.0,timeout,0.5918,0.0563,-0.0745,0.0344,0.2563,0.1783,0.2736,0.0155,0.11,0.1097,0.4883,0.5118,22.629,5.7557,3.377
2782,2,4,pronk,0.6,-0.2,-0.25,False,788,7.88,isaac_reset,0.5948,0.068,-0.1152,0.0569,0.268,0.14,0.2763,0.0215,0.0932,0.1046,0.4755,0.532,21.8721,0.2681,3.377
2783,3,4,pronk,0.6,-0.2,-0.25,True,1000,10.0,timeout,0.5957,0.0548,-0.0554,0.0337,0.2569,0.2,0.2736,0.0137,0.09,0.1213,0.4993,0.5008,21.6655,5.622,3.377
2784,4,4,pronk,0.6,-0.2,-0.25,False,12,0.12,isaac_reset,0.5811,0.0608,-0.0927,0.0551,0.2608,0.1613,0.2775,0.0223,0.09,0.1129,0.4848,0.5283,21.6637,5.014,3.377
2785,0,4,pronk,0.6,-0.2,0.0,False,39,0.39,fall_height,0.6332,-0.0103,-0.0081,0.1264,0.1897,0.0414,0.2857,0.0615,0.0391,0.1691,0.511,0.9425,18.5845,5.9925,2.893
2786,1,4,pronk,0.6,-0.2,0.0,False,189,1.89,isaac_reset,0.556,0.0301,0.0381,0.0924,0.2301,0.102,0.2835,0.0328,0.0623,0.1078,0.5453,0.5286,22.4573,4.1046,2.893
2787,2,4,pronk,0.6,-0.2,0.0,False,838,8.38,isaac_reset,0.6083,0.0521,0.0622,0.029,0.2521,0.0896,0.2743,0.0146,0.0996,0.1294,0.4917,0.5077,21.8727,1.5267,2.893
2788,3,4,pronk,0.6,-0.2,0.0,False,19,0.19,isaac_reset,0.5623,0.0316,0.0245,0.0969,0.2316,0.0943,0.2864,0.0331,0.0756,0.0961,0.5277,0.5238,21.8017,2.8467,2.893
2789,4,4,pronk,0.6,-0.2,0.0,False,62,0.62,isaac_reset,0.4075,0.0061,0.0203,0.2401,0.2061,0.1066,0.3245,0.0401,0.0482,0.0723,0.7095,0.6833,19.2249,4.9056,2.893
2790,0,4,pronk,0.6,-0.2,0.25,False,0,0.0,fall_height,0.6139,-0.0316,0.2045,0.1502,0.1684,0.06,0.2936,0.0629,0.0199,0.1702,0.5375,0.928,18.3427,6.748,3.386
2791,1,4,pronk,0.6,-0.2,0.25,False,400,4.0,isaac_reset,0.541,0.0209,0.1395,0.1186,0.2209,0.1473,0.2912,0.0365,0.0545,0.1069,0.574,0.527,22.2353,2.1765,3.386
2792,2,4,pronk,0.6,-0.2,0.25,True,1000,10.0,timeout,0.6158,0.0451,0.182,0.0324,0.2451,0.1152,0.271,0.0146,0.1131,0.1289,0.5005,0.4995,22.0319,5.4882,3.386
2793,3,4,pronk,0.6,-0.2,0.25,False,414,4.14,isaac_reset,0.511,0.0124,0.1318,0.1708,0.2124,0.1386,0.3025,0.0424,0.059,0.1065,0.5893,0.5822,20.6689,3.1175,3.386
2794,4,4,pronk,0.6,-0.2,0.25,False,129,1.29,isaac_reset,0.603,0.0294,0.1407,0.078,0.2294,0.1349,0.2803,0.0299,0.0813,0.1086,0.5273,0.5452,21.631,4.869,3.386
2795,0,4,pronk,0.6,-0.2,0.5,False,46,0.46,fall_height,0.6138,-0.0357,0.3876,0.1416,0.1643,0.1156,0.2861,0.0595,0.03,0.1572,0.547,0.8666,19.585,2.0244,2.914
2796,1,4,pronk,0.6,-0.2,0.5,False,844,8.44,isaac_reset,0.676,0.0246,0.2567,0.0843,0.2246,0.2434,0.2721,0.0179,0.1129,0.135,0.487,0.5124,22.5219,1.8469,2.914
2797,2,4,pronk,0.6,-0.2,0.5,False,151,1.51,isaac_reset,0.446,0.0313,0.2122,0.2026,0.2313,0.2952,0.3117,0.0412,0.0367,0.1026,0.6376,0.6033,21.009,6.2529,2.914
2798,3,4,pronk,0.6,-0.2,0.5,False,19,0.19,isaac_reset,0.557,0.0141,0.2874,0.1315,0.2144,0.2177,0.2547,0.0438,0.0887,0.1312,0.5707,0.4355,22.3719,3.0645,2.914
2799,4,4,pronk,0.6,-0.2,0.5,False,179,1.79,isaac_reset,0.3338,-0.0058,0.2119,0.3024,0.2,0.2908,0.3028,0.0312,0.0686,0.1457,0.7349,0.7346,19.1743,4.9835,2.914
2800,0,4,pronk,0.6,0.0,-0.5,False,28,0.28,fall_height,0.5936,0.0528,-0.4207,0.1215,0.0656,0.094,0.2885,0.0592,0.0695,0.1343,0.5425,0.8905,19.4194,6.2039,3.373
2801,1,4,pronk,0.6,0.0,-0.5,True,1000,10.0,timeout,0.58,0.0931,-0.2623,0.0353,0.0969,0.2454,0.2681,0.0153,0.0891,0.1328,0.5225,0.4775,22.5638,4.5583,3.373
2802,2,4,pronk,0.6,0.0,-0.5,False,983,9.83,isaac_reset,0.5714,0.0924,-0.2297,0.0476,0.0932,0.2711,0.2737,0.0198,0.102,0.115,0.491,0.511,21.8897,0.1193,3.373
2803,3,4,pronk,0.6,0.0,-0.5,False,224,2.24,isaac_reset,0.3308,0.0285,-0.2077,0.299,0.0486,0.2978,0.3212,0.042,0.0591,0.0989,0.7203,0.7108,18.2914,3.12,3.373
2804,4,4,pronk,0.6,0.0,-0.5,True,1000,10.0,timeout,0.57,0.0945,-0.2526,0.0443,0.0973,0.2553,0.2689,0.0165,0.0934,0.1204,0.5123,0.4868,21.7741,4.657,3.373
2805,0,4,pronk,0.6,0.0,-0.25,False,0,0.0,fall_height,0.599,0.0391,-0.2212,0.1313,0.0529,0.0685,0.2917,0.0633,0.0676,0.1403,0.5468,0.8898,19.0368,1.9687,3.373
2806,1,4,pronk,0.6,0.0,-0.25,True,1000,10.0,timeout,0.5811,0.0737,-0.1076,0.0432,0.0767,0.1581,0.2706,0.0175,0.1113,0.1052,0.499,0.5055,22.9022,5.2449,3.373
2807,2,4,pronk,0.6,0.0,-0.25,True,1000,10.0,timeout,0.5736,0.0759,-0.0775,0.0347,0.0785,0.1834,0.2711,0.0155,0.1062,0.118,0.515,0.485,22.214,6.1199,3.373
2808,3,4,pronk,0.6,0.0,-0.25,False,648,6.48,isaac_reset,0.1687,0.0047,-0.05,0.4439,0.0191,0.2153,0.3439,0.0342,0.0606,0.0618,0.8558,0.8513,15.4185,0.4043,3.373
2809,4,4,pronk,0.6,0.0,-0.25,False,132,1.32,isaac_reset,0.0866,0.0018,-0.0337,0.527,0.0114,0.2257,0.3448,0.0216,0.0241,0.1165,0.9385,0.9395,13.7089,4.6769,3.373
2810,0,4,pronk,0.6,0.0,0.0,False,29,0.29,fall_height,0.5991,0.0175,-0.0173,0.1407,0.0337,0.0485,0.2904,0.0606,0.0479,0.1472,0.5343,0.8993,19.0104,2.8224,3.361
2811,1,4,pronk,0.6,0.0,0.0,True,1000,10.0,timeout,0.58,0.0641,0.029,0.0617,0.0682,0.0875,0.2726,0.0224,0.0903,0.1185,0.5065,0.5005,22.599,4.7156,3.361
2812,2,4,pronk,0.6,0.0,0.0,True,1000,10.0,timeout,0.5983,0.0707,0.046,0.0299,0.0711,0.0923,0.2717,0.0142,0.1087,0.1189,0.4925,0.5105,22.0738,5.6887,3.361
2813,3,4,pronk,0.6,0.0,0.0,False,123,1.23,isaac_reset,0.2675,0.0211,0.023,0.387,0.0316,0.0744,0.3205,0.0352,0.05,0.1041,0.7878,0.7785,17.0451,0.3141,3.361
2814,4,4,pronk,0.6,0.0,0.0,False,182,1.82,isaac_reset,0.4814,0.0544,0.0294,0.1548,0.0554,0.0688,0.292,0.0374,0.0898,0.0986,0.5818,0.6033,19.805,4.7721,3.361
2815,0,4,pronk,0.6,0.0,0.25,False,68,0.68,fall_height,0.6169,-0.002,0.1809,0.1357,0.0221,0.0753,0.2844,0.057,0.0385,0.1617,0.5285,0.919,19.4235,1.6489,3.382
2816,1,4,pronk,0.6,0.0,0.25,False,49,0.49,isaac_reset,0.5869,0.0444,0.1428,0.0762,0.0643,0.138,0.2725,0.0199,0.1016,0.1181,0.5208,0.4785,23.0567,3.0418,3.382
2817,2,4,pronk,0.6,0.0,0.25,True,1000,10.0,timeout,0.5907,0.0557,0.1885,0.0549,0.0663,0.1163,0.2705,0.0145,0.1084,0.1199,0.52,0.48,22.5373,4.6184,3.382
2818,3,4,pronk,0.6,0.0,0.25,False,549,5.49,isaac_reset,0.2608,0.0166,0.0691,0.3675,0.0224,0.1976,0.291,0.0213,0.0351,0.1201,0.7805,0.777,18.8798,2.0763,3.382
2819,4,4,pronk,0.6,0.0,0.25,False,232,2.32,isaac_reset,0.5998,0.0518,0.1705,0.0806,0.0645,0.1123,0.2746,0.0194,0.0983,0.1192,0.4953,0.5048,22.0786,2.3977,3.382
2820,0,4,pronk,0.6,0.0,0.5,False,0,0.0,fall_height,0.6008,-0.0206,0.3757,0.151,0.0271,0.1245,0.2833,0.0551,0.0226,0.1603,0.5308,0.8792,19.5174,2.5564,2.171
2821,1,4,pronk,0.6,0.0,0.5,False,99,0.99,isaac_reset,0.5537,0.0445,0.2624,0.0828,0.0487,0.245,0.2677,0.0309,0.0965,0.1061,0.5667,0.46,22.637,3.0793,2.171
2822,2,4,pronk,0.6,0.0,0.5,False,33,0.33,isaac_reset,0.5958,0.0393,0.2573,0.0871,0.0468,0.2443,0.2725,0.0265,0.1012,0.108,0.5142,0.49,21.9208,2.3689,2.171
2823,3,4,pronk,0.6,0.0,0.5,False,599,5.99,isaac_reset,0.6682,0.0445,0.2685,0.075,0.0489,0.2315,0.2719,0.0175,0.1106,0.1355,0.4867,0.5133,21.9012,2.1845,2.171
2824,4,4,pronk,0.6,0.0,0.5,False,282,2.82,isaac_reset,0.5564,0.0391,0.3011,0.1386,0.0467,0.2093,0.2878,0.0421,0.075,0.0971,0.5613,0.5104,21.7313,4.0166,2.171
2825,0,4,pronk,0.6,0.2,-0.5,False,75,0.75,fall_height,0.5984,0.0668,-0.4338,0.1314,0.1348,0.0871,0.2982,0.0656,0.0579,0.1466,0.5443,0.9073,18.156,0.5145,3.384
2826,1,4,pronk,0.6,0.2,-0.5,False,549,5.49,isaac_reset,0.5245,0.0778,-0.2925,0.1096,0.1254,0.227,0.2931,0.0396,0.0753,0.107,0.56,0.5195,22.1364,2.4706,3.384
2827,2,4,pronk,0.6,0.2,-0.5,False,483,4.83,isaac_reset,0.5768,0.1029,-0.2949,0.0593,0.0988,0.2149,0.2739,0.0222,0.1021,0.105,0.4885,0.517,21.8933,4.6969,3.384
2828,3,4,pronk,0.6,0.2,-0.5,True,1000,10.0,timeout,0.6269,0.1224,-0.2961,0.0375,0.0807,0.2054,0.272,0.015,0.1051,0.1257,0.452,0.548,21.2992,4.3023,3.384
2829,4,4,pronk,0.6,0.2,-0.5,True,1000,10.0,timeout,0.5807,0.1195,-0.3073,0.0438,0.0819,0.198,0.2682,0.016,0.0912,0.1215,0.5058,0.4998,21.7662,4.3486,3.384
2830,0,4,pronk,0.6,0.2,-0.25,False,10,0.1,fall_height,0.606,0.0622,-0.2442,0.1212,0.1436,0.0589,0.2933,0.0657,0.075,0.1532,0.5623,0.9349,18.6457,3.4539,1.942
2831,1,4,pronk,0.6,0.2,-0.25,False,181,1.81,isaac_reset,0.1907,0.0179,-0.0894,0.432,0.1893,0.1857,0.3274,0.0333,0.0387,0.104,0.8525,0.8235,16.8045,0.4728,1.942
2832,2,4,pronk,0.6,0.2,-0.25,False,533,5.33,isaac_reset,0.6269,0.1137,-0.122,0.0399,0.0865,0.1288,0.2748,0.0147,0.0973,0.1366,0.4527,0.5463,21.6437,3.1048,1.942
2833,3,4,pronk,0.6,0.2,-0.25,False,137,1.37,isaac_reset,0.1411,0.0038,-0.0549,0.4711,0.1985,0.1987,0.3417,0.0196,0.0285,0.1132,0.9045,0.8848,14.3487,4.6831,1.942
2834,4,4,pronk,0.6,0.2,-0.25,False,3,0.03,isaac_reset,0.4934,0.054,-0.1738,0.1139,0.1462,0.1389,0.2738,0.0249,0.1157,0.0618,0.5482,0.4668,22.9075,4.2214,1.942
2835,0,4,pronk,0.6,0.2,0.0,False,24,0.24,fall_height,0.6028,0.0415,-0.0361,0.127,0.1603,0.0565,0.2883,0.0598,0.0674,0.1441,0.5303,0.9008,19.0997,1.8517,3.36
2836,1,4,pronk,0.6,0.2,0.0,False,389,3.89,isaac_reset,0.0392,0.0043,0.0179,0.5654,0.1957,0.0202,0.324,0.0249,0.0236,0.1187,0.9755,0.9755,14.5924,0.4662,3.36
2837,2,4,pronk,0.6,0.2,0.0,True,1000,10.0,timeout,0.6162,0.0872,0.0222,0.0376,0.1128,0.0683,0.2724,0.0144,0.1307,0.1161,0.4863,0.5138,22.1814,6.6682,3.36
2838,3,4,pronk,0.6,0.2,0.0,False,653,6.53,isaac_reset,0.1518,0.0168,-0.0089,0.4496,0.1832,0.045,0.3278,0.0458,0.0636,0.0487,0.848,0.801,15.5572,1.7192,3.36
2839,4,4,pronk,0.6,0.2,0.0,False,519,5.19,isaac_reset,0.5804,0.0821,0.0352,0.0547,0.1179,0.0804,0.2776,0.0205,0.0984,0.1183,0.488,0.519,21.4314,0.928,3.36
2840,0,4,pronk,0.6,0.2,0.25,False,43,0.43,fall_height,0.5965,0.0136,0.1845,0.138,0.1864,0.0756,0.2877,0.061,0.0448,0.1643,0.549,0.9368,19.4102,2.9663,2.467
2841,1,4,pronk,0.6,0.2,0.25,False,439,4.39,isaac_reset,0.0164,0.0044,0.0254,0.5836,0.1956,0.2246,0.3021,0.0144,0.007,0.1427,0.9897,0.9904,16.439,0.7147,2.467
2842,2,4,pronk,0.6,0.2,0.25,False,138,1.38,isaac_reset,0.2751,0.0414,0.0762,0.4055,0.1682,0.192,0.3097,0.0384,0.0554,0.1075,0.7894,0.7887,18.8604,6.4752,2.467
2843,3,4,pronk,0.6,0.2,0.25,False,703,7.03,isaac_reset,0.6485,0.0842,0.1682,0.0528,0.1158,0.0955,0.2745,0.0133,0.1076,0.1315,0.4645,0.5348,21.6243,1.0441,2.467
2844,4,4,pronk,0.6,0.2,0.25,False,569,5.69,isaac_reset,0.5917,0.0767,0.1674,0.0686,0.1233,0.1179,0.2741,0.0241,0.0852,0.1237,0.4982,0.5138,21.6008,2.0128,2.467
2845,0,4,pronk,0.6,0.2,0.5,False,79,0.79,fall_height,0.6147,-0.0017,0.3716,0.146,0.2017,0.1285,0.2873,0.0585,0.0336,0.1625,0.5319,0.8843,19.2578,1.2387,3.127
2846,1,4,pronk,0.6,0.2,0.5,False,65,0.65,isaac_reset,0.4408,0.0212,0.2195,0.1689,0.1789,0.2862,0.2597,0.0434,0.1073,0.137,0.685,0.4711,22.5301,2.4182,3.127
2847,2,4,pronk,0.6,0.2,0.5,False,660,6.6,isaac_reset,0.1577,0.0022,0.1032,0.4433,0.198,0.3986,0.2848,0.0206,0.0742,0.1436,0.8652,0.8281,20.2542,1.5303,3.127
2848,3,4,pronk,0.6,0.2,0.5,False,81,0.81,isaac_reset,0.6169,0.0674,0.2971,0.0722,0.1339,0.2071,0.2777,0.0289,0.0915,0.1256,0.5158,0.5218,21.7571,4.6853,3.127
2849,4,4,pronk,0.6,0.2,0.5,False,915,9.15,isaac_reset,0.6148,0.08,0.2661,0.0342,0.12,0.2498,0.2617,0.0156,0.1203,0.1314,0.5248,0.4746,22.0683,1.0341,3.127
2850,0,4,pronk,0.6,0.4,-0.5,False,0,0.0,fall_height,0.6142,0.0933,-0.4561,0.1084,0.3067,0.071,0.294,0.0659,0.076,0.1437,0.5437,0.9343,18.1726,2.3316,2.747
2851,1,4,pronk,0.6,0.4,-0.5,False,349,3.49,isaac_reset,0.3787,0.0915,-0.2443,0.2387,0.3135,0.2699,0.3086,0.0492,0.1057,0.0758,0.6613,0.6462,19.6618,3.1665,2.747
2852,2,4,pronk,0.6,0.4,-0.5,False,794,7.94,isaac_reset,0.5864,0.1391,-0.2953,0.0286,0.2609,0.2058,0.2699,0.014,0.1076,0.1342,0.4997,0.4997,21.9968,1.1164,2.747
2853,3,4,pronk,0.6,0.4,-0.5,False,61,0.61,fall_height,0.5044,0.1144,-0.3186,0.1086,0.2856,0.1993,0.2571,0.0373,0.0953,0.1102,0.5852,0.4208,21.9947,6.2918,2.747
2854,4,4,pronk,0.6,0.4,-0.5,False,86,0.86,isaac_reset,0.5556,0.1242,-0.3141,0.077,0.2782,0.204,0.2787,0.0364,0.1172,0.0961,0.5031,0.5088,22.0246,3.7936,2.747
2855,0,4,pronk,0.6,0.4,-0.25,False,148,1.48,fall_height,0.5782,0.0877,-0.2407,0.1261,0.3126,0.075,0.2971,0.0649,0.0977,0.1169,0.5661,0.8402,19.7706,1.4399,2.039
2856,1,4,pronk,0.6,0.4,-0.25,False,570,5.7,isaac_reset,0.0557,0.007,0.0419,0.5509,0.393,0.2919,0.3533,0.0153,0.1063,0.0352,0.9663,0.968,14.8441,0.4536,2.039
2857,2,4,pronk,0.6,0.4,-0.25,False,84,0.84,isaac_reset,0.0963,0.0182,-0.048,0.5239,0.385,0.2094,0.3438,0.0205,0.0388,0.1187,0.9286,0.9286,14.0695,0.6248,2.039
2858,3,4,pronk,0.6,0.4,-0.25,False,470,4.7,isaac_reset,0.5742,0.1267,-0.1748,0.0675,0.2733,0.1201,0.2741,0.0251,0.0874,0.122,0.521,0.4991,21.5947,2.5483,2.039
2859,4,4,pronk,0.6,0.4,-0.25,False,341,3.41,isaac_reset,0.5626,0.1044,-0.1776,0.1276,0.2956,0.1111,0.2952,0.0465,0.0935,0.1083,0.5236,0.5617,20.8357,3.5076,2.039
2860,0,4,pronk,0.6,0.4,0.0,False,83,0.83,fall_height,0.5883,0.0627,-0.0322,0.1294,0.3373,0.0584,0.2944,0.0618,0.0761,0.137,0.539,0.8828,18.4063,1.7393,3.349
2861,1,4,pronk,0.6,0.4,0.0,True,1000,10.0,timeout,0.5763,0.0935,-0.0099,0.0543,0.3065,0.1043,0.2683,0.0192,0.1277,0.1139,0.5203,0.4828,23.1891,6.2081,3.349
2862,2,4,pronk,0.6,0.4,0.0,False,563,5.63,isaac_reset,0.0934,0.0177,0.0215,0.5208,0.3838,0.033,0.3387,0.0296,0.0401,0.077,0.9193,0.9073,13.7754,0.7121,3.349
2863,3,4,pronk,0.6,0.4,0.0,False,167,1.67,isaac_reset,0.5652,0.0896,0.0096,0.0769,0.3104,0.0804,0.2802,0.0314,0.1029,0.1054,0.5203,0.5253,21.7984,4.3833,3.349
2864,4,4,pronk,0.6,0.4,0.0,True,1000,10.0,timeout,0.0014,0.0012,0.0063,0.5986,0.3988,0.0063,0.3552,0.002,0.0465,0.0305,1.0,1.0,11.799,0.0442,3.349
2865,0,4,pronk,0.6,0.4,0.25,False,56,0.56,fall_height,0.6057,0.0478,0.1489,0.1349,0.3522,0.1031,0.2846,0.0605,0.0656,0.1593,0.551,0.9035,19.6986,1.1244,3.395
2866,1,4,pronk,0.6,0.4,0.25,True,1000,10.0,timeout,0.6117,0.0942,0.1335,0.0408,0.3058,0.1425,0.2695,0.0146,0.1212,0.1253,0.5058,0.4943,22.849,5.3413,3.395
2867,2,4,pronk,0.6,0.4,0.25,False,796,7.96,isaac_reset,0.0856,0.0134,0.0207,0.5154,0.3866,0.2333,0.2912,0.0244,0.0284,0.1349,0.9263,0.873,17.9402,1.5076,3.395
2868,3,4,pronk,0.6,0.4,0.25,False,217,2.17,isaac_reset,0.5971,0.0942,0.1433,0.0714,0.3058,0.1173,0.2738,0.0215,0.1045,0.1234,0.4893,0.5158,21.709,2.4006,3.395
2869,4,4,pronk,0.6,0.4,0.25,False,42,0.42,fall_height,0.5354,0.0863,0.1234,0.0913,0.3137,0.157,0.2477,0.0284,0.1374,0.1221,0.595,0.406,22.3669,5.5507,3.395
2870,0,4,pronk,0.6,0.4,0.5,False,184,1.84,fall_height,0.6145,0.0399,0.3665,0.1435,0.3604,0.1355,0.2891,0.0588,0.0618,0.1665,0.52,0.904,18.9076,1.6195,3.416
2871,1,4,pronk,0.6,0.4,0.5,True,1000,10.0,timeout,0.6206,0.0719,0.2153,0.0816,0.3281,0.2853,0.2703,0.0222,0.1162,0.1191,0.5048,0.4968,22.8273,2.0765,3.416
2872,2,4,pronk,0.6,0.4,0.5,False,846,8.46,isaac_reset,0.5336,0.0912,0.2237,0.074,0.3088,0.2875,0.2549,0.0275,0.1428,0.1032,0.607,0.4123,22.6379,0.7004,3.416
2873,3,4,pronk,0.6,0.4,0.5,False,267,2.67,isaac_reset,0.5709,0.0867,0.2814,0.0877,0.3134,0.2363,0.2746,0.0353,0.0988,0.113,0.5445,0.4793,21.7035,1.5357,3.416
2874,4,4,pronk,0.6,0.4,0.5,True,1000,10.0,timeout,0.6285,0.0869,0.2743,0.0452,0.3131,0.2351,0.266,0.014,0.1076,0.1313,0.5025,0.4975,22.0139,3.925,3.416
2875,0,4,pronk,0.9,-0.4,-0.5,False,35,0.35,fall_height,0.734,0.0227,-0.411,0.2013,0.4227,0.1022,0.2949,0.0633,0.0524,0.1432,0.5346,0.8835,19.2141,2.3018,3.074
2876,1,4,pronk,0.9,-0.4,-0.5,False,49,0.49,isaac_reset,0.6102,0.0466,-0.2331,0.2919,0.4466,0.2812,0.2887,0.0395,0.0901,0.1103,0.5518,0.5496,22.3934,6.9738,3.074
2877,2,4,pronk,0.9,-0.4,-0.5,False,896,8.96,isaac_reset,0.672,0.0775,-0.2101,0.228,0.4775,0.2966,0.2685,0.0159,0.1336,0.1224,0.5231,0.4763,22.3734,0.5419,3.074
2878,3,4,pronk,0.9,-0.4,-0.5,False,493,4.93,isaac_reset,0.6765,0.0596,-0.2046,0.2235,0.4596,0.2972,0.2715,0.0205,0.1021,0.1218,0.5231,0.476,22.2298,3.249,3.074
2879,4,4,pronk,0.9,-0.4,-0.5,False,0,0.0,isaac_reset,0.6762,0.0718,-0.2589,0.2238,0.4718,0.2462,0.2747,0.0215,0.1138,0.1174,0.4852,0.5142,21.8667,9.9759,3.074
2880,0,4,pronk,0.9,-0.4,-0.25,False,51,0.51,fall_height,0.7615,0.0011,-0.2192,0.1886,0.4011,0.0714,0.2897,0.0587,0.0556,0.15,0.5433,0.8998,19.8148,0.6893,3.398
2881,1,4,pronk,0.9,-0.4,-0.25,False,506,5.06,isaac_reset,0.6699,0.0402,-0.0971,0.2301,0.4402,0.1701,0.2733,0.0221,0.1023,0.1193,0.5055,0.4998,22.6898,1.0662,3.398
2882,2,4,pronk,0.9,-0.4,-0.25,True,1000,10.0,timeout,0.6824,0.0643,-0.0833,0.2176,0.4643,0.1877,0.2678,0.0153,0.14,0.124,0.5153,0.4848,22.26,7.1048,3.398
2883,3,4,pronk,0.9,-0.4,-0.25,False,646,6.46,isaac_reset,0.68,0.0461,-0.0974,0.22,0.4461,0.1748,0.2749,0.0216,0.104,0.1111,0.514,0.493,22.2317,0.958,3.398
2884,4,4,pronk,0.9,-0.4,-0.25,False,153,1.53,isaac_reset,0.6818,0.0407,-0.0952,0.2182,0.4407,0.1764,0.2747,0.0197,0.1087,0.1142,0.4968,0.5033,22.024,3.7227,3.398
2885,0,4,pronk,0.9,-0.4,0.0,False,90,0.9,fall_height,0.767,-0.0361,-0.0049,0.1917,0.3639,0.0479,0.3003,0.0642,0.0176,0.1569,0.5428,0.8813,18.7864,0.4151,3.393
2886,1,4,pronk,0.9,-0.4,0.0,False,556,5.56,isaac_reset,0.6633,0.0246,0.0433,0.2493,0.4246,0.1318,0.2944,0.042,0.0837,0.1122,0.5443,0.5433,22.5231,2.1321,3.393
2887,2,4,pronk,0.9,-0.4,0.0,True,1000,10.0,timeout,0.6768,0.0422,0.0229,0.2232,0.4422,0.1201,0.2669,0.0155,0.1194,0.1101,0.5408,0.4608,22.6271,3.5133,3.393
2888,3,4,pronk,0.9,-0.4,0.0,False,696,6.96,isaac_reset,0.6761,0.0287,0.0163,0.2263,0.4287,0.0903,0.2833,0.0309,0.0808,0.1187,0.529,0.535,21.3925,1.8778,3.393
2889,4,4,pronk,0.9,-0.4,0.0,False,203,2.03,isaac_reset,0.6786,0.0237,0.0072,0.2214,0.4237,0.106,0.2747,0.0215,0.1089,0.0926,0.5082,0.4973,22.9055,2.5394,3.393
2890,0,4,pronk,0.9,-0.4,0.25,False,357,3.57,fall_height,0.7682,-0.0587,0.1802,0.1979,0.3413,0.0794,0.2808,0.0562,0.0075,0.1732,0.5413,0.9063,20.0652,0.3703,3.397
2891,1,4,pronk,0.9,-0.4,0.25,True,1000,10.0,timeout,0.7129,0.0272,0.1738,0.1871,0.4272,0.1306,0.2697,0.017,0.1042,0.1276,0.5248,0.4918,23.0182,6.1494,3.397
2892,2,4,pronk,0.9,-0.4,0.25,False,184,1.84,isaac_reset,0.7044,0.0119,0.1259,0.1989,0.4119,0.142,0.2812,0.0307,0.0947,0.1068,0.5082,0.5215,22.2918,3.1116,3.397
2893,3,4,pronk,0.9,-0.4,0.25,False,126,1.26,isaac_reset,0.5299,-0.0141,0.0829,0.3812,0.3859,0.1871,0.3125,0.0419,0.0358,0.1478,0.6093,0.592,21.1798,0.8397,3.397
2894,4,4,pronk,0.9,-0.4,0.25,False,253,2.53,isaac_reset,0.704,0.0133,0.1739,0.196,0.4133,0.1279,0.2693,0.0224,0.1057,0.1201,0.5163,0.4833,22.5583,4.0177,3.397
2895,0,4,pronk,0.9,-0.4,0.5,False,143,1.43,fall_height,0.8151,-0.0727,0.3843,0.1611,0.3273,0.1211,0.2935,0.0678,0.027,0.179,0.5534,0.9245,19.1862,3.9973,3.107
2896,1,4,pronk,0.9,-0.4,0.5,False,26,0.26,isaac_reset,0.7105,0.0192,0.2801,0.1896,0.4192,0.2219,0.269,0.025,0.1094,0.1191,0.5271,0.479,23.1858,3.216,3.107
2897,2,4,pronk,0.9,-0.4,0.5,False,234,2.34,isaac_reset,0.7154,0.0133,0.3236,0.1846,0.4133,0.1828,0.2735,0.0241,0.1074,0.1229,0.5196,0.4853,22.1852,4.3316,3.107
2898,3,4,pronk,0.9,-0.4,0.5,False,903,9.03,isaac_reset,0.7336,0.0213,0.3591,0.1664,0.4213,0.1568,0.2678,0.0158,0.1082,0.1442,0.5199,0.479,22.0025,0.892,3.107
2899,4,4,pronk,0.9,-0.4,0.5,False,303,3.03,isaac_reset,0.6208,-0.0031,0.2713,0.2891,0.3969,0.2355,0.3002,0.0415,0.0577,0.0992,0.5725,0.5418,21.5116,4.9221,3.107
2900,0,4,pronk,0.9,-0.2,-0.5,False,185,1.85,fall_height,0.7567,0.0401,-0.4476,0.1717,0.2401,0.0905,0.2958,0.0596,0.0761,0.1284,0.5459,0.9042,19.1203,6.621,1.483
2901,1,4,pronk,0.9,-0.2,-0.5,False,172,1.72,isaac_reset,0.6227,0.051,-0.253,0.2801,0.251,0.2574,0.2995,0.0411,0.0976,0.0961,0.5433,0.54,22.4913,5.4247,1.483
2902,2,4,pronk,0.9,-0.2,-0.5,False,380,3.8,isaac_reset,0.707,0.102,-0.2122,0.193,0.302,0.2886,0.2654,0.015,0.1293,0.1339,0.5052,0.4934,22.0351,2.8923,1.483
2903,3,4,pronk,0.9,-0.2,-0.5,False,89,0.89,isaac_reset,0.6597,0.0478,-0.3437,0.2455,0.2478,0.1737,0.2915,0.0451,0.0784,0.0859,0.5289,0.5105,22.4909,1.4807,1.483
2904,4,4,pronk,0.9,-0.2,-0.5,False,129,1.29,isaac_reset,0.5907,0.0053,-0.3245,0.3116,0.2057,0.2126,0.2944,0.0402,0.0767,0.0528,0.5617,0.4764,24.0232,0.4232,1.483
2905,0,4,pronk,0.9,-0.2,-0.25,False,0,0.0,fall_height,0.7581,0.0147,-0.2301,0.1882,0.2147,0.0655,0.2953,0.0636,0.0455,0.1471,0.5413,0.8933,19.2161,1.1635,3.4
2906,1,4,pronk,0.9,-0.2,-0.25,True,1000,10.0,timeout,0.7219,0.0643,-0.1144,0.1781,0.2643,0.1504,0.2724,0.0157,0.1172,0.1306,0.481,0.519,22.484,7.4101,3.4
2907,2,4,pronk,0.9,-0.2,-0.25,False,81,0.81,isaac_reset,0.6487,0.0499,-0.1066,0.2565,0.2499,0.1705,0.2821,0.0372,0.0934,0.1157,0.5328,0.5025,22.1327,5.2726,3.4
2908,3,4,pronk,0.9,-0.2,-0.25,False,758,7.58,isaac_reset,0.7117,0.0658,-0.1262,0.1883,0.2658,0.1404,0.2734,0.0216,0.1094,0.1194,0.4795,0.5205,21.8741,1.2115,3.4
2909,4,4,pronk,0.9,-0.2,-0.25,False,798,7.98,isaac_reset,0.6711,0.0612,-0.165,0.2289,0.2612,0.1312,0.2742,0.0245,0.1117,0.1035,0.5133,0.4903,22.0696,0.3006,3.4
2910,0,4,pronk,0.9,-0.2,0.0,False,644,6.44,isaac_reset,0.7555,-0.01,-0.0384,0.1931,0.19,0.0533,0.2875,0.0587,0.0427,0.1571,0.5215,0.8922,19.7135,2.0944,2.924
2911,1,4,pronk,0.9,-0.2,0.0,False,104,1.04,isaac_reset,0.6898,0.0382,0.0406,0.2126,0.2382,0.1125,0.2801,0.0288,0.0797,0.1279,0.5268,0.5197,22.8638,5.5381,2.924
2912,2,4,pronk,0.9,-0.2,0.0,False,307,3.07,isaac_reset,0.6895,0.0498,-0.0075,0.2105,0.2498,0.0793,0.2768,0.0273,0.1105,0.1147,0.4988,0.5135,21.7853,1.9478,2.924
2913,3,4,pronk,0.9,-0.2,0.0,False,808,8.08,isaac_reset,0.7304,0.0448,-0.0075,0.1699,0.2448,0.072,0.2791,0.0229,0.1225,0.117,0.4706,0.5412,21.7715,0.8555,2.924
2914,4,4,pronk,0.9,-0.2,0.0,False,848,8.48,isaac_reset,0.6584,0.0644,0.0503,0.2416,0.2644,0.1235,0.265,0.0173,0.1216,0.1275,0.5406,0.4582,22.233,1.0491,2.924
2915,0,4,pronk,0.9,-0.2,0.25,False,58,0.58,fall_height,0.7635,-0.0324,0.1647,0.1964,0.1676,0.0899,0.2866,0.0583,0.0219,0.1636,0.521,0.888,19.683,0.5337,3.391
2916,1,4,pronk,0.9,-0.2,0.25,False,305,3.05,isaac_reset,0.699,0.0381,0.1401,0.201,0.2381,0.1357,0.2721,0.022,0.1004,0.1312,0.5035,0.4965,22.9118,1.6604,3.391
2917,2,4,pronk,0.9,-0.2,0.25,False,508,5.08,isaac_reset,0.7209,0.0398,0.1265,0.1792,0.2398,0.1482,0.2723,0.0223,0.1246,0.1203,0.495,0.5043,22.4457,2.4252,3.391
2918,3,4,pronk,0.9,-0.2,0.25,False,33,0.33,isaac_reset,0.6875,0.0499,0.1273,0.2146,0.2499,0.1524,0.269,0.0248,0.1046,0.1302,0.5395,0.4658,22.3182,4.8922,3.391
2919,4,4,pronk,0.9,-0.2,0.25,True,1000,10.0,timeout,0.725,0.0511,0.1351,0.175,0.2511,0.1506,0.2669,0.0169,0.1207,0.1226,0.515,0.489,22.2046,7.042,3.391
2920,0,4,pronk,0.9,-0.2,0.5,False,19,0.19,fall_height,0.7894,-0.0531,0.3846,0.1758,0.1469,0.1265,0.3001,0.0658,0.0191,0.1653,0.5655,0.9145,19.4521,1.1528,3.399
2921,1,4,pronk,0.9,-0.2,0.5,False,355,3.55,isaac_reset,0.7218,0.0451,0.253,0.1782,0.2451,0.2492,0.2672,0.0249,0.1185,0.122,0.519,0.487,23.1522,2.9162,3.399
2922,2,4,pronk,0.9,-0.2,0.5,False,558,5.58,isaac_reset,0.7286,0.0303,0.275,0.1715,0.2303,0.2345,0.2703,0.0228,0.1305,0.1173,0.497,0.503,22.4661,0.802,3.399
2923,3,4,pronk,0.9,-0.2,0.5,False,83,0.83,isaac_reset,0.7381,0.0322,0.2725,0.1622,0.2322,0.2292,0.2719,0.0226,0.1007,0.1303,0.4928,0.5153,21.837,3.3517,3.399
2924,4,4,pronk,0.9,-0.2,0.5,True,1000,10.0,timeout,0.7182,0.0363,0.2795,0.1818,0.2363,0.228,0.2661,0.0175,0.1258,0.1149,0.5265,0.482,22.4853,4.3082,3.399
2925,0,4,pronk,0.9,0.0,-0.5,False,469,4.69,fall_height,0.7646,0.0535,-0.4487,0.1777,0.0688,0.0822,0.2986,0.0629,0.0585,0.1506,0.543,0.91,18.8392,0.4202,3.401
2926,1,4,pronk,0.9,0.0,-0.5,False,405,4.05,isaac_reset,0.6721,0.0879,-0.2853,0.2279,0.091,0.2198,0.2715,0.0219,0.1031,0.1188,0.5115,0.4888,23.0221,5.2431,3.401
2927,2,4,pronk,0.9,0.0,-0.5,False,608,6.08,isaac_reset,0.6767,0.0986,-0.3114,0.2233,0.102,0.2027,0.2706,0.022,0.127,0.1034,0.4923,0.5078,22.3948,3.6915,3.401
2928,3,4,pronk,0.9,0.0,-0.5,False,133,1.33,isaac_reset,0.6451,0.0835,-0.2865,0.2555,0.096,0.2254,0.2776,0.0329,0.0959,0.1073,0.522,0.4963,22.2426,9.3912,3.401
2929,4,4,pronk,0.9,0.0,-0.5,True,1000,10.0,timeout,0.6852,0.1069,-0.3504,0.2148,0.1078,0.1644,0.2718,0.0217,0.1128,0.1122,0.4818,0.5197,21.697,9.3651,3.401
2930,0,4,pronk,0.9,0.0,-0.25,False,995,9.95,isaac_reset,0.7848,0.0391,-0.2395,0.1604,0.0593,0.0577,0.2896,0.0601,0.0699,0.1594,0.5085,0.9365,18.8481,0.5783,3.377
2931,1,4,pronk,0.9,0.0,-0.25,False,455,4.55,isaac_reset,0.6246,0.0678,-0.1076,0.2775,0.0707,0.177,0.2882,0.0387,0.1002,0.1166,0.556,0.5193,22.4224,1.7227,3.377
2932,2,4,pronk,0.9,0.0,-0.25,False,658,6.58,isaac_reset,0.7002,0.0754,-0.1473,0.1998,0.0801,0.122,0.2765,0.0223,0.1219,0.1108,0.4849,0.5221,21.5707,0.8573,3.377
2933,3,4,pronk,0.9,0.0,-0.25,False,356,3.56,isaac_reset,0.6641,0.0741,-0.1129,0.2507,0.0772,0.1727,0.2992,0.0451,0.0906,0.0924,0.5346,0.5223,22.5667,3.7098,3.377
2934,4,4,pronk,0.9,0.0,-0.25,False,49,0.49,isaac_reset,0.7052,0.0885,-0.1647,0.1948,0.0901,0.1149,0.273,0.0211,0.1292,0.115,0.4696,0.5299,21.6762,5.7629,3.377
2935,0,4,pronk,0.9,0.0,0.0,False,74,0.74,fall_height,0.788,0.0077,-0.0366,0.1665,0.0338,0.0477,0.287,0.0602,0.0517,0.1766,0.5078,0.9519,18.782,6.9568,2.791
2936,1,4,pronk,0.9,0.0,0.0,False,804,8.04,isaac_reset,0.722,0.0684,0.0207,0.178,0.0695,0.0824,0.2723,0.0157,0.1114,0.1466,0.487,0.5124,22.4475,1.582,2.791
2937,2,4,pronk,0.9,0.0,0.0,False,712,7.12,isaac_reset,0.6844,0.0659,0.0347,0.2156,0.067,0.09,0.275,0.0216,0.1153,0.1268,0.505,0.5056,22.0327,1.8058,2.791
2938,3,4,pronk,0.9,0.0,0.0,False,143,1.43,isaac_reset,0.6626,0.0595,0.0252,0.2455,0.0653,0.1199,0.2871,0.0407,0.0909,0.1001,0.5363,0.5239,22.1711,1.8719,2.791
2939,4,4,pronk,0.9,0.0,0.0,False,103,1.03,isaac_reset,0.7159,0.0636,-0.0146,0.1841,0.0796,0.0822,0.2734,0.0217,0.1129,0.1182,0.4745,0.5248,22.0427,4.4104,2.791
2940,0,4,pronk,0.9,0.0,0.25,False,144,1.44,isaac_reset,0.765,-0.0108,0.1741,0.1878,0.0249,0.0846,0.2975,0.0609,0.0339,0.1513,0.551,0.8715,19.399,5.5838,3.4
2941,1,4,pronk,0.9,0.0,0.25,False,77,0.77,isaac_reset,0.6817,0.0673,0.1248,0.2254,0.0705,0.166,0.2821,0.0366,0.1152,0.1084,0.5245,0.505,22.9079,5.855,3.4
2942,2,4,pronk,0.9,0.0,0.25,True,1000,10.0,timeout,0.6727,0.0729,0.0822,0.2273,0.0761,0.1882,0.2626,0.0181,0.1435,0.1001,0.5605,0.4505,22.6736,6.5721,3.4
2943,3,4,pronk,0.9,0.0,0.25,False,571,5.71,isaac_reset,0.6484,0.0529,0.1168,0.2549,0.0619,0.1618,0.2854,0.0387,0.0859,0.1205,0.555,0.5278,21.6212,1.6742,3.4
2944,4,4,pronk,0.9,0.0,0.25,False,348,3.48,isaac_reset,0.6426,0.036,0.1268,0.2715,0.0508,0.1758,0.3007,0.0459,0.0758,0.1039,0.5445,0.5435,21.8125,5.9647,3.4
2945,0,4,pronk,0.9,0.0,0.5,False,144,1.44,fall_height,0.768,-0.0152,0.3684,0.1962,0.0399,0.1342,0.2947,0.0611,0.0443,0.1572,0.5436,0.8605,19.6309,3.1482,3.12
2946,1,4,pronk,0.9,0.0,0.5,False,305,3.05,isaac_reset,0.7046,0.048,0.2414,0.1955,0.076,0.2843,0.2659,0.0233,0.1305,0.1178,0.5401,0.4599,23.8258,3.8717,3.12
2947,2,4,pronk,0.9,0.0,0.5,False,34,0.34,isaac_reset,0.6838,0.0697,0.2231,0.2162,0.0751,0.2866,0.263,0.0223,0.1521,0.1079,0.5624,0.4376,22.8173,4.4801,3.12
2948,3,4,pronk,0.9,0.0,0.5,False,904,9.04,isaac_reset,0.726,0.0681,0.2603,0.174,0.0693,0.2439,0.2613,0.0162,0.1203,0.1398,0.5362,0.4638,22.1303,1.0536,3.12
2949,4,4,pronk,0.9,0.0,0.5,False,66,0.66,isaac_reset,0.5757,0.0177,0.199,0.3387,0.0509,0.3089,0.3084,0.0448,0.0662,0.1173,0.6113,0.5489,21.467,2.9352,3.12
2950,0,4,pronk,0.9,0.2,-0.5,False,339,3.39,isaac_reset,0.753,0.0813,-0.4595,0.1797,0.1342,0.0872,0.2897,0.0608,0.082,0.1376,0.5203,0.9015,19.3603,7.3743,3.411
2951,1,4,pronk,0.9,0.2,-0.5,False,450,4.5,isaac_reset,0.6693,0.1007,-0.3436,0.2307,0.1039,0.173,0.2711,0.0257,0.1069,0.1063,0.5008,0.4993,22.855,6.4749,3.411
2952,2,4,pronk,0.9,0.2,-0.5,False,179,1.79,isaac_reset,0.6697,0.1167,-0.3234,0.2303,0.0909,0.1901,0.2728,0.022,0.1216,0.1077,0.5015,0.499,22.1114,8.8715,3.411
2953,3,4,pronk,0.9,0.2,-0.5,True,1000,10.0,timeout,0.7217,0.1356,-0.3704,0.1783,0.0748,0.1419,0.2688,0.0161,0.1091,0.1309,0.4703,0.5268,21.5082,3.5255,3.411
2954,4,4,pronk,0.9,0.2,-0.5,False,674,6.74,isaac_reset,0.6177,0.1053,-0.3491,0.2823,0.1013,0.1842,0.2675,0.0243,0.1202,0.1209,0.5433,0.4733,22.919,1.9123,3.411
2955,0,4,pronk,0.9,0.2,-0.25,False,11,0.11,fall_height,0.7209,0.0649,-0.2416,0.2151,0.139,0.0762,0.2849,0.0637,0.0776,0.141,0.5379,0.8703,20.002,3.5109,2.554
2956,1,4,pronk,0.9,0.2,-0.25,False,500,5.0,isaac_reset,0.6745,0.0936,-0.169,0.2255,0.1081,0.1182,0.2704,0.0231,0.1168,0.1142,0.5103,0.4897,23.0637,3.0959,2.554
2957,2,4,pronk,0.9,0.2,-0.25,False,229,2.29,isaac_reset,0.6842,0.1025,-0.1744,0.2164,0.1014,0.1257,0.2733,0.0249,0.1221,0.1107,0.5145,0.5117,22.2998,3.7475,2.554
2958,3,4,pronk,0.9,0.2,-0.25,False,116,1.16,isaac_reset,0.5629,0.0716,-0.149,0.3531,0.1399,0.2086,0.3142,0.0467,0.1087,0.1365,0.5724,0.5683,21.088,4.275,2.554
2959,4,4,pronk,0.9,0.2,-0.25,False,724,7.24,isaac_reset,0.6955,0.1109,-0.1308,0.2045,0.0928,0.1402,0.2701,0.0149,0.1294,0.1297,0.4979,0.5021,22.2373,0.9902,2.554
2960,0,4,pronk,0.9,0.2,0.0,False,61,0.61,fall_height,0.7383,0.0418,-0.0454,0.1953,0.1583,0.0616,0.2835,0.0553,0.0702,0.1503,0.5254,0.8798,19.9257,1.0116,2.951
2961,1,4,pronk,0.9,0.2,0.0,False,825,8.25,isaac_reset,0.7251,0.0789,-0.0425,0.1749,0.1214,0.0805,0.2755,0.0216,0.1343,0.1281,0.4754,0.5246,22.4957,1.3418,2.951
2962,2,4,pronk,0.9,0.2,0.0,False,554,5.54,isaac_reset,0.6791,0.0814,-0.0036,0.221,0.1194,0.0834,0.2724,0.0232,0.1343,0.1118,0.5061,0.505,22.3452,1.1724,2.951
2963,3,4,pronk,0.9,0.2,0.0,False,854,8.54,isaac_reset,0.7328,0.0967,-0.0272,0.1672,0.1034,0.0732,0.2708,0.0157,0.1215,0.1398,0.4731,0.5269,21.387,1.156,2.951
2964,4,4,pronk,0.9,0.2,0.0,False,78,0.78,isaac_reset,0.6947,0.0918,0.0013,0.2085,0.1142,0.0995,0.2798,0.033,0.1265,0.1172,0.4977,0.5254,21.7316,5.8566,2.951
2965,0,4,pronk,0.9,0.2,0.25,False,7,0.07,fall_height,0.754,0.0082,0.1664,0.199,0.1918,0.0866,0.2874,0.0586,0.0424,0.1762,0.5145,0.9075,19.1379,0.8245,3.403
2966,1,4,pronk,0.9,0.2,0.25,False,43,0.43,isaac_reset,0.6493,0.0818,0.1083,0.2572,0.1268,0.1927,0.2776,0.0383,0.1302,0.1088,0.5515,0.464,23.2805,5.4418,3.403
2967,2,4,pronk,0.9,0.2,0.25,False,749,7.49,isaac_reset,0.6742,0.0914,0.0723,0.2258,0.1116,0.1925,0.2657,0.0229,0.1486,0.1075,0.537,0.4705,22.4962,0.9217,3.403
2968,3,4,pronk,0.9,0.2,0.25,True,1000,10.0,timeout,0.7481,0.0947,0.0887,0.1519,0.1056,0.1687,0.267,0.0165,0.1336,0.1349,0.492,0.508,21.7658,7.6446,3.403
2969,4,4,pronk,0.9,0.2,0.25,False,273,2.73,isaac_reset,0.604,0.0694,0.1571,0.3094,0.1389,0.1738,0.3009,0.0468,0.0964,0.0897,0.5613,0.516,22.1381,5.1594,3.403
2970,0,4,pronk,0.9,0.2,0.5,False,58,0.58,fall_height,0.7821,-0.0116,0.3716,0.1929,0.2116,0.1287,0.2879,0.0609,0.0389,0.1847,0.5133,0.9253,19.0727,0.3537,3.401
2971,1,4,pronk,0.9,0.2,0.5,False,271,2.71,isaac_reset,0.7111,0.0763,0.2191,0.189,0.1247,0.2827,0.2687,0.0247,0.1291,0.1178,0.5288,0.4883,22.9481,2.3538,3.401
2972,2,4,pronk,0.9,0.2,0.5,False,799,7.99,isaac_reset,0.6841,0.0878,0.1977,0.2159,0.1134,0.3038,0.2638,0.0229,0.1594,0.0972,0.5485,0.457,22.8532,0.9781,3.401
2973,3,4,pronk,0.9,0.2,0.5,True,1000,10.0,timeout,0.7294,0.081,0.2382,0.1706,0.119,0.2623,0.2633,0.0166,0.122,0.1344,0.5118,0.4833,22.025,5.0112,3.401
2974,4,4,pronk,0.9,0.2,0.5,False,58,0.58,isaac_reset,0.5902,0.0357,0.2718,0.3267,0.1683,0.2499,0.3175,0.0428,0.0633,0.0871,0.5875,0.5558,21.8577,0.5221,3.401
2975,0,4,pronk,0.9,0.4,-0.5,False,103,1.03,fall_height,0.7635,0.1104,-0.4838,0.1615,0.2896,0.0688,0.2895,0.0663,0.0981,0.1405,0.529,0.935,19.0801,1.5833,3.412
2976,1,4,pronk,0.9,0.4,-0.5,False,321,3.21,isaac_reset,0.7068,0.1301,-0.3742,0.1932,0.2699,0.1472,0.2701,0.0205,0.1101,0.1231,0.4888,0.5113,22.803,7.5309,3.412
2977,2,4,pronk,0.9,0.4,-0.5,False,849,8.49,isaac_reset,0.6779,0.147,-0.3439,0.2221,0.253,0.1632,0.2757,0.0289,0.1226,0.1253,0.507,0.514,22.0457,1.0204,3.412
2978,3,4,pronk,0.9,0.4,-0.5,False,871,8.71,fall_height,0.635,0.1489,-0.3908,0.265,0.2511,0.1502,0.2565,0.0309,0.1076,0.1281,0.5663,0.4463,22.1466,8.6831,3.412
2979,4,4,pronk,0.9,0.4,-0.5,True,1000,10.0,timeout,0.7103,0.1464,-0.4068,0.1897,0.2536,0.1212,0.2683,0.0164,0.1226,0.1203,0.48,0.5325,21.7036,4.5016,3.412
2980,0,4,pronk,0.9,0.4,-0.25,False,403,4.03,fall_height,0.7759,0.0796,-0.264,0.1571,0.3204,0.065,0.2979,0.0621,0.0874,0.1386,0.5463,0.9113,18.7354,5.1711,3.413
2981,1,4,pronk,0.9,0.4,-0.25,False,371,3.71,isaac_reset,0.6725,0.1143,-0.2362,0.2275,0.2857,0.0997,0.2696,0.0246,0.1327,0.1063,0.5082,0.5033,22.8233,1.9457,3.413
2982,2,4,pronk,0.9,0.4,-0.25,True,1000,10.0,timeout,0.7299,0.1249,-0.199,0.1701,0.2751,0.0894,0.2715,0.0156,0.1384,0.1179,0.4678,0.5348,21.7109,6.0305,3.413
2983,3,4,pronk,0.9,0.4,-0.25,False,0,0.0,fall_height,0.6759,0.1117,-0.1931,0.2241,0.2883,0.0959,0.2715,0.0292,0.1176,0.1188,0.5145,0.4865,21.7334,4.0166,3.413
2984,4,4,pronk,0.9,0.4,-0.25,True,1000,10.0,timeout,0.7145,0.1264,-0.22,0.1855,0.2736,0.0903,0.2705,0.0164,0.1315,0.1177,0.4758,0.5243,21.7833,5.3369,3.413
2985,0,4,pronk,0.9,0.4,0.0,False,136,1.36,isaac_reset,0.6848,0.081,-0.0296,0.2418,0.319,0.1235,0.2969,0.0532,0.1012,0.0935,0.5616,0.6682,21.8412,5.1126,1.621
2986,1,4,pronk,0.9,0.4,0.0,False,421,4.21,isaac_reset,0.738,0.0999,-0.0773,0.162,0.3001,0.0987,0.2724,0.0175,0.1364,0.1316,0.4787,0.5201,22.439,3.3079,1.621
2987,2,4,pronk,0.9,0.4,0.0,False,155,1.55,isaac_reset,0.5589,0.0742,-0.0269,0.3551,0.3258,0.1308,0.304,0.0514,0.0919,0.0791,0.59,0.5521,21.9384,6.3082,1.621
2988,3,4,pronk,0.9,0.4,0.0,False,99,0.99,isaac_reset,0.6289,0.0973,-0.0259,0.2711,0.3027,0.0942,0.2772,0.028,0.1139,0.087,0.529,0.4662,22.2192,4.8029,1.621
2989,4,4,pronk,0.9,0.4,0.0,False,28,0.28,isaac_reset,0.4505,0.08,-0.0659,0.4495,0.32,0.1553,0.212,0.043,0.1773,0.1564,0.7085,0.2897,23.5849,5.0457,1.621
2990,0,4,pronk,0.9,0.4,0.25,False,9,0.09,fall_height,0.7475,0.0348,0.1672,0.1953,0.3652,0.091,0.2995,0.0606,0.0558,0.1549,0.5425,0.882,19.0432,1.5708,3.061
2991,1,4,pronk,0.9,0.4,0.25,False,67,0.67,isaac_reset,0.6994,0.1092,0.0604,0.2059,0.2926,0.2226,0.2705,0.0315,0.1501,0.1202,0.5239,0.4859,23.2531,5.4135,3.061
2992,2,4,pronk,0.9,0.4,0.25,False,887,8.87,isaac_reset,0.7351,0.092,0.0758,0.1649,0.308,0.177,0.2704,0.017,0.1458,0.1288,0.4792,0.5208,21.8662,0.88,3.061
2993,3,4,pronk,0.9,0.4,0.25,False,727,7.27,isaac_reset,0.6635,0.1087,0.1122,0.2373,0.2913,0.1695,0.2692,0.0332,0.1217,0.1282,0.5453,0.4547,22.0868,1.1003,3.061
2994,4,4,pronk,0.9,0.4,0.25,False,656,6.56,isaac_reset,0.6976,0.0848,0.0717,0.2024,0.3152,0.1854,0.2731,0.023,0.1252,0.106,0.4904,0.5135,21.6706,0.1967,3.061
2995,0,4,pronk,0.9,0.4,0.5,False,68,0.68,fall_height,0.7024,0.101,0.1995,0.1976,0.299,0.3011,0.2567,0.0191,0.1392,0.1187,0.5545,0.4485,23.8846,5.2175,3.407
2996,1,4,pronk,0.9,0.4,0.5,False,229,2.29,isaac_reset,0.6916,0.0891,0.2033,0.2084,0.3109,0.3055,0.2621,0.0233,0.1489,0.1112,0.5388,0.4613,23.5773,3.5209,3.407
2997,2,4,pronk,0.9,0.4,0.5,True,1000,10.0,timeout,0.7159,0.1115,0.1747,0.1841,0.2885,0.3257,0.2593,0.016,0.169,0.1117,0.5465,0.4535,22.6466,6.6035,3.407
2998,3,4,pronk,0.9,0.4,0.5,True,1000,10.0,timeout,0.613,0.0832,0.1628,0.287,0.3168,0.3407,0.237,0.0189,0.1566,0.1381,0.681,0.3205,22.7149,4.6653,3.407
2999,4,4,pronk,0.9,0.4,0.5,False,818,8.18,isaac_reset,0.6726,0.101,0.2161,0.2312,0.2994,0.2959,0.2672,0.0342,0.1453,0.1092,0.5665,0.4428,22.369,1.4108,3.407
3000,0,4,pronk,1.2,-0.4,-0.5,False,2,0.02,isaac_reset,0.7819,0.0553,-0.2265,0.4194,0.4553,0.2791,0.2766,0.0312,0.0996,0.124,0.5433,0.475,23.8816,10.5188,3.399
3001,1,4,pronk,1.2,-0.4,-0.5,False,279,2.79,isaac_reset,0.7316,0.048,-0.264,0.4691,0.448,0.2529,0.2912,0.04,0.0913,0.0995,0.5435,0.5238,23.2354,4.6393,3.399
3002,2,4,pronk,1.2,-0.4,-0.5,False,124,1.24,isaac_reset,0.666,0.0274,-0.2655,0.5344,0.4274,0.2515,0.3138,0.0416,0.0638,0.0838,0.5778,0.539,23.0208,7.0991,3.399
3003,3,4,pronk,1.2,-0.4,-0.5,True,1000,10.0,timeout,0.8416,0.0837,-0.2949,0.3584,0.4837,0.2111,0.2698,0.0163,0.1184,0.1204,0.478,0.522,21.9371,11.016,3.399
3004,4,4,pronk,1.2,-0.4,-0.5,True,1000,10.0,timeout,0.8199,0.1005,-0.258,0.3801,0.5005,0.2502,0.2673,0.0149,0.137,0.1305,0.4943,0.5058,21.998,6.3597,3.399
3005,0,4,pronk,1.2,-0.4,-0.25,False,220,2.2,isaac_reset,0.8065,0.0466,-0.0786,0.3935,0.4466,0.1786,0.2701,0.0211,0.1012,0.1466,0.5255,0.4853,23.3782,3.5065,3.307
3006,1,4,pronk,1.2,-0.4,-0.25,False,767,7.67,isaac_reset,0.7549,0.0589,-0.1771,0.4451,0.4589,0.1549,0.2766,0.0319,0.1413,0.1371,0.5131,0.5137,22.7301,1.513,3.307
3007,2,4,pronk,1.2,-0.4,-0.25,False,969,9.69,isaac_reset,0.8309,0.0687,-0.1343,0.3691,0.4687,0.1455,0.2701,0.0173,0.1427,0.1291,0.4853,0.5142,22.1417,0.9882,3.307
3008,3,4,pronk,1.2,-0.4,-0.25,False,10,0.1,isaac_reset,0.8078,0.0627,-0.1009,0.3922,0.4627,0.1663,0.2731,0.0225,0.1082,0.1306,0.4997,0.4961,21.9574,7.3775,3.307
3009,4,4,pronk,1.2,-0.4,-0.25,False,110,1.1,isaac_reset,0.8188,0.0671,-0.1438,0.3817,0.4671,0.1417,0.2767,0.0327,0.1065,0.121,0.5026,0.5093,22.3704,5.5386,3.307
3010,0,4,pronk,1.2,-0.4,0.0,False,300,3.0,isaac_reset,0.7398,0.0064,0.0179,0.4616,0.4064,0.0974,0.2967,0.0417,0.0556,0.1254,0.563,0.5078,23.0755,4.7015,3.394
3011,1,4,pronk,1.2,-0.4,0.0,False,982,9.82,isaac_reset,0.8345,0.0375,-0.008,0.3655,0.4375,0.083,0.2726,0.0213,0.1205,0.1377,0.4848,0.5133,22.9311,0.3439,3.394
3012,2,4,pronk,1.2,-0.4,0.0,True,1000,10.0,timeout,0.8023,0.058,-0.0166,0.3977,0.458,0.1081,0.2665,0.0171,0.1416,0.1314,0.514,0.484,22.5218,8.7131,3.394
3013,3,4,pronk,1.2,-0.4,0.0,False,90,0.9,isaac_reset,0.8044,0.0618,0.0197,0.3956,0.4618,0.1085,0.2692,0.022,0.1068,0.136,0.523,0.479,22.1577,5.2946,3.394
3014,4,4,pronk,1.2,-0.4,0.0,False,190,1.9,isaac_reset,0.786,0.0329,-0.0246,0.414,0.4329,0.0937,0.2825,0.0321,0.0981,0.1046,0.5175,0.5145,22.1014,3.3708,3.394
3015,0,4,pronk,1.2,-0.4,0.25,False,3,0.03,isaac_reset,0.8038,0.0362,0.1328,0.3962,0.4362,0.1427,0.2647,0.0228,0.1089,0.1369,0.55,0.4615,23.8136,6.3374,3.407
3016,1,4,pronk,1.2,-0.4,0.25,False,69,0.69,isaac_reset,0.6098,-0.0168,0.1463,0.593,0.3834,0.1651,0.2878,0.0385,0.0827,0.2169,0.5443,0.491,22.1878,3.8933,3.407
3017,2,4,pronk,1.2,-0.4,0.25,True,1000,10.0,timeout,0.8159,0.042,0.097,0.3841,0.442,0.1778,0.2657,0.0174,0.1395,0.1095,0.544,0.4615,22.8947,5.4384,3.407
3018,3,4,pronk,1.2,-0.4,0.25,False,140,1.4,isaac_reset,0.8285,0.03,0.1344,0.3715,0.43,0.1277,0.2739,0.0236,0.1058,0.1313,0.4843,0.5288,21.8243,2.8007,3.407
3019,4,4,pronk,1.2,-0.4,0.25,False,421,4.21,isaac_reset,0.8001,0.0205,0.154,0.3999,0.4205,0.1471,0.2714,0.0225,0.1291,0.1015,0.5043,0.4953,23.2061,3.2246,3.407
3020,0,4,pronk,1.2,-0.4,0.5,False,53,0.53,isaac_reset,0.864,-0.006,0.2865,0.336,0.394,0.2145,0.2704,0.0218,0.099,0.1511,0.5138,0.5068,23.179,5.2011,3.422
3021,1,4,pronk,1.2,-0.4,0.5,False,583,5.83,isaac_reset,0.8045,0.017,0.294,0.3955,0.417,0.228,0.2679,0.0223,0.1273,0.1222,0.5305,0.4695,23.5743,2.164,3.422
3022,2,4,pronk,1.2,-0.4,0.5,True,1000,10.0,timeout,0.7853,0.0241,0.2783,0.4147,0.4241,0.2428,0.2661,0.0216,0.1452,0.1065,0.5615,0.4385,23.028,7.5677,3.422
3023,3,4,pronk,1.2,-0.4,0.5,False,190,1.9,isaac_reset,0.8768,-0.001,0.3148,0.3232,0.399,0.2001,0.2752,0.021,0.1075,0.1423,0.4653,0.5343,21.8857,4.9073,3.422
3024,4,4,pronk,1.2,-0.4,0.5,False,471,4.71,isaac_reset,0.8238,0.025,0.3143,0.3762,0.425,0.1931,0.2713,0.025,0.1137,0.1246,0.5178,0.4918,22.2733,1.9504,3.422
3025,0,4,pronk,1.2,-0.2,-0.5,False,103,1.03,isaac_reset,0.7577,0.0823,-0.3193,0.4426,0.2823,0.2078,0.2788,0.0371,0.1088,0.088,0.5536,0.5229,24.3607,7.0698,2.27
3026,1,4,pronk,1.2,-0.2,-0.5,False,633,6.33,isaac_reset,0.8169,0.0972,-0.2587,0.3831,0.2972,0.2444,0.2665,0.0163,0.1282,0.1436,0.5028,0.4957,22.9123,3.9569,2.27
3027,2,4,pronk,1.2,-0.2,-0.5,False,49,0.49,isaac_reset,0.7457,0.0783,-0.2393,0.4543,0.2802,0.284,0.2725,0.0224,0.1212,0.1216,0.5209,0.4791,22.7476,9.3908,2.27
3028,3,4,pronk,1.2,-0.2,-0.5,False,240,2.4,isaac_reset,0.7603,0.0713,-0.3047,0.4397,0.2713,0.2083,0.298,0.0452,0.0907,0.094,0.5181,0.5158,23.105,5.916,2.27
3029,4,4,pronk,1.2,-0.2,-0.5,False,521,5.21,isaac_reset,0.7605,0.0914,-0.2577,0.4395,0.2924,0.2523,0.2653,0.0244,0.1152,0.1213,0.5264,0.4728,22.7586,2.9934,2.27
3030,0,4,pronk,1.2,-0.2,-0.25,False,695,6.95,isaac_reset,0.7525,0.0713,-0.1598,0.4479,0.2713,0.1505,0.2779,0.0355,0.128,0.1494,0.5195,0.531,22.7849,2.5347,3.412
3031,1,4,pronk,1.2,-0.2,-0.25,True,1000,10.0,timeout,0.8301,0.0728,-0.187,0.3699,0.2728,0.1192,0.2698,0.0177,0.1293,0.1314,0.4855,0.517,22.5708,7.8146,3.412
3032,2,4,pronk,1.2,-0.2,-0.25,False,465,4.65,isaac_reset,0.7948,0.0749,-0.1265,0.4052,0.2749,0.1531,0.2721,0.0225,0.1251,0.1249,0.497,0.5045,22.2448,0.5823,3.412
3033,3,4,pronk,1.2,-0.2,-0.25,False,29,0.29,isaac_reset,0.7851,0.0749,-0.1615,0.4149,0.2749,0.1214,0.2734,0.0282,0.1184,0.1293,0.503,0.488,22.01,6.1642,3.412
3034,4,4,pronk,1.2,-0.2,-0.25,False,937,9.37,isaac_reset,0.8038,0.0794,-0.1378,0.3962,0.2794,0.1504,0.273,0.0218,0.1296,0.1327,0.485,0.5093,21.8143,0.566,3.412
3035,0,4,pronk,1.2,-0.2,0.0,False,121,1.21,fall_height,0.438,0.006,0.0076,0.763,0.2085,0.1498,0.291,0.0459,0.0846,0.2666,0.5775,0.548,21.9961,0.7309,3.412
3036,1,4,pronk,1.2,-0.2,0.0,True,1000,10.0,timeout,0.7906,0.0695,-0.0086,0.4094,0.2695,0.1257,0.2638,0.0188,0.1261,0.1383,0.5485,0.467,23.2458,7.141,3.412
3037,2,4,pronk,1.2,-0.2,0.0,False,515,5.15,isaac_reset,0.8148,0.0563,-0.0334,0.3852,0.2563,0.0839,0.2742,0.0226,0.1246,0.1227,0.4948,0.5068,22.2786,2.2752,3.412
3038,3,4,pronk,1.2,-0.2,0.0,False,79,0.79,isaac_reset,0.8091,0.0666,-0.0153,0.3909,0.2666,0.0926,0.2695,0.0225,0.1141,0.1355,0.505,0.5035,21.8818,5.5873,3.412
3039,4,4,pronk,1.2,-0.2,0.0,False,9,0.09,isaac_reset,0.7038,0.0425,0.0313,0.4963,0.2425,0.1184,0.2456,0.0408,0.1353,0.1582,0.617,0.396,22.9619,7.011,3.412
3040,0,4,pronk,1.2,-0.2,0.25,False,944,9.44,isaac_reset,0.8597,0.0445,0.0985,0.3403,0.2445,0.1542,0.2664,0.0167,0.1237,0.1565,0.5153,0.4841,23.2447,0.7529,3.226
3041,1,4,pronk,1.2,-0.2,0.25,False,182,1.82,isaac_reset,0.7725,0.0284,0.1046,0.4283,0.2284,0.164,0.2867,0.0366,0.0729,0.1159,0.5299,0.5138,22.8911,3.7338,3.226
3042,2,4,pronk,1.2,-0.2,0.25,False,565,5.65,isaac_reset,0.7727,0.0472,0.0958,0.4274,0.2472,0.1761,0.2776,0.0309,0.1111,0.1091,0.5183,0.4907,22.835,1.89,3.226
3043,3,4,pronk,1.2,-0.2,0.25,False,129,1.29,isaac_reset,0.7045,0.0217,0.102,0.4955,0.2226,0.1787,0.2802,0.0366,0.0983,0.1629,0.5302,0.5048,22.0251,3.9964,3.226
3044,4,4,pronk,1.2,-0.2,0.25,False,59,0.59,isaac_reset,0.7753,0.0401,0.1095,0.4247,0.2401,0.1627,0.2772,0.0313,0.105,0.1002,0.518,0.4894,22.6576,2.8722,3.226
3045,0,4,pronk,1.2,-0.2,0.5,False,107,1.07,isaac_reset,0.7805,-0.0069,0.284,0.4254,0.1962,0.2365,0.2847,0.0361,0.0876,0.1548,0.5319,0.5044,23.3039,4.3181,2.952
3046,1,4,pronk,1.2,-0.2,0.5,False,456,4.56,isaac_reset,0.6542,0.0099,0.2617,0.5469,0.2161,0.2623,0.2794,0.0351,0.1205,0.1855,0.5471,0.5032,22.5896,4.7083,2.952
3047,2,4,pronk,1.2,-0.2,0.5,False,854,8.54,isaac_reset,0.8232,0.0636,0.2284,0.3768,0.2636,0.2734,0.2625,0.0179,0.1678,0.1164,0.5392,0.4608,22.9096,1.7824,2.952
3048,3,4,pronk,1.2,-0.2,0.5,False,542,5.42,isaac_reset,0.788,0.0373,0.2875,0.4122,0.2373,0.2154,0.2775,0.0327,0.0903,0.1241,0.5231,0.4915,22.2887,4.0306,2.952
3049,4,4,pronk,1.2,-0.2,0.5,False,345,3.45,isaac_reset,0.7504,0.0179,0.256,0.4505,0.2181,0.2521,0.2946,0.0427,0.0783,0.1147,0.5301,0.5278,22.1879,4.4649,2.952
3050,0,4,pronk,1.2,0.0,-0.5,False,480,4.8,isaac_reset,0.7724,0.0994,-0.3301,0.4285,0.1038,0.1962,0.2875,0.0441,0.1167,0.0981,0.5149,0.523,23.6834,4.3266,3.374
3051,1,4,pronk,1.2,0.0,-0.5,False,986,9.86,isaac_reset,0.7851,0.1316,-0.2831,0.4149,0.1316,0.2218,0.2632,0.0148,0.1165,0.1652,0.5223,0.4772,22.8403,0.7795,3.374
3052,2,4,pronk,1.2,0.0,-0.5,False,65,0.65,isaac_reset,0.7777,0.1043,-0.3226,0.4229,0.1067,0.2072,0.2812,0.0372,0.1184,0.1009,0.5324,0.5071,22.8798,4.342,3.374
3053,3,4,pronk,1.2,0.0,-0.5,False,906,9.06,isaac_reset,0.8076,0.1101,-0.3178,0.3924,0.112,0.1867,0.2725,0.0228,0.1222,0.1322,0.4906,0.5177,21.5717,0.1319,3.374
3054,4,4,pronk,1.2,0.0,-0.5,False,167,1.67,isaac_reset,0.7643,0.1011,-0.3159,0.4357,0.1111,0.2063,0.2795,0.031,0.1218,0.0995,0.4997,0.5106,22.7581,4.4276,3.374
3055,0,4,pronk,1.2,0.0,-0.25,True,1000,10.0,timeout,0.8059,0.0876,-0.1138,0.3941,0.0897,0.152,0.2638,0.0157,0.1182,0.1558,0.5318,0.4693,23.3715,8.347,3.407
3056,1,4,pronk,1.2,0.0,-0.25,False,73,0.73,isaac_reset,0.6985,0.1013,-0.2162,0.5015,0.1023,0.1837,0.2843,0.0405,0.1416,0.1584,0.5228,0.5373,21.9984,4.8754,3.407
3057,2,4,pronk,1.2,0.0,-0.25,False,299,2.99,isaac_reset,0.7662,0.0923,-0.1576,0.4342,0.0975,0.1437,0.2761,0.0352,0.1226,0.11,0.5415,0.4808,22.6403,3.3651,3.407
3058,3,4,pronk,1.2,0.0,-0.25,False,969,9.69,isaac_reset,0.8054,0.1104,-0.1657,0.3946,0.1108,0.124,0.2687,0.0217,0.1292,0.1402,0.4995,0.499,21.7815,0.0352,3.407
3059,4,4,pronk,1.2,0.0,-0.25,False,230,2.3,isaac_reset,0.8011,0.0912,-0.1887,0.3989,0.0996,0.1223,0.2697,0.0223,0.1351,0.1199,0.491,0.5082,22.0614,3.8605,3.407
3060,0,4,pronk,1.2,0.0,0.0,False,114,1.14,isaac_reset,0.7696,0.0822,-0.034,0.4308,0.0862,0.1267,0.2766,0.0356,0.1181,0.1052,0.532,0.4903,24.2188,7.1871,1.903
3061,1,4,pronk,1.2,0.0,0.0,False,355,3.55,isaac_reset,0.7902,0.0651,-0.0555,0.4098,0.069,0.1002,0.2747,0.0256,0.1116,0.1207,0.5024,0.5228,22.771,4.8497,1.903
3062,2,4,pronk,1.2,0.0,0.0,False,514,5.14,isaac_reset,0.7923,0.1064,-0.05,0.4077,0.1066,0.1261,0.2628,0.0163,0.1585,0.1258,0.5403,0.4587,22.8885,3.8063,1.903
3063,3,4,pronk,1.2,0.0,0.0,False,38,0.38,isaac_reset,0.8029,0.0847,-0.0159,0.3975,0.0861,0.1045,0.283,0.034,0.1295,0.1093,0.4898,0.4927,22.3639,2.8716,1.903
3064,4,4,pronk,1.2,0.0,0.0,False,280,2.8,isaac_reset,0.782,0.0755,-0.0803,0.418,0.0808,0.1168,0.2738,0.0278,0.1286,0.0915,0.5146,0.5019,22.7828,4.0702,1.903
3065,0,4,pronk,1.2,0.0,0.25,False,649,6.49,isaac_reset,0.8012,0.0591,0.0658,0.3988,0.0644,0.188,0.2693,0.0252,0.1233,0.1254,0.5292,0.4764,23.5988,1.5764,3.062
3066,1,4,pronk,1.2,0.0,0.25,False,890,8.9,isaac_reset,0.7745,0.0858,0.0075,0.4255,0.089,0.254,0.2589,0.0186,0.1675,0.1147,0.5833,0.4161,23.6374,0.7409,3.062
3067,2,4,pronk,1.2,0.0,0.25,False,57,0.57,isaac_reset,0.8041,0.0625,0.08,0.397,0.0724,0.1867,0.2771,0.0292,0.1362,0.1079,0.502,0.493,22.606,6.6211,3.062
3068,3,4,pronk,1.2,0.0,0.25,False,573,5.73,isaac_reset,0.8325,0.0636,0.0768,0.3675,0.067,0.1753,0.2741,0.0228,0.114,0.1314,0.4857,0.5269,21.772,0.8853,3.062
3069,4,4,pronk,1.2,0.0,0.25,False,815,8.15,isaac_reset,0.7835,0.0914,0.0531,0.4165,0.0921,0.2074,0.2669,0.0248,0.1518,0.1125,0.5435,0.4593,22.4806,1.1664,3.062
3070,0,4,pronk,1.2,0.0,0.5,False,808,8.08,isaac_reset,0.7816,0.0816,0.199,0.4184,0.0819,0.3024,0.2621,0.0243,0.1361,0.1105,0.581,0.4323,24.2782,0.6249,3.336
3071,1,4,pronk,1.2,0.0,0.5,False,73,0.73,isaac_reset,0.7245,0.0426,0.2241,0.4772,0.0681,0.2884,0.2761,0.0385,0.1223,0.1401,0.5569,0.4656,23.1424,4.7085,3.336
3072,2,4,pronk,1.2,0.0,0.5,False,216,2.16,isaac_reset,0.8276,0.0491,0.2494,0.3724,0.0681,0.2615,0.2685,0.0224,0.1503,0.1149,0.5049,0.4951,22.9368,5.1212,3.336
3073,3,4,pronk,1.2,0.0,0.5,False,732,7.32,isaac_reset,0.8068,0.0643,0.2633,0.3932,0.0773,0.2433,0.2658,0.0217,0.1272,0.1267,0.52,0.48,22.6518,1.3441,3.336
3074,4,4,pronk,1.2,0.0,0.5,False,974,9.74,isaac_reset,0.8437,0.0746,0.2204,0.3563,0.0838,0.2809,0.2649,0.0185,0.1571,0.1167,0.5128,0.4867,22.5579,0.3312,3.336
3075,0,4,pronk,1.2,0.2,-0.5,False,883,8.83,isaac_reset,0.7964,0.1326,-0.424,0.4036,0.0831,0.1116,0.2668,0.0222,0.1195,0.1281,0.5082,0.4953,23.2552,0.916,3.421
3076,1,4,pronk,1.2,0.2,-0.5,False,383,3.83,isaac_reset,0.7429,0.1272,-0.3486,0.4571,0.085,0.1933,0.2643,0.0212,0.1209,0.1341,0.543,0.4565,23.3761,5.7869,3.421
3077,2,4,pronk,1.2,0.2,-0.5,False,291,2.91,isaac_reset,0.6394,0.087,-0.3227,0.5612,0.1278,0.2397,0.2953,0.0448,0.1311,0.0843,0.5935,0.5365,23.7973,5.72,3.421
3078,3,4,pronk,1.2,0.2,-0.5,False,807,8.07,isaac_reset,0.7973,0.1453,-0.3554,0.4028,0.079,0.1546,0.2758,0.0325,0.1231,0.1294,0.4945,0.5213,21.6937,1.2604,3.421
3079,4,4,pronk,1.2,0.2,-0.5,True,1000,10.0,timeout,0.6746,0.1267,-0.3375,0.5254,0.0785,0.2026,0.2345,0.0239,0.1838,0.1339,0.6653,0.3338,23.0819,3.7114,3.421
3080,0,4,pronk,1.2,0.2,-0.25,False,933,9.33,isaac_reset,0.7802,0.1079,-0.154,0.4198,0.0944,0.1253,0.2678,0.0217,0.1242,0.1474,0.5323,0.4688,23.3036,0.6068,3.401
3081,1,4,pronk,1.2,0.2,-0.25,False,433,4.33,isaac_reset,0.7396,0.1088,-0.2178,0.4604,0.099,0.1403,0.2656,0.0242,0.145,0.1078,0.5455,0.4665,23.5219,0.9808,3.401
3082,2,4,pronk,1.2,0.2,-0.25,False,862,8.62,isaac_reset,0.7796,0.1156,-0.2322,0.4204,0.0956,0.1061,0.2674,0.0217,0.1461,0.1156,0.4955,0.504,22.1525,0.5456,3.401
3083,3,4,pronk,1.2,0.2,-0.25,False,9,0.09,isaac_reset,0.7571,0.1201,-0.1382,0.4429,0.0869,0.1445,0.2689,0.0211,0.1347,0.1327,0.5143,0.4778,22.2222,7.1185,3.401
3084,4,4,pronk,1.2,0.2,-0.25,True,1000,10.0,timeout,0.7835,0.1231,-0.1714,0.4165,0.0847,0.1261,0.2652,0.0161,0.1434,0.1323,0.5018,0.4993,22.0382,5.8489,3.401
3085,0,4,pronk,1.2,0.2,0.0,True,1000,10.0,timeout,0.784,0.0928,-0.0172,0.416,0.1091,0.1068,0.2651,0.0178,0.1267,0.1387,0.5525,0.451,23.7531,7.8762,3.409
3086,1,4,pronk,1.2,0.2,0.0,False,483,4.83,isaac_reset,0.7718,0.099,-0.0214,0.4324,0.1211,0.1407,0.2871,0.0456,0.127,0.095,0.5323,0.493,23.6526,4.0275,3.409
3087,2,4,pronk,1.2,0.2,0.0,False,912,9.12,isaac_reset,0.8192,0.0894,-0.0726,0.3808,0.1145,0.0978,0.2755,0.0219,0.1444,0.119,0.4768,0.5298,21.6983,0.969,3.409
3088,3,4,pronk,1.2,0.2,0.0,False,59,0.59,isaac_reset,0.7833,0.0965,-0.0139,0.4167,0.1069,0.1079,0.2677,0.0202,0.1253,0.1368,0.5293,0.4708,22.3153,4.9695,3.409
3089,4,4,pronk,1.2,0.2,0.0,True,1000,10.0,timeout,0.7379,0.0881,-0.0734,0.4621,0.1195,0.1323,0.2691,0.0236,0.1536,0.0949,0.5485,0.453,23.1215,4.1436,3.409
3090,0,4,pronk,1.2,0.2,0.25,False,39,0.39,isaac_reset,0.4707,-0.0188,0.1695,0.7293,0.2193,0.2072,0.2741,0.0443,0.0659,0.0995,0.7,0.3,26.41,7.89,0.643
3091,1,4,pronk,1.2,0.2,0.25,False,73,0.73,isaac_reset,0.7623,0.106,0.2728,0.4471,0.1553,0.2026,0.3187,0.0549,0.14,0.0815,0.5295,0.5159,25.4778,0.3106,0.643
3092,2,4,pronk,1.2,0.2,0.25,False,96,0.96,fall_height,0.685,0.0404,0.0932,0.515,0.1596,0.1572,0.2671,0.0323,0.0459,0.1047,0.5682,0.5545,22.8977,0.4655,0.643
3093,3,4,pronk,1.2,0.2,0.25,False,109,1.09,isaac_reset,0.7905,0.1208,0.0494,0.4095,0.0868,0.2015,0.2626,0.0219,0.156,0.1189,0.525,0.4659,22.6942,6.631,0.643
3094,4,4,pronk,1.2,0.2,0.25,False,49,0.49,isaac_reset,0.6136,0.0425,0.0824,0.5864,0.1614,0.1768,0.2858,0.0464,0.0887,0.0863,0.5386,0.4091,23.7388,6.9158,0.643
3095,0,4,pronk,1.2,0.2,0.5,False,979,9.79,isaac_reset,0.7908,0.1054,0.1602,0.4092,0.0957,0.3398,0.258,0.0231,0.1507,0.119,0.578,0.422,24.0528,0.0966,3.433
3096,1,4,pronk,1.2,0.2,0.5,True,1000,10.0,timeout,0.8205,0.0657,0.1678,0.3795,0.1362,0.333,0.2637,0.0187,0.1672,0.1173,0.5238,0.4763,23.7883,7.7041,3.433
3097,2,4,pronk,1.2,0.2,0.5,False,0,0.0,fall_height,0.6806,0.0414,0.2265,0.5194,0.1595,0.2907,0.2358,0.0414,0.161,0.147,0.6278,0.3715,23.8487,0.9308,3.433
3098,3,4,pronk,1.2,0.2,0.5,False,77,0.77,isaac_reset,0.6535,0.0125,0.2267,0.5487,0.1909,0.3002,0.3104,0.0467,0.0785,0.1219,0.5625,0.5395,22.6621,0.1941,3.433
3099,4,4,pronk,1.2,0.2,0.5,False,10,0.1,isaac_reset,0.7427,0.0655,0.2049,0.4574,0.1352,0.3015,0.278,0.0397,0.1188,0.1207,0.544,0.4853,22.6378,4.5552,3.433
3100,0,4,pronk,1.2,0.4,-0.5,True,1000,10.0,timeout,0.7916,0.1606,-0.4527,0.4084,0.2394,0.0936,0.2621,0.0164,0.1361,0.1303,0.5165,0.4835,23.4266,2.4217,3.398
3101,1,4,pronk,1.2,0.4,-0.5,True,1000,10.0,timeout,0.7817,0.1741,-0.4919,0.4183,0.2259,0.1388,0.26,0.0176,0.1423,0.1243,0.5193,0.4858,22.9549,8.7089,3.398
3102,2,4,pronk,1.2,0.4,-0.5,False,969,9.69,isaac_reset,0.7998,0.1516,-0.445,0.4002,0.2484,0.1134,0.2683,0.0212,0.1315,0.1265,0.4783,0.5228,21.9964,0.1649,3.398
3103,3,4,pronk,1.2,0.4,-0.5,False,923,9.23,isaac_reset,0.7946,0.1651,-0.4356,0.4054,0.2349,0.1139,0.266,0.0204,0.1157,0.1353,0.489,0.511,21.9849,0.1983,3.398
3104,4,4,pronk,1.2,0.4,-0.5,False,295,2.95,isaac_reset,0.746,0.1441,-0.3798,0.454,0.2559,0.1644,0.2655,0.0377,0.1261,0.137,0.5245,0.4985,22.0554,7.4177,3.398
3105,0,4,pronk,1.2,0.4,-0.25,False,87,0.87,isaac_reset,0.7377,0.1392,-0.2088,0.4657,0.2782,0.1379,0.2917,0.0464,0.127,0.0866,0.5303,0.5026,24.1798,4.2049,3.326
3106,1,4,pronk,1.2,0.4,-0.25,False,135,1.35,isaac_reset,0.7375,0.1196,-0.1595,0.4643,0.2872,0.1565,0.2997,0.0447,0.1248,0.0878,0.5411,0.5146,23.0213,2.6744,3.326
3107,2,4,pronk,1.2,0.4,-0.25,False,42,0.42,isaac_reset,0.7716,0.1357,-0.2121,0.4284,0.2661,0.1209,0.2703,0.0292,0.155,0.1131,0.4995,0.4928,22.5419,6.1891,3.326
3108,3,4,pronk,1.2,0.4,-0.25,False,973,9.73,isaac_reset,0.8224,0.1422,-0.2925,0.3776,0.2578,0.097,0.2684,0.0174,0.1412,0.1319,0.4761,0.5228,21.4235,0.4103,3.326
3109,4,4,pronk,1.2,0.4,-0.25,False,0,0.0,fall_height,0.6928,0.1131,-0.2077,0.5072,0.2869,0.1489,0.2607,0.045,0.1426,0.1003,0.5832,0.4328,23.0508,2.7003,3.326
3110,0,4,pronk,1.2,0.4,0.0,False,633,6.33,isaac_reset,0.7854,0.0955,-0.0852,0.4146,0.3045,0.1212,0.2683,0.0234,0.1287,0.1374,0.522,0.478,23.7715,2.5277,2.498
3111,1,4,pronk,1.2,0.4,0.0,False,703,7.03,isaac_reset,0.8093,0.1266,-0.1493,0.3907,0.2734,0.1597,0.2656,0.0176,0.162,0.1299,0.4975,0.5018,22.7688,2.4513,2.498
3112,2,4,pronk,1.2,0.4,0.0,False,118,1.18,isaac_reset,0.7542,0.1324,-0.1296,0.4458,0.2676,0.1714,0.263,0.0241,0.1581,0.1158,0.5167,0.4833,22.5876,4.5131,2.498
3113,3,4,pronk,1.2,0.4,0.0,False,67,0.67,isaac_reset,0.7976,0.1105,-0.0394,0.4028,0.292,0.1168,0.2837,0.0331,0.1395,0.109,0.4922,0.5099,22.0257,5.2246,2.498
3114,4,4,pronk,1.2,0.4,0.0,False,18,0.18,fall_height,0.5508,0.0642,-0.068,0.6492,0.3358,0.1406,0.2194,0.0304,0.2223,0.1765,0.7475,0.2525,23.5259,2.8882,2.498
3115,0,4,pronk,1.2,0.4,0.25,False,979,9.79,isaac_reset,0.81,0.0886,0.0383,0.39,0.3114,0.2146,0.2672,0.023,0.1459,0.1306,0.5155,0.486,23.7656,0.924,3.434
3116,1,4,pronk,1.2,0.4,0.25,True,1000,10.0,timeout,0.7957,0.1218,-0.0428,0.4043,0.2782,0.2982,0.2609,0.0182,0.1787,0.1097,0.5368,0.4663,23.4907,8.6157,3.434
3117,2,4,pronk,1.2,0.4,0.25,False,464,4.64,isaac_reset,0.6854,0.0576,0.1158,0.5157,0.3424,0.1898,0.2906,0.0391,0.1253,0.1354,0.5438,0.5082,22.9697,3.919,3.434
3118,3,4,pronk,1.2,0.4,0.25,False,413,4.13,isaac_reset,0.7736,0.1095,0.0482,0.4264,0.2905,0.2119,0.2652,0.0232,0.1488,0.1125,0.539,0.467,22.416,2.1278,3.434
3119,4,4,pronk,1.2,0.4,0.25,False,196,1.96,fall_height,0.6407,0.0642,-0.0013,0.5593,0.3358,0.2643,0.2204,0.0253,0.2063,0.1856,0.7135,0.2865,23.1815,7.2265,3.434
3120,0,4,pronk,1.2,0.4,0.5,True,1000,10.0,timeout,0.7853,0.1177,0.1332,0.4147,0.2823,0.3672,0.2537,0.0172,0.1626,0.115,0.601,0.399,24.3277,7.8924,3.427
3121,1,4,pronk,1.2,0.4,0.5,False,114,1.14,isaac_reset,0.7378,0.0858,0.2594,0.4638,0.3164,0.2923,0.2635,0.0488,0.1547,0.1081,0.5828,0.4383,24.4175,6.2588,3.427
3122,2,4,pronk,1.2,0.4,0.5,False,6,0.06,isaac_reset,0.7815,0.0988,0.191,0.4185,0.3012,0.3144,0.2584,0.0307,0.1651,0.1109,0.553,0.451,22.7841,7.6407,3.427
3123,3,4,pronk,1.2,0.4,0.5,False,463,4.63,isaac_reset,0.7366,0.0735,0.2364,0.465,0.3265,0.2815,0.2821,0.0436,0.1138,0.123,0.571,0.487,22.4571,3.1935,3.427
3124,4,4,pronk,1.2,0.4,0.5,True,1000,10.0,timeout,0.8207,0.1147,0.1454,0.3793,0.2853,0.3547,0.2587,0.0179,0.1774,0.1092,0.548,0.4515,22.5638,5.2389,3.427
3125,0,5,limp,0.0,-0.4,-0.5,True,1000,10.0,timeout,0.0393,-0.0216,-0.0275,0.0564,0.3784,0.4737,0.2503,0.0247,0.1966,0.0644,0.9538,0.2848,22.2732,8.6724,3.413
3126,1,5,limp,0.0,-0.4,-0.5,False,332,3.32,isaac_reset,0.0099,-0.0319,-0.2078,0.1821,0.3681,0.3135,0.316,0.0413,0.1034,0.1138,0.7238,0.5253,23.7932,5.0129,3.413
3127,2,5,limp,0.0,-0.4,-0.5,False,56,0.56,isaac_reset,0.0105,-0.0185,-0.0913,0.0985,0.3815,0.4194,0.2849,0.0458,0.1532,0.1084,0.8248,0.3808,21.6248,7.4924,3.413
3128,3,5,limp,0.0,-0.4,-0.5,False,816,8.16,isaac_reset,0.0024,-0.0158,-0.0492,0.0889,0.3842,0.4516,0.2643,0.041,0.1599,0.1022,0.9163,0.3505,20.0166,1.3628,3.413
3129,4,5,limp,0.0,-0.4,-0.5,False,195,1.95,isaac_reset,0.0636,-0.0388,-0.0685,0.1258,0.3627,0.44,0.3023,0.0314,0.1307,0.0851,0.7318,0.3815,21.0713,8.6751,3.413
3130,0,5,limp,0.0,-0.4,-0.25,True,1000,10.0,timeout,0.0132,-0.0132,-0.0006,0.0227,0.3868,0.2545,0.2368,0.0141,0.1482,0.0812,0.9963,0.2538,21.2808,1.0526,3.42
3131,1,5,limp,0.0,-0.4,-0.25,False,12,0.12,isaac_reset,0.0125,-0.0162,-0.018,0.0355,0.3838,0.2543,0.2421,0.0279,0.1427,0.0822,0.9665,0.2713,20.0212,0.468,3.42
3132,2,5,limp,0.0,-0.4,-0.25,False,378,3.78,isaac_reset,0.0118,-0.0278,-0.0083,0.1526,0.3799,0.2691,0.3151,0.0353,0.1887,0.1624,0.5683,0.4808,23.4569,0.368,3.42
3133,3,5,limp,0.0,-0.4,-0.25,False,97,0.97,isaac_reset,-0.0188,0.0215,-0.0504,0.1469,0.4215,0.242,0.2945,0.0481,0.1142,0.1418,0.7555,0.4388,22.616,0.2338,3.42
3134,4,5,limp,0.0,-0.4,-0.25,False,537,5.37,isaac_reset,0.029,-0.0191,-0.0071,0.0558,0.3809,0.2538,0.2744,0.0228,0.1385,0.0506,0.96,0.2845,18.829,1.1167,3.42
3135,0,5,limp,0.0,-0.4,0.0,False,29,0.29,isaac_reset,0.0694,-0.0258,0.0014,0.0758,0.3742,0.0313,0.2443,0.0383,0.0657,0.057,0.9133,0.311,21.4692,0.3239,3.411
3136,1,5,limp,0.0,-0.4,0.0,False,62,0.62,isaac_reset,0.0449,-0.0396,-0.0035,0.057,0.3604,0.0447,0.2496,0.0405,0.1709,0.0398,0.905,0.3128,21.7483,0.9531,3.411
3137,2,5,limp,0.0,-0.4,0.0,True,1000,10.0,timeout,-0.0019,-0.0101,-0.0001,0.0162,0.3899,0.0216,0.226,0.0226,0.0768,0.1171,0.9915,0.2585,19.3686,0.1905,3.411
3138,3,5,limp,0.0,-0.4,0.0,False,604,6.04,isaac_reset,0.0603,-0.0195,0.0044,0.0677,0.3805,0.0316,0.2492,0.0367,0.0419,0.0715,0.9193,0.3033,19.6968,0.6897,3.411
3139,4,5,limp,0.0,-0.4,0.0,False,587,5.87,isaac_reset,0.0182,0.0179,0.0344,0.0848,0.4179,0.0696,0.2745,0.0545,0.1458,0.0618,0.8065,0.3585,20.4139,0.2105,3.411
3140,0,5,limp,0.0,-0.4,0.25,False,79,0.79,isaac_reset,0.1056,-0.001,0.111,0.1631,0.399,0.1653,0.2966,0.0457,0.1254,0.0423,0.7332,0.4027,22.9872,0.5788,2.328
3141,1,5,limp,0.0,-0.4,0.25,False,112,1.12,isaac_reset,0.0961,-0.0237,0.0546,0.1014,0.3763,0.1977,0.2516,0.0456,0.077,0.0488,0.8802,0.3374,21.4985,0.7672,2.328
3142,2,5,limp,0.0,-0.4,0.25,False,173,1.73,isaac_reset,-0.0358,0.1415,0.1062,0.1589,0.5415,0.2193,0.3361,0.0327,0.2119,0.0615,0.624,0.5271,22.0857,0.0964,2.328
3143,3,5,limp,0.0,-0.4,0.25,False,654,6.54,isaac_reset,-0.0018,-0.0028,0.0038,0.0064,0.3972,0.2462,0.2315,0.0173,0.0425,0.0365,0.9985,0.2508,19.3927,1.0796,2.328
3144,4,5,limp,0.0,-0.4,0.25,False,4,0.04,isaac_reset,-0.0565,0.1622,0.1516,0.1604,0.5622,0.2578,0.3339,0.0331,0.2148,0.0738,0.6412,0.5565,22.2474,0.9734,2.328
3145,0,5,limp,0.0,-0.4,0.5,False,718,7.18,isaac_reset,0.0156,-0.0191,0.0354,0.0303,0.3809,0.4646,0.253,0.0214,0.1337,0.0996,0.978,0.268,22.1426,1.0626,3.405
3146,1,5,limp,0.0,-0.4,0.5,False,507,5.07,isaac_reset,0.0614,-0.0348,0.0999,0.0838,0.3652,0.4048,0.2615,0.0315,0.0787,0.0578,0.909,0.3163,21.7998,0.7497,3.405
3147,2,5,limp,0.0,-0.4,0.5,False,101,1.01,isaac_reset,0.0294,0.0316,0.0834,0.1082,0.4316,0.4182,0.2892,0.0402,0.1485,0.0549,0.8303,0.3903,21.0063,0.4097,3.405
3148,3,5,limp,0.0,-0.4,0.5,True,1000,10.0,timeout,0.0013,-0.0075,0.0163,0.0109,0.3925,0.4837,0.2506,0.0043,0.1378,0.1148,0.9988,0.2512,19.7554,0.3087,3.405
3149,4,5,limp,0.0,-0.4,0.5,False,135,1.35,isaac_reset,0.0163,0.0958,0.1676,0.1336,0.4958,0.3434,0.3252,0.0345,0.1994,0.0287,0.6608,0.554,20.2484,1.4574,3.405
3150,0,5,limp,0.0,-0.2,-0.5,False,768,7.68,isaac_reset,-0.0006,-0.0027,-0.0077,0.0165,0.1973,0.4923,0.2351,0.0071,0.3139,0.0677,0.9987,0.2503,21.3072,0.774,2.733
3151,1,5,limp,0.0,-0.2,-0.5,False,557,5.57,isaac_reset,0.0707,-0.023,-0.085,0.0828,0.177,0.4211,0.2537,0.0377,0.2518,0.0565,0.8976,0.3131,20.1681,1.0899,2.733
3152,2,5,limp,0.0,-0.2,-0.5,False,19,0.19,isaac_reset,-0.0475,-0.0247,-0.1892,0.1646,0.1937,0.3517,0.3089,0.0387,0.0811,0.1643,0.7497,0.5033,23.6211,0.8903,2.733
3153,3,5,limp,0.0,-0.2,-0.5,False,345,3.45,isaac_reset,0.0197,-0.0438,-0.1028,0.1626,0.1672,0.4124,0.2878,0.0417,0.1724,0.1094,0.8066,0.4083,21.5203,0.3977,2.733
3154,4,5,limp,0.0,-0.2,-0.5,False,34,0.34,isaac_reset,0.0733,-0.0369,-0.0772,0.0819,0.1734,0.4332,0.2736,0.0308,0.1548,0.056,0.8661,0.3296,18.8912,0.8443,2.733
3155,0,5,limp,0.0,-0.2,-0.25,False,566,5.66,isaac_reset,-0.0085,-0.0144,0.0092,0.0837,0.1949,0.2641,0.2693,0.0498,0.25,0.0548,0.8653,0.3442,22.9774,0.4222,2.922
3156,1,5,limp,0.0,-0.2,-0.25,False,838,8.38,isaac_reset,0.0023,-0.0016,0.0079,0.0075,0.1984,0.2579,0.2151,0.0114,0.1234,0.1456,0.9988,0.2509,18.354,0.5663,2.922
3157,2,5,limp,0.0,-0.2,-0.25,False,781,7.81,isaac_reset,0.0085,-0.0057,-0.0066,0.0156,0.1943,0.2569,0.2438,0.0254,0.2573,0.0327,0.9711,0.2723,20.9214,0.6998,2.922
3158,3,5,limp,0.0,-0.2,-0.25,False,812,8.12,isaac_reset,0.0021,-0.0007,-0.0015,0.0036,0.1993,0.2499,0.2631,0.0189,0.2048,0.0408,0.9821,0.2586,17.9763,0.0713,2.922
3159,4,5,limp,0.0,-0.2,-0.25,False,315,3.15,isaac_reset,0.0866,-0.0029,-0.0394,0.0882,0.1971,0.222,0.2672,0.032,0.2132,0.061,0.8924,0.3221,18.5935,0.4326,2.922
3160,0,5,limp,0.0,-0.2,0.0,False,274,2.74,isaac_reset,-0.1163,0.1424,0.0433,0.1848,0.3424,0.2208,0.3233,0.0353,0.2075,0.1291,0.6166,0.5509,24.1617,0.3866,3.379
3161,1,5,limp,0.0,-0.2,0.0,False,180,1.8,isaac_reset,0.0545,0.0049,0.0302,0.1191,0.2049,0.0729,0.2616,0.0477,0.1074,0.0878,0.8361,0.3462,22.3283,1.4197,3.379
3162,2,5,limp,0.0,-0.2,0.0,False,992,9.92,isaac_reset,-0.0036,-0.0133,0.0066,0.0186,0.1867,0.0237,0.245,0.0142,0.135,0.0557,0.9922,0.257,20.0114,1.0144,3.379
3163,3,5,limp,0.0,-0.2,0.0,False,108,1.08,isaac_reset,0.0329,0.0249,0.0309,0.0838,0.2249,0.0679,0.2551,0.0473,0.112,0.0729,0.8741,0.3132,20.758,0.4568,3.379
3164,4,5,limp,0.0,-0.2,0.0,False,526,5.26,isaac_reset,0.071,-0.0152,0.0069,0.0914,0.1848,0.0479,0.282,0.0221,0.1897,0.0416,0.8464,0.3751,18.2638,0.4831,3.379
3165,0,5,limp,0.0,-0.2,0.25,False,184,1.84,isaac_reset,0.0007,0.1355,0.1171,0.1774,0.3355,0.1935,0.3272,0.0321,0.221,0.0629,0.6404,0.5355,23.9902,0.3188,2.107
3166,1,5,limp,0.0,-0.2,0.25,False,237,2.37,isaac_reset,0.0383,0.049,0.0786,0.0972,0.249,0.2028,0.2935,0.0532,0.114,0.0434,0.7461,0.4225,21.7339,0.7906,2.107
3167,2,5,limp,0.0,-0.2,0.25,False,125,1.25,isaac_reset,-0.0349,0.1597,0.1186,0.1747,0.3597,0.2191,0.3345,0.033,0.2011,0.0672,0.6139,0.5351,22.5739,0.5815,2.107
3168,3,5,limp,0.0,-0.2,0.25,False,165,1.65,isaac_reset,0.0676,-0.064,0.0471,0.0962,0.1464,0.2097,0.2736,0.0354,0.0925,0.0166,0.8634,0.3352,20.3688,0.3077,2.107
3169,4,5,limp,0.0,-0.2,0.25,False,583,5.83,isaac_reset,-0.003,-0.0024,0.0089,0.003,0.1976,0.2411,0.243,0.0065,0.1072,0.0107,0.9983,0.2496,19.0712,0.6301,2.107
3170,0,5,limp,0.0,-0.2,0.5,False,100,1.0,isaac_reset,0.0318,0.1307,0.1571,0.1326,0.3307,0.3545,0.3247,0.0313,0.2143,0.0355,0.6353,0.5605,23.168,0.9991,2.294
3171,1,5,limp,0.0,-0.2,0.5,False,460,4.6,isaac_reset,0.0503,0.051,0.1726,0.1069,0.251,0.3357,0.2838,0.0394,0.3089,0.0669,0.6883,0.5091,20.0482,0.6942,2.294
3172,2,5,limp,0.0,-0.2,0.5,False,37,0.37,isaac_reset,0.0998,0.0245,0.0721,0.151,0.2245,0.429,0.2768,0.032,0.2473,0.0682,0.733,0.4478,19.1883,0.6777,2.294
3173,3,5,limp,0.0,-0.2,0.5,False,631,6.31,isaac_reset,-0.0005,-0.0022,0.0091,0.0016,0.1978,0.4909,0.2547,0.0059,0.1814,0.1384,0.9913,0.2575,20.5437,0.3054,2.294
3174,4,5,limp,0.0,-0.2,0.5,False,100,1.0,isaac_reset,0.0125,0.1524,0.1956,0.1534,0.3524,0.322,0.3405,0.0288,0.1961,0.034,0.6084,0.5451,20.9037,0.5832,2.294
3175,0,5,limp,0.0,0.0,-0.5,False,61,0.61,isaac_reset,0.0132,-0.0265,0.0179,0.0241,0.0271,0.523,0.2408,0.0238,0.1948,0.0943,0.9613,0.2545,19.8672,0.5662,3.464
3176,1,5,limp,0.0,0.0,-0.5,True,1000,10.0,timeout,-0.0273,-0.0124,-0.0513,0.0502,0.0353,0.4637,0.2778,0.0194,0.2169,0.557,0.6693,0.5133,28.9839,0.5093,3.464
3177,2,5,limp,0.0,0.0,-0.5,False,455,4.55,isaac_reset,0.0108,-0.0259,-0.026,0.0342,0.0302,0.4816,0.2537,0.0265,0.176,0.0743,0.9753,0.27,19.6391,0.9324,3.464
3178,3,5,limp,0.0,0.0,-0.5,True,1000,10.0,timeout,0.0461,-0.0143,-0.0223,0.054,0.0234,0.4792,0.2445,0.0211,0.1216,0.0802,0.9688,0.2778,18.681,0.6,3.464
3179,4,5,limp,0.0,0.0,-0.5,True,1000,10.0,timeout,0.0671,-0.0064,-0.0634,0.0673,0.0196,0.4384,0.2736,0.0232,0.1744,0.0421,0.9193,0.3158,18.8597,1.0557,3.464
3180,0,5,limp,0.0,0.0,-0.25,False,111,1.11,isaac_reset,0.0217,-0.0112,-0.0115,0.0299,0.0145,0.2462,0.2354,0.0264,0.1038,0.091,0.9805,0.2643,19.0494,0.3952,3.453
3181,1,5,limp,0.0,0.0,-0.25,True,1000,10.0,timeout,-0.0122,0.0161,-0.0332,0.0427,0.0189,0.2226,0.3081,0.0166,0.2623,0.3747,0.7315,0.531,26.4374,0.4572,3.453
3182,2,5,limp,0.0,0.0,-0.25,False,505,5.05,isaac_reset,0.0119,0.0299,-0.0362,0.0745,0.0382,0.2238,0.2859,0.0502,0.2487,0.0781,0.7775,0.3745,22.2431,0.4907,3.453
3183,3,5,limp,0.0,0.0,-0.25,False,104,1.04,isaac_reset,-0.0045,0.0228,0.0115,0.0561,0.0417,0.2716,0.2658,0.0331,0.138,0.0705,0.934,0.2828,19.5369,0.9095,3.453
3184,4,5,limp,0.0,0.0,-0.25,False,34,0.34,isaac_reset,0.0238,-0.0106,-0.0099,0.042,0.0271,0.2505,0.2637,0.0275,0.1513,0.0905,0.961,0.2843,18.0646,0.7761,3.453
3185,0,5,limp,0.0,0.0,0.0,False,161,1.61,isaac_reset,-0.0006,-0.0015,0.0128,0.0062,0.0042,0.0147,0.2323,0.0422,0.065,0.0936,0.9494,0.2645,19.8265,0.778,0.852
3186,1,5,limp,0.0,0.0,0.0,False,24,0.24,isaac_reset,0.1595,0.0256,0.018,0.1634,0.0605,0.0802,0.33,0.0254,0.1726,0.069,0.5145,0.5116,22.2473,0.4396,0.852
3187,2,5,limp,0.0,0.0,0.0,False,172,1.72,isaac_reset,-0.1531,0.1637,0.0606,0.1864,0.1637,0.2397,0.3169,0.0295,0.2536,0.1844,0.6055,0.5014,24.3589,0.1781,0.852
3188,3,5,limp,0.0,0.0,0.0,False,154,1.54,isaac_reset,0.0082,0.0128,0.0048,0.0121,0.0138,0.0255,0.2364,0.0498,0.019,0.1125,0.9451,0.3064,18.733,0.0793,0.852
3189,4,5,limp,0.0,0.0,0.0,False,84,0.84,isaac_reset,-0.0587,0.0755,-0.0299,0.0714,0.0806,0.0631,0.3001,0.0606,0.1342,0.0523,0.8671,0.4884,18.4866,0.5811,0.852
3190,0,5,limp,0.0,0.0,0.25,True,1000,10.0,timeout,0.0646,-0.0195,0.0303,0.0828,0.0242,0.222,0.242,0.0194,0.0981,0.0264,0.9688,0.2763,21.9405,0.9012,3.377
3191,1,5,limp,0.0,0.0,0.25,False,4,0.04,isaac_reset,-0.0087,0.0825,0.0972,0.1376,0.1504,0.2304,0.3028,0.0423,0.1781,0.0552,0.7535,0.4755,22.7987,0.4425,3.377
3192,2,5,limp,0.0,0.0,0.25,False,136,1.36,isaac_reset,0.0285,0.0797,0.0926,0.1508,0.1246,0.1938,0.3138,0.0385,0.1634,0.0541,0.7233,0.4465,21.4895,0.8663,3.377
3193,3,5,limp,0.0,0.0,0.25,False,28,0.28,isaac_reset,0.0585,0.0348,0.0943,0.1064,0.0687,0.2195,0.2767,0.0455,0.092,0.0625,0.8125,0.3618,20.1505,0.7666,3.377
3194,4,5,limp,0.0,0.0,0.25,False,182,1.82,isaac_reset,0.0644,0.0874,0.0801,0.1679,0.1318,0.2088,0.3153,0.0373,0.2212,0.07,0.6513,0.5048,20.7924,0.9013,3.377
3195,0,5,limp,0.0,0.0,0.5,False,138,1.38,isaac_reset,-0.0451,0.2032,0.1043,0.1169,0.2126,0.413,0.3309,0.0322,0.2289,0.0351,0.7133,0.5981,22.4733,0.7524,2.14
3196,1,5,limp,0.0,0.0,0.5,False,552,5.52,isaac_reset,0.0109,-0.0039,0.012,0.0132,0.0066,0.488,0.2576,0.0244,0.1802,0.1306,0.9684,0.2739,21.2869,1.3388,2.14
3197,2,5,limp,0.0,0.0,0.5,False,585,5.85,isaac_reset,-0.0046,-0.0028,0.0201,0.0049,0.0028,0.4799,0.2549,0.0061,0.1891,0.1369,0.9983,0.2504,21.8659,0.7479,2.14
3198,3,5,limp,0.0,0.0,0.5,False,299,2.99,isaac_reset,0.0645,-0.0285,0.0625,0.0927,0.0311,0.4375,0.2652,0.0266,0.0813,0.0771,0.9343,0.305,20.0673,0.8127,2.14
3199,4,5,limp,0.0,0.0,0.5,False,63,0.63,isaac_reset,0.0721,0.1137,0.2453,0.1637,0.1475,0.2705,0.3302,0.0314,0.2168,0.0451,0.5495,0.5175,21.4231,0.5447,2.14
3200,0,5,limp,0.0,0.2,-0.5,True,1000,10.0,timeout,0.0587,-0.0128,-0.0353,0.068,0.2128,0.4653,0.2451,0.0281,0.1121,0.0891,0.9525,0.2965,20.1745,0.0914,3.438
3201,1,5,limp,0.0,0.2,-0.5,True,1000,10.0,timeout,-0.0022,-0.0061,0.0041,0.0062,0.2061,0.5041,0.2408,0.012,0.2423,0.1365,1.0,0.25,18.5735,0.118,3.438
3202,2,5,limp,0.0,0.2,-0.5,False,140,1.4,isaac_reset,0.044,-0.0224,-0.106,0.0956,0.2224,0.4011,0.2642,0.0371,0.0786,0.1399,0.8515,0.3468,21.387,1.1401,3.438
3203,3,5,limp,0.0,0.2,-0.5,False,763,7.63,isaac_reset,0.0023,0.016,-0.0496,0.0429,0.1847,0.4524,0.2509,0.0475,0.2773,0.0789,0.9003,0.305,17.8871,0.641,3.438
3204,4,5,limp,0.0,0.2,-0.5,False,946,9.46,isaac_reset,0.0055,0.0031,-0.0206,0.014,0.197,0.4794,0.256,0.0279,0.1343,0.105,0.981,0.2843,16.3742,0.2976,3.438
3205,0,5,limp,0.0,0.2,-0.25,False,341,3.41,isaac_reset,-0.0312,0.0936,-0.0393,0.1882,0.1258,0.2353,0.3226,0.0321,0.2143,0.1537,0.59,0.5058,24.7348,0.7232,3.415
3206,1,5,limp,0.0,0.2,-0.25,True,1000,10.0,timeout,0.0649,-0.0139,-0.0095,0.0865,0.2139,0.2431,0.2528,0.021,0.1509,0.0627,0.9583,0.2863,20.4604,1.1744,3.415
3207,2,5,limp,0.0,0.2,-0.25,False,190,1.9,isaac_reset,0.0632,-0.0117,-0.0359,0.0831,0.2117,0.2227,0.2643,0.034,0.1099,0.0851,0.901,0.3178,19.4474,0.2896,3.415
3208,3,5,limp,0.0,0.2,-0.25,False,182,1.82,isaac_reset,-0.0283,0.1356,0.0028,0.1704,0.1292,0.2752,0.3339,0.0304,0.189,0.1104,0.5643,0.4848,23.1788,1.1554,3.415
3209,4,5,limp,0.0,0.2,-0.25,False,151,1.51,isaac_reset,0.0874,-0.0001,-0.0055,0.1011,0.2004,0.2611,0.2731,0.0319,0.1822,0.1108,0.8153,0.3525,20.7875,1.1795,3.415
3210,0,5,limp,0.0,0.2,0.0,False,12,0.12,isaac_reset,0.0682,-0.0073,0.009,0.0746,0.2081,0.0297,0.2515,0.0306,0.0456,0.0696,0.915,0.2993,21.5123,0.9792,3.377
3211,1,5,limp,0.0,0.2,0.0,True,1000,10.0,timeout,0.0666,-0.0131,0.0118,0.0862,0.2131,0.0451,0.2514,0.0299,0.1215,0.0598,0.9343,0.3003,20.6493,0.2814,3.377
3212,2,5,limp,0.0,0.2,0.0,False,240,2.4,isaac_reset,0.0586,0.0199,0.0219,0.1224,0.2011,0.0887,0.2823,0.0437,0.1527,0.0614,0.8008,0.3748,21.0343,1.0744,3.377
3213,3,5,limp,0.0,0.2,0.0,False,23,0.23,isaac_reset,0.0772,0.0048,0.019,0.0863,0.1993,0.0485,0.2502,0.0399,0.1035,0.0591,0.8778,0.316,19.9673,0.5169,3.377
3214,4,5,limp,0.0,0.2,0.0,False,201,2.01,isaac_reset,-0.0489,0.1395,0.051,0.1477,0.1549,0.1563,0.3164,0.0561,0.1524,0.0788,0.6745,0.4578,21.3836,0.8725,3.377
3215,0,5,limp,0.0,0.2,0.25,False,62,0.62,isaac_reset,-0.0117,0.145,0.0755,0.1396,0.1322,0.2145,0.3206,0.0441,0.1645,0.0543,0.695,0.5483,22.7757,0.3179,1.922
3216,1,5,limp,0.0,0.2,0.25,False,16,0.16,isaac_reset,0.1426,0.075,0.1234,0.1927,0.1634,0.1564,0.3136,0.0355,0.1764,0.056,0.6338,0.4928,21.9859,1.0892,1.922
3217,2,5,limp,0.0,0.2,0.25,False,522,5.22,isaac_reset,-0.0079,-0.0056,0.0149,0.0079,0.2056,0.2351,0.2456,0.0071,0.2052,0.078,0.9981,0.2495,21.0223,0.2338,1.922
3218,3,5,limp,0.0,0.2,0.25,False,73,0.73,isaac_reset,0.0546,-0.0345,0.0365,0.0855,0.2345,0.2149,0.2677,0.0274,0.0838,0.038,0.9441,0.2968,19.4731,0.5066,1.922
3219,4,5,limp,0.0,0.2,0.25,False,88,0.88,isaac_reset,0.1218,0.1109,0.1078,0.2102,0.179,0.1775,0.3241,0.0334,0.1927,0.054,0.6033,0.4804,21.3201,0.534,1.922
3220,0,5,limp,0.0,0.2,0.5,True,1000,10.0,timeout,0.0781,0.0009,0.0706,0.1026,0.1991,0.43,0.2612,0.0195,0.2986,0.0391,0.8948,0.3263,22.6884,0.3904,3.386
3221,1,5,limp,0.0,0.2,0.5,False,221,2.21,isaac_reset,0.0976,0.0367,0.1342,0.1392,0.189,0.377,0.281,0.0285,0.284,0.0839,0.7123,0.5053,20.9926,0.5077,3.386
3222,2,5,limp,0.0,0.2,0.5,True,1000,10.0,timeout,0.0316,0.0044,0.0448,0.0584,0.1956,0.4554,0.2634,0.0117,0.3139,0.0673,0.8118,0.4358,16.6655,0.5369,3.386
3223,3,5,limp,0.0,0.2,0.5,False,600,6.0,isaac_reset,-0.0014,0.071,0.0797,0.049,0.1706,0.4271,0.2864,0.0436,0.1978,0.0903,0.851,0.384,20.8665,1.0898,3.386
3224,4,5,limp,0.0,0.2,0.5,False,308,3.08,isaac_reset,0.0968,0.0582,0.14,0.1326,0.1817,0.3663,0.2942,0.0327,0.2479,0.0784,0.668,0.5125,19.5494,0.6938,3.386
3225,0,5,limp,0.0,0.4,-0.5,False,28,0.28,isaac_reset,0.0006,0.0102,-0.0644,0.0506,0.3898,0.4366,0.3073,0.0179,0.1769,0.3139,0.733,0.4973,25.4582,0.9833,3.455
3226,1,5,limp,0.0,0.4,-0.5,False,888,8.88,isaac_reset,0.0268,-0.0012,-0.0395,0.0313,0.4012,0.4624,0.2378,0.0329,0.2588,0.0866,0.943,0.2798,16.2675,0.806,3.455
3227,2,5,limp,0.0,0.4,-0.5,True,1000,10.0,timeout,-0.0283,0.0064,-0.0119,0.0285,0.3936,0.4881,0.2934,0.0129,0.1725,0.4752,0.6093,0.6748,27.336,0.8323,3.455
3228,3,5,limp,0.0,0.4,-0.5,True,1000,10.0,timeout,-0.0003,0.0001,-0.0155,0.0009,0.3999,0.4845,0.311,0.0006,0.1725,0.2995,1.0,0.75,21.4262,0.2506,3.455
3229,4,5,limp,0.0,0.4,-0.5,False,552,5.52,isaac_reset,0.0552,-0.0001,-0.0517,0.0573,0.4001,0.4551,0.2468,0.0286,0.1273,0.0939,0.954,0.291,19.0789,0.5543,3.455
3230,0,5,limp,0.0,0.4,-0.25,False,78,0.78,isaac_reset,-0.011,0.0575,-0.035,0.0902,0.3517,0.2289,0.3107,0.024,0.2612,0.2749,0.682,0.4955,26.1799,0.7903,3.421
3231,1,5,limp,0.0,0.4,-0.25,False,282,2.82,isaac_reset,-0.0474,0.0852,0.0001,0.1158,0.3198,0.2553,0.3155,0.0272,0.2807,0.2501,0.6475,0.4883,24.8607,0.1358,3.421
3232,2,5,limp,0.0,0.4,-0.25,True,1000,10.0,timeout,0.0004,0.0201,-0.0194,0.0524,0.3799,0.235,0.3137,0.0171,0.3277,0.3562,0.7028,0.4833,25.8414,0.3786,3.421
3233,3,5,limp,0.0,0.4,-0.25,False,171,1.71,isaac_reset,0.06,0.0273,0.0017,0.1124,0.383,0.2568,0.2669,0.0445,0.1147,0.0958,0.8455,0.3253,19.8628,1.75,3.421
3234,4,5,limp,0.0,0.4,-0.25,False,602,6.02,isaac_reset,-0.0271,0.0557,-0.0027,0.0879,0.3515,0.2541,0.2877,0.04,0.186,0.063,0.8208,0.3418,20.2672,1.5043,3.421
3235,0,5,limp,0.0,0.4,0.0,False,131,1.31,isaac_reset,0.0477,0.0356,0.0188,0.1067,0.3756,0.0799,0.2632,0.0406,0.0958,0.0717,0.88,0.3388,22.4998,1.3444,3.348
3236,1,5,limp,0.0,0.4,0.0,False,87,0.87,isaac_reset,0.0268,0.1055,0.0649,0.1781,0.3239,0.1693,0.3022,0.0368,0.2202,0.071,0.7318,0.4165,22.2299,0.8157,3.348
3237,2,5,limp,0.0,0.4,0.0,True,1000,10.0,timeout,0.0261,-0.0094,0.0037,0.0453,0.4094,0.0648,0.2686,0.0133,0.1135,0.0726,0.9708,0.2793,19.3144,0.8408,3.348
3238,3,5,limp,0.0,0.4,0.0,False,221,2.21,isaac_reset,0.0704,0.0092,0.0008,0.0716,0.3908,0.0384,0.2549,0.0345,0.1639,0.0662,0.908,0.3108,19.3099,0.3902,3.348
3239,4,5,limp,0.0,0.4,0.0,True,1000,10.0,timeout,0.0782,0.0109,0.0233,0.0968,0.3891,0.0705,0.2716,0.0134,0.2641,0.063,0.8538,0.3878,17.9626,1.8322,3.348
3240,0,5,limp,0.0,0.4,0.25,False,181,1.81,isaac_reset,0.0296,-0.0244,0.0268,0.0597,0.4244,0.2242,0.257,0.0286,0.1101,0.0401,0.9621,0.2822,21.6074,1.0712,2.302
3241,1,5,limp,0.0,0.4,0.25,False,511,5.11,isaac_reset,0.0357,0.0123,0.0309,0.0821,0.3877,0.2209,0.2756,0.0208,0.2801,0.0455,0.7848,0.4579,19.1496,0.8163,2.302
3242,2,5,limp,0.0,0.4,0.25,False,19,0.19,isaac_reset,0.1281,0.1154,0.1097,0.1921,0.302,0.1758,0.3261,0.0327,0.1643,0.0391,0.5697,0.5031,21.9208,0.3782,2.302
3243,3,5,limp,0.0,0.4,0.25,False,271,2.71,isaac_reset,0.0937,0.0822,0.0857,0.15,0.3265,0.1797,0.3016,0.0464,0.196,0.0418,0.7044,0.4261,20.4827,0.9031,2.302
3244,4,5,limp,0.0,0.4,0.25,False,652,6.52,isaac_reset,0.0117,-0.0538,0.1013,0.0461,0.4538,0.2243,0.2651,0.0173,0.1718,0.0565,0.9422,0.2814,20.2047,1.5374,2.302
3245,0,5,limp,0.0,0.4,0.5,False,578,5.78,isaac_reset,0.0154,0.0033,0.0194,0.0312,0.3967,0.4806,0.2575,0.0207,0.1794,0.1311,0.9373,0.3088,21.846,0.6639,3.428
3246,1,5,limp,0.0,0.4,0.5,False,262,2.62,isaac_reset,0.0603,0.1399,0.223,0.1215,0.2857,0.2974,0.3154,0.0383,0.2549,0.0371,0.6,0.5107,21.5744,0.3069,3.428
3247,2,5,limp,0.0,0.4,0.5,False,836,8.36,isaac_reset,0.0531,0.0004,0.0747,0.0906,0.3996,0.4259,0.266,0.026,0.3338,0.0386,0.789,0.4293,18.2096,0.3273,3.428
3248,3,5,limp,0.0,0.4,0.5,False,128,1.28,isaac_reset,0.0517,0.1589,0.1627,0.1618,0.2726,0.358,0.3138,0.0395,0.2302,0.0598,0.6913,0.5373,20.969,1.1407,3.428
3249,4,5,limp,0.0,0.4,0.5,True,1000,10.0,timeout,-0.0078,-0.0066,0.0205,0.011,0.4066,0.4795,0.2634,0.0053,0.1776,0.1433,0.8895,0.3605,19.7806,0.1673,3.428
3250,0,5,limp,0.3,-0.4,-0.5,False,628,6.28,isaac_reset,0.041,-0.013,-0.0556,0.2766,0.387,0.4463,0.2803,0.0638,0.1782,0.0606,0.9368,0.4143,21.2493,0.5181,3.409
3251,1,5,limp,0.3,-0.4,-0.5,False,353,3.53,isaac_reset,0.0101,-0.013,-0.1216,0.3082,0.387,0.3963,0.3532,0.0333,0.0697,0.1538,0.8505,0.6703,21.6162,0.457,3.409
3252,2,5,limp,0.3,-0.4,-0.5,False,886,8.86,isaac_reset,0.0222,-0.0058,-0.0316,0.2898,0.3942,0.4754,0.2398,0.0263,0.1327,0.1004,0.9758,0.2697,17.7664,0.5424,3.409
3253,3,5,limp,0.3,-0.4,-0.5,False,599,5.99,isaac_reset,0.0118,-0.02,-0.0133,0.2907,0.38,0.4894,0.2489,0.027,0.0742,0.0983,0.9805,0.2648,17.5529,1.3169,3.409
3254,4,5,limp,0.3,-0.4,-0.5,True,1000,10.0,timeout,0.0766,-0.0134,-0.0526,0.2815,0.3866,0.4484,0.2591,0.023,0.164,0.0817,0.9398,0.2858,16.2871,0.7086,3.409
3255,0,5,limp,0.3,-0.4,-0.25,False,358,3.58,isaac_reset,0.0671,-0.0084,0.009,0.2545,0.3916,0.267,0.3711,0.0224,0.0653,0.0467,0.915,0.7228,16.4119,1.0221,3.38
3256,1,5,limp,0.3,-0.4,-0.25,False,403,4.03,isaac_reset,0.0008,0.0039,-0.0145,0.2993,0.4039,0.2362,0.3763,0.0077,0.0572,0.0606,0.9868,0.7535,14.8765,0.6612,3.38
3257,2,5,limp,0.3,-0.4,-0.25,False,936,9.36,isaac_reset,0.0163,-0.0076,-0.0134,0.2859,0.3924,0.2476,0.2326,0.0264,0.1347,0.1036,0.9775,0.2678,18.6619,0.3035,3.38
3258,3,5,limp,0.3,-0.4,-0.25,False,649,6.49,isaac_reset,0.0167,-0.0101,-0.0081,0.2904,0.3899,0.2492,0.2497,0.0239,0.1284,0.0884,0.9805,0.265,18.4129,0.3901,3.38
3259,4,5,limp,0.3,-0.4,-0.25,True,1000,10.0,timeout,0.0347,-0.0084,-0.0166,0.2743,0.3916,0.2464,0.2603,0.026,0.1292,0.0477,0.966,0.28,17.9258,0.5524,3.38
3260,0,5,limp,0.3,-0.4,0.0,False,57,0.57,isaac_reset,0.1529,0.0027,0.0604,0.2418,0.4027,0.1359,0.3445,0.0322,0.1112,0.1058,0.6831,0.6717,20.952,0.2218,3.337
3261,1,5,limp,0.3,-0.4,0.0,False,453,4.53,isaac_reset,0.055,0.0277,0.0617,0.2853,0.4277,0.1019,0.3618,0.0297,0.0971,0.0793,0.8148,0.6776,17.4513,0.9987,3.337
3262,2,5,limp,0.3,-0.4,0.0,False,986,9.86,isaac_reset,-0.0045,-0.0144,0.0093,0.3045,0.3856,0.0178,0.2402,0.0127,0.1212,0.0379,0.9934,0.2558,19.5829,0.6431,3.337
3263,3,5,limp,0.3,-0.4,0.0,False,699,6.99,isaac_reset,0.0426,-0.0222,0.0232,0.2748,0.3778,0.0516,0.2558,0.0375,0.0619,0.0835,0.9093,0.309,18.5477,0.4878,3.337
3264,4,5,limp,0.3,-0.4,0.0,False,49,0.49,isaac_reset,0.0693,-0.0198,0.007,0.2761,0.3802,0.0326,0.2712,0.0281,0.1445,0.0324,0.9146,0.2996,18.5353,0.6929,3.337
3265,0,5,limp,0.3,-0.4,0.25,True,1000,10.0,timeout,0.0405,-0.0122,0.0131,0.2927,0.3878,0.2374,0.2449,0.0122,0.0125,0.0458,0.987,0.263,20.3116,0.8441,3.392
3266,1,5,limp,0.3,-0.4,0.25,False,157,1.57,isaac_reset,0.0415,-0.0031,0.0565,0.289,0.3969,0.2202,0.266,0.0461,0.1492,0.0468,0.8655,0.34,20.9857,1.171,3.392
3267,2,5,limp,0.3,-0.4,0.25,False,149,1.49,isaac_reset,0.1467,0.0054,0.0772,0.238,0.4054,0.2015,0.3009,0.0467,0.1854,0.0565,0.7673,0.4383,20.7711,1.2716,3.392
3268,3,5,limp,0.3,-0.4,0.25,False,103,1.03,isaac_reset,0.0761,0.0099,0.0992,0.2807,0.418,0.2243,0.2822,0.0418,0.2426,0.0401,0.8338,0.3903,20.2484,0.6257,3.392
3269,4,5,limp,0.3,-0.4,0.25,False,112,1.12,isaac_reset,0.1775,-0.002,0.1169,0.2188,0.398,0.1812,0.3256,0.0464,0.1059,0.0468,0.703,0.5555,20.0639,0.3458,3.392
3270,0,5,limp,0.3,-0.4,0.5,False,253,2.53,isaac_reset,0.0445,0.0822,0.2124,0.2708,0.4822,0.3181,0.3395,0.0292,0.1632,0.0426,0.7569,0.6786,20.9042,0.3962,2.759
3271,1,5,limp,0.3,-0.4,0.5,False,207,2.07,isaac_reset,0.1669,-0.003,0.118,0.2293,0.397,0.3841,0.2721,0.0351,0.1869,0.0615,0.8042,0.3913,21.7553,0.4792,2.759
3272,2,5,limp,0.3,-0.4,0.5,False,269,2.69,isaac_reset,0.1882,0.0115,0.2198,0.2118,0.4115,0.2986,0.2935,0.0434,0.2376,0.0523,0.6927,0.5385,20.9382,0.12,2.759
3273,3,5,limp,0.3,-0.4,0.5,False,361,3.61,isaac_reset,0.11,0.013,0.1596,0.2446,0.413,0.3732,0.3039,0.0448,0.2489,0.0292,0.7184,0.4831,20.6645,0.5418,2.759
3274,4,5,limp,0.3,-0.4,0.5,False,797,7.97,isaac_reset,0.005,0.0006,0.0355,0.295,0.4006,0.4645,0.2643,0.0056,0.4011,0.0339,0.7704,0.4724,17.9684,0.8707,2.759
3275,0,5,limp,0.3,-0.2,-0.5,False,26,0.26,isaac_reset,-0.0038,0.0149,-0.0736,0.3227,0.2149,0.4466,0.3167,0.0174,0.1185,0.3008,0.7845,0.5628,27.3816,0.894,3.284
3276,1,5,limp,0.3,-0.2,-0.5,False,894,8.94,isaac_reset,0.016,-0.0014,-0.023,0.2924,0.1986,0.4824,0.2272,0.0268,0.2242,0.0628,0.9775,0.2672,17.4222,0.713,3.284
3277,2,5,limp,0.3,-0.2,-0.5,False,746,7.46,isaac_reset,0.0141,-0.0138,-0.0377,0.2887,0.1862,0.4699,0.243,0.0267,0.1106,0.0894,0.9767,0.2683,16.891,1.3032,3.284
3278,3,5,limp,0.3,-0.2,-0.5,False,942,9.42,isaac_reset,0.0005,0.0019,-0.0014,0.2995,0.2019,0.4986,0.3721,0.002,0.0881,0.1414,0.9989,0.7497,18.9538,0.4573,3.284
3279,4,5,limp,0.3,-0.2,-0.5,False,165,1.65,isaac_reset,0.1162,0.0288,-0.1084,0.2311,0.2288,0.396,0.3575,0.0264,0.1068,0.0904,0.7309,0.6471,20.2086,0.5107,3.284
3280,0,5,limp,0.3,-0.2,-0.25,False,133,1.33,isaac_reset,0.001,0.0076,-0.0063,0.299,0.2076,0.2444,0.3586,0.0238,0.1123,0.133,0.9355,0.7278,17.949,0.4633,3.398
3281,1,5,limp,0.3,-0.2,-0.25,True,1000,10.0,timeout,0.0039,-0.012,-0.0045,0.2961,0.188,0.2461,0.2234,0.0169,0.0865,0.1129,0.9975,0.2525,19.2281,0.1834,3.398
3282,2,5,limp,0.3,-0.2,-0.25,False,853,8.53,isaac_reset,0.0576,-0.0095,-0.0242,0.2775,0.1905,0.2297,0.2401,0.0362,0.1161,0.1169,0.9293,0.2908,18.8205,0.7939,3.398
3283,3,5,limp,0.3,-0.2,-0.25,True,1000,10.0,timeout,0.0005,-0.0011,-0.0095,0.2995,0.1989,0.2405,0.3743,0.0008,0.0519,0.069,1.0,0.75,14.0581,0.0518,3.398
3284,4,5,limp,0.3,-0.2,-0.25,False,708,7.08,isaac_reset,0.0674,-0.0145,-0.0246,0.2677,0.1855,0.2371,0.3539,0.0423,0.0845,0.0519,0.922,0.6558,16.2991,0.3223,3.398
3285,0,5,limp,0.3,-0.2,0.0,False,183,1.83,isaac_reset,0.0846,-0.0112,0.0131,0.2691,0.1888,0.0391,0.2681,0.0644,0.0908,0.0674,0.9168,0.382,19.5583,0.6435,3.335
3286,1,5,limp,0.3,-0.2,0.0,False,569,5.69,isaac_reset,-0.0131,0.0355,0.039,0.3148,0.2355,0.0702,0.3641,0.0207,0.1219,0.0481,0.914,0.7038,16.3891,0.9598,3.335
3287,2,5,limp,0.3,-0.2,0.0,False,903,9.03,isaac_reset,0.0256,-0.0097,0.0026,0.2836,0.1903,0.014,0.2519,0.0345,0.0531,0.0741,0.9515,0.2783,19.3296,0.5995,3.335
3288,3,5,limp,0.3,-0.2,0.0,True,1000,10.0,timeout,0.0737,-0.0094,0.0048,0.289,0.1906,0.0192,0.2414,0.027,0.1473,0.0404,0.9513,0.2798,19.8056,1.5456,3.335
3289,4,5,limp,0.3,-0.2,0.0,False,758,7.58,isaac_reset,0.0866,-0.0149,0.0054,0.2828,0.1851,0.0233,0.2578,0.0365,0.1286,0.0491,0.915,0.2958,19.01,0.6489,3.335
3290,0,5,limp,0.3,-0.2,0.25,False,233,2.33,isaac_reset,0.0934,-0.0103,0.0284,0.2719,0.1897,0.2221,0.2457,0.0364,0.1114,0.0255,0.9143,0.3061,20.951,0.9398,3.226
3291,1,5,limp,0.3,-0.2,0.25,False,178,1.78,isaac_reset,0.0076,0.0154,0.0279,0.2965,0.2157,0.2353,0.2634,0.0458,0.1222,0.0347,0.9224,0.3189,19.8418,1.0597,3.226
3292,2,5,limp,0.3,-0.2,0.25,False,953,9.53,isaac_reset,0.0039,-0.0034,0.0012,0.2961,0.1966,0.2488,0.2389,0.0106,0.0218,0.0283,0.9958,0.2524,17.3945,0.1446,3.226
3293,3,5,limp,0.3,-0.2,0.25,False,375,3.75,isaac_reset,0.0553,0.1004,0.1242,0.3033,0.3004,0.2206,0.3415,0.0295,0.179,0.054,0.6903,0.5825,20.3774,0.4124,3.226
3294,4,5,limp,0.3,-0.2,0.25,False,808,8.08,isaac_reset,0.0517,0.0043,0.0498,0.2652,0.2043,0.209,0.2726,0.0321,0.3068,0.0134,0.8294,0.4051,18.9275,0.3784,3.226
3295,0,5,limp,0.3,-0.2,0.5,False,329,3.29,isaac_reset,0.0994,0.0009,0.0891,0.2658,0.2009,0.4119,0.2607,0.0312,0.2622,0.0291,0.8862,0.3395,21.716,0.6397,3.059
3296,1,5,limp,0.3,-0.2,0.5,False,274,2.74,isaac_reset,0.0425,-0.0275,0.0345,0.2667,0.173,0.4655,0.2543,0.0223,0.1032,0.0915,0.9653,0.2794,21.4787,0.4834,3.059
3297,2,5,limp,0.3,-0.2,0.5,False,146,1.46,isaac_reset,0.1369,0.058,0.1768,0.254,0.2583,0.3395,0.3092,0.0488,0.2249,0.0367,0.71,0.4662,20.7554,0.9035,3.059
3298,3,5,limp,0.3,-0.2,0.5,False,893,8.93,isaac_reset,0.0447,0.0034,0.0342,0.2561,0.2034,0.4658,0.2569,0.0075,0.3631,0.0198,0.8364,0.4069,19.5304,0.9086,3.059
3299,4,5,limp,0.3,-0.2,0.5,False,71,0.71,isaac_reset,0.0696,0.0379,0.0765,0.2808,0.2379,0.4281,0.2755,0.036,0.3276,0.0344,0.7335,0.4533,20.4096,0.256,3.059
3300,0,5,limp,0.3,0.0,-0.5,False,485,4.85,isaac_reset,0.0651,-0.0085,-0.0782,0.2607,0.0214,0.4236,0.2554,0.0384,0.0983,0.0561,0.8983,0.3129,21.2141,0.7259,2.216
3301,1,5,limp,0.3,0.0,-0.5,False,430,4.3,isaac_reset,0.0543,-0.0077,-0.0714,0.2597,0.0242,0.4374,0.2428,0.0328,0.228,0.0734,0.9583,0.2835,19.2284,0.4477,2.216
3302,2,5,limp,0.3,0.0,-0.5,False,611,6.11,isaac_reset,0.0021,-0.0204,-0.0033,0.2979,0.0211,0.4967,0.2417,0.0144,0.1761,0.0941,0.9959,0.2529,18.7954,0.662,2.216
3303,3,5,limp,0.3,0.0,-0.5,False,223,2.23,isaac_reset,0.0004,0.0569,-0.0564,0.3035,0.0641,0.4437,0.3583,0.0166,0.0837,0.1162,0.8717,0.6683,19.2307,0.7228,2.216
3304,4,5,limp,0.3,0.0,-0.5,False,227,2.27,isaac_reset,0.0699,-0.0035,-0.1172,0.2541,0.0225,0.3849,0.3214,0.0568,0.1013,0.0636,0.8913,0.511,18.3197,0.1603,2.216
3305,0,5,limp,0.3,0.0,-0.25,False,923,9.23,isaac_reset,0.0215,-0.0036,-0.0101,0.2846,0.0057,0.2443,0.364,0.0137,0.1,0.0573,0.9593,0.726,17.5071,0.4802,3.398
3306,1,5,limp,0.3,0.0,-0.25,False,868,8.68,isaac_reset,0.0369,-0.0046,-0.0203,0.2733,0.0111,0.2364,0.2225,0.0471,0.041,0.1285,0.9385,0.2983,19.0906,0.6447,3.398
3307,2,5,limp,0.3,0.0,-0.25,True,1000,10.0,timeout,-0.0009,-0.0096,0.0038,0.3009,0.0109,0.2538,0.2292,0.0169,0.1444,0.1155,0.9988,0.2512,19.2947,0.232,3.398
3308,3,5,limp,0.3,0.0,-0.25,False,661,6.61,isaac_reset,0.0875,-0.0052,-0.025,0.2746,0.0157,0.2345,0.3381,0.0439,0.0818,0.0928,0.9153,0.6345,18.2782,1.2351,3.398
3309,4,5,limp,0.3,0.0,-0.25,False,665,6.65,isaac_reset,0.0462,-0.0036,-0.0152,0.2731,0.0119,0.2389,0.3705,0.0171,0.076,0.0303,0.9298,0.7175,15.9685,0.1896,3.398
3310,0,5,limp,0.3,0.0,0.0,False,162,1.62,isaac_reset,-0.0263,0.0445,0.0269,0.3263,0.0452,0.0726,0.3584,0.0189,0.1367,0.0635,0.9206,0.6939,17.6025,0.3003,2.551
3311,1,5,limp,0.3,0.0,0.0,False,97,0.97,isaac_reset,0.0445,0.0047,0.0118,0.2779,0.0148,0.0504,0.3697,0.0105,0.064,0.0305,0.9493,0.7514,14.6511,0.235,2.551
3312,2,5,limp,0.3,0.0,0.0,False,739,7.39,fall_height,0.0159,-0.004,-0.0045,0.2865,0.0334,0.0462,0.2531,0.0187,0.1414,0.0434,0.9861,0.2639,19.3048,0.6632,2.551
3313,3,5,limp,0.3,0.0,0.0,False,711,7.11,isaac_reset,0.002,-0.005,0.0101,0.298,0.0053,0.0112,0.2357,0.0293,0.1305,0.0473,0.9767,0.2622,18.8848,0.9893,2.551
3314,4,5,limp,0.3,0.0,0.0,False,715,7.15,isaac_reset,0.0062,0.0033,0.0216,0.2938,0.0039,0.0252,0.3681,0.0059,0.0755,0.0312,0.9851,0.752,14.1455,0.52,2.551
3315,0,5,limp,0.3,0.0,0.25,False,113,1.13,isaac_reset,0.0455,0.1008,0.0943,0.3082,0.1168,0.2052,0.3059,0.0519,0.1907,0.0533,0.7733,0.466,21.7457,0.9571,3.365
3316,1,5,limp,0.3,0.0,0.25,False,403,4.03,isaac_reset,0.1031,0.0612,0.0864,0.2725,0.0954,0.2145,0.3439,0.0269,0.1307,0.0552,0.7165,0.6703,19.5505,0.4393,3.365
3317,2,5,limp,0.3,0.0,0.25,False,0,0.0,fall_height,0.0353,0.0028,0.0012,0.2695,0.0236,0.2489,0.2489,0.0302,0.1896,0.0612,0.9748,0.27,19.5516,0.6543,3.365
3318,3,5,limp,0.3,0.0,0.25,True,1000,10.0,timeout,0.0524,0.0056,0.0245,0.2658,0.0543,0.2257,0.2626,0.0066,0.3174,0.0195,0.9065,0.343,18.277,0.966,3.365
3319,4,5,limp,0.3,0.0,0.25,False,111,1.11,isaac_reset,0.0587,0.0312,0.0663,0.2932,0.0743,0.2226,0.278,0.0312,0.2982,0.0416,0.7928,0.398,19.9317,1.1055,3.365
3320,0,5,limp,0.3,0.0,0.5,False,585,5.85,isaac_reset,-0.0071,0.0045,0.0227,0.3071,0.0459,0.4773,0.2477,0.008,0.3575,0.0144,0.9582,0.2897,19.9072,0.4855,2.088
3321,1,5,limp,0.3,0.0,0.5,False,94,0.94,isaac_reset,-0.0287,0.1618,0.0838,0.3372,0.1663,0.4343,0.3328,0.0293,0.2166,0.0392,0.7197,0.6101,21.5451,0.2551,2.088
3322,2,5,limp,0.3,0.0,0.5,False,309,3.09,isaac_reset,0.1425,-0.0022,0.1118,0.2538,0.0405,0.3887,0.2725,0.0329,0.2721,0.0348,0.8195,0.3763,19.9551,0.422,2.088
3323,3,5,limp,0.3,0.0,0.5,False,244,2.44,isaac_reset,0.0717,0.1001,0.1804,0.2832,0.1229,0.3658,0.3408,0.0259,0.1836,0.0408,0.7334,0.6126,20.1018,1.5746,2.088
3324,4,5,limp,0.3,0.0,0.5,False,161,1.61,isaac_reset,0.1442,0.0032,0.1122,0.2567,0.0469,0.3878,0.2728,0.0318,0.2845,0.0387,0.7457,0.4509,19.5312,0.5751,2.088
3325,0,5,limp,0.3,0.2,-0.5,False,297,2.97,isaac_reset,0.0965,0.0176,-0.0871,0.265,0.2002,0.4179,0.2821,0.0523,0.1141,0.0838,0.8348,0.3825,22.6646,0.395,3.399
3326,1,5,limp,0.3,0.2,-0.5,False,256,2.56,isaac_reset,-0.0108,0.0272,-0.0314,0.3108,0.1847,0.4693,0.3547,0.0097,0.0728,0.138,0.923,0.6888,21.0711,0.3599,3.399
3327,2,5,limp,0.3,0.2,-0.5,False,773,7.73,isaac_reset,0.0245,-0.0133,-0.0502,0.2803,0.2133,0.4583,0.2522,0.0241,0.1407,0.0538,0.9683,0.276,18.9344,0.4111,3.399
3328,3,5,limp,0.3,0.2,-0.5,True,1000,10.0,timeout,-0.0007,-0.0017,-0.0188,0.3007,0.2017,0.4812,0.3577,0.0034,0.0232,0.1249,1.0,0.75,19.0518,1.261,3.399
3329,4,5,limp,0.3,0.2,-0.5,False,625,6.25,isaac_reset,0.0256,-0.0032,-0.0268,0.28,0.2032,0.4784,0.2354,0.0284,0.0837,0.1122,0.9735,0.2713,16.2411,0.7324,3.399
3330,0,5,limp,0.3,0.2,-0.25,False,347,3.47,isaac_reset,0.148,0.0021,-0.063,0.2122,0.2017,0.2087,0.2885,0.0595,0.096,0.0727,0.8165,0.5048,22.2244,0.3188,3.397
3331,1,5,limp,0.3,0.2,-0.25,False,306,3.06,isaac_reset,0.0932,-0.0106,-0.0177,0.2709,0.2106,0.2425,0.2839,0.0631,0.0674,0.1,0.913,0.4563,20.4138,1.3693,3.397
3332,2,5,limp,0.3,0.2,-0.25,False,823,8.23,isaac_reset,0.0167,-0.0031,-0.0224,0.2837,0.2031,0.2431,0.2381,0.0318,0.0649,0.0774,0.9768,0.268,20.6784,0.2293,3.397
3333,3,5,limp,0.3,0.2,-0.25,True,1000,10.0,timeout,0.0002,0.0014,-0.0098,0.2998,0.1986,0.2402,0.3693,0.0008,0.0584,0.0786,1.0,0.75,15.6913,0.869,3.397
3334,4,5,limp,0.3,0.2,-0.25,False,0,0.0,fall_height,0.044,0.006,-0.0301,0.2711,0.194,0.2257,0.2728,0.0654,0.1845,0.0688,0.9298,0.379,17.8015,0.1512,3.397
3335,0,5,limp,0.3,0.2,0.0,False,397,3.97,isaac_reset,0.2232,0.0116,0.0523,0.2101,0.1977,0.1763,0.3262,0.0368,0.132,0.0485,0.6879,0.595,22.9355,0.6366,2.949
3336,1,5,limp,0.3,0.2,0.0,False,356,3.56,isaac_reset,0.1061,-0.0057,-0.0074,0.2569,0.2057,0.0698,0.2581,0.0344,0.1215,0.0516,0.9076,0.3112,21.1564,0.6665,2.949
3337,2,5,limp,0.3,0.2,0.0,False,873,8.73,isaac_reset,-0.002,-0.0042,0.0054,0.302,0.2042,0.0057,0.2475,0.0111,0.0812,0.0735,0.9989,0.2503,20.103,0.3803,2.949
3338,3,5,limp,0.3,0.2,0.0,False,3,0.03,isaac_reset,0.0896,-0.0069,-0.0045,0.2668,0.2069,0.0422,0.2533,0.0377,0.1466,0.0219,0.901,0.3175,20.2876,1.6826,2.949
3339,4,5,limp,0.3,0.2,0.0,False,308,3.08,isaac_reset,0.0372,0.0161,-0.0187,0.2847,0.1898,0.0644,0.364,0.013,0.0857,0.0435,0.9482,0.7428,14.6637,1.258,2.949
3340,0,5,limp,0.3,0.2,0.25,False,86,0.86,isaac_reset,0.188,0.1526,0.1871,0.1845,0.146,0.2017,0.3239,0.0392,0.2067,0.0486,0.5901,0.5192,23.6721,1.1931,1.925
3341,1,5,limp,0.3,0.2,0.25,False,532,5.32,isaac_reset,0.0024,0.0054,0.0368,0.2976,0.1946,0.2133,0.2578,0.0081,0.3323,0.025,0.9189,0.3307,20.0791,1.0322,1.925
3342,2,5,limp,0.3,0.2,0.25,False,124,1.24,isaac_reset,0.1096,0.0964,0.1043,0.2436,0.1356,0.2207,0.3493,0.0262,0.1526,0.0612,0.7022,0.6304,19.4503,0.7367,1.925
3343,3,5,limp,0.3,0.2,0.25,False,179,1.79,isaac_reset,0.0935,0.067,0.0714,0.2426,0.1676,0.225,0.3144,0.0467,0.1678,0.0406,0.78,0.4855,20.3906,1.1342,1.925
3344,4,5,limp,0.3,0.2,0.25,False,299,2.99,isaac_reset,0.0776,0.0705,0.086,0.283,0.1613,0.1998,0.3509,0.0249,0.1418,0.032,0.7373,0.6567,17.9931,1.0204,1.925
3345,0,5,limp,0.3,0.2,0.5,False,163,1.63,isaac_reset,0.2396,0.1874,0.3142,0.2185,0.1916,0.2951,0.3045,0.0438,0.2782,0.0805,0.6841,0.4296,22.2572,0.5223,0.808
3346,1,5,limp,0.3,0.2,0.5,False,138,1.38,isaac_reset,0.117,0.196,0.391,0.1995,0.1212,0.2403,0.3443,0.0275,0.2205,0.0219,0.6138,0.5269,20.9192,0.1662,0.808
3347,2,5,limp,0.3,0.2,0.5,False,34,0.34,isaac_reset,0.2037,0.0847,0.2341,0.1934,0.1858,0.2799,0.3265,0.0289,0.1978,0.0568,0.5075,0.5284,24.7651,0.277,0.808
3348,3,5,limp,0.3,0.2,0.5,False,166,1.66,isaac_reset,-0.0288,0.1753,0.2471,0.3288,0.0979,0.3442,0.3429,0.0315,0.2701,0.0341,0.6257,0.3952,20.309,0.5826,0.808
3349,4,5,limp,0.3,0.2,0.5,False,161,1.61,isaac_reset,-0.0705,0.207,0.0365,0.3705,0.0737,0.4836,0.3364,0.0281,0.2382,0.0343,0.75,0.6063,19.5013,0.8515,0.808
3350,0,5,limp,0.3,0.4,-0.5,False,740,7.4,isaac_reset,0.2572,0.0411,-0.2194,0.1905,0.3594,0.2935,0.3252,0.0377,0.1384,0.0625,0.7153,0.639,23.3946,0.9428,3.341
3351,1,5,limp,0.3,0.4,-0.5,True,1000,10.0,timeout,-0.0014,-0.0022,-0.0322,0.3014,0.4022,0.4678,0.3567,0.0052,0.0635,0.1115,1.0,0.75,17.197,0.0308,3.341
3352,2,5,limp,0.3,0.4,-0.5,False,917,9.17,isaac_reset,0.0305,-0.0094,-0.0462,0.2726,0.4094,0.4548,0.2727,0.0227,0.0567,0.0544,0.9513,0.2785,20.1695,0.5992,3.341
3353,3,5,limp,0.3,0.4,-0.5,True,1000,10.0,timeout,-0.0002,-0.002,-0.0154,0.3002,0.402,0.4846,0.3602,0.0018,0.0118,0.1271,1.0,0.75,20.4873,0.0615,3.341
3354,4,5,limp,0.3,0.4,-0.5,False,190,1.9,isaac_reset,-0.0006,0.0345,-0.0568,0.3011,0.3694,0.4465,0.3597,0.0108,0.0642,0.1096,0.9233,0.6965,19.7493,0.6312,3.341
3355,0,5,limp,0.3,0.4,-0.25,False,225,2.25,isaac_reset,0.2193,0.0777,-0.1293,0.197,0.3443,0.2342,0.3227,0.0385,0.1543,0.0843,0.6763,0.5943,23.3774,0.3682,3.31
3356,1,5,limp,0.3,0.4,-0.25,True,1000,10.0,timeout,0.0022,-0.001,0.0024,0.2978,0.401,0.2524,0.3669,0.0016,0.0788,0.0645,1.0,0.75,15.2011,0.5295,3.31
3357,2,5,limp,0.3,0.4,-0.25,False,93,0.93,isaac_reset,-0.013,0.0333,0.0061,0.313,0.3775,0.2629,0.3597,0.0146,0.1036,0.0933,0.9408,0.7063,16.831,0.6888,3.31
3358,3,5,limp,0.3,0.4,-0.25,True,1000,10.0,timeout,0.0314,0.0109,-0.0089,0.2784,0.3891,0.2434,0.364,0.0103,0.1206,0.0276,0.9573,0.7373,16.4717,0.909,3.31
3359,4,5,limp,0.3,0.4,-0.25,False,240,2.4,isaac_reset,0.0028,0.0079,0.0022,0.2972,0.3921,0.2534,0.3676,0.0044,0.0643,0.0869,0.9855,0.7508,16.5395,0.6409,3.31
3360,0,5,limp,0.3,0.4,0.0,False,154,1.54,isaac_reset,0.2149,0.1093,0.0818,0.2089,0.3068,0.1531,0.3088,0.0415,0.2147,0.0748,0.6588,0.5838,24.9338,0.399,3.33
3361,1,5,limp,0.3,0.4,0.0,True,1000,10.0,timeout,0.0033,0.0061,0.0121,0.2967,0.3939,0.0143,0.3587,0.0031,0.0919,0.0101,0.997,0.7485,15.0195,0.3318,3.33
3362,2,5,limp,0.3,0.4,0.0,False,143,1.43,isaac_reset,0.0788,0.0057,0.0044,0.2742,0.3943,0.0608,0.2894,0.0389,0.1978,0.0277,0.895,0.3898,18.6268,1.655,3.33
3363,3,5,limp,0.3,0.4,0.0,False,672,6.72,isaac_reset,0.0915,0.0382,0.0438,0.2623,0.3681,0.0933,0.3491,0.0221,0.1413,0.0326,0.8155,0.6388,18.6021,0.8349,3.33
3364,4,5,limp,0.3,0.4,0.0,False,290,2.9,isaac_reset,0.0765,0.0002,0.0099,0.2714,0.3998,0.0465,0.2933,0.0579,0.1345,0.0314,0.914,0.4423,18.0784,0.918,3.33
3365,0,5,limp,0.3,0.4,0.25,False,8,0.08,isaac_reset,0.2715,0.1187,0.2306,0.1833,0.2963,0.1705,0.3131,0.0434,0.1941,0.0629,0.643,0.5799,24.255,0.8586,1.345
3366,1,5,limp,0.3,0.4,0.25,False,21,0.21,isaac_reset,0.134,0.1207,0.1424,0.224,0.3059,0.1743,0.3453,0.0264,0.1414,0.0299,0.6547,0.5674,20.4434,0.6232,1.345
3367,2,5,limp,0.3,0.4,0.25,False,193,1.93,isaac_reset,0.0553,0.017,-0.0107,0.2505,0.383,0.2619,0.2691,0.0323,0.2298,0.0578,0.8937,0.3438,18.8147,0.8526,1.345
3368,3,5,limp,0.3,0.4,0.25,False,84,0.84,isaac_reset,0.064,0.1851,0.1447,0.2702,0.2728,0.2509,0.339,0.0289,0.229,0.0628,0.5865,0.4751,22.5738,1.0051,1.345
3369,4,5,limp,0.3,0.4,0.25,False,340,3.4,isaac_reset,0.0229,0.0273,0.0389,0.2771,0.3727,0.2111,0.2539,0.0086,0.304,0.0161,0.9106,0.3328,19.6766,0.8633,1.345
3370,0,5,limp,0.3,0.4,0.5,False,426,4.26,isaac_reset,0.2655,0.0978,0.4252,0.1916,0.3233,0.2681,0.3224,0.038,0.1541,0.0539,0.6653,0.5651,22.67,0.281,3.06
3371,1,5,limp,0.3,0.4,0.5,False,182,1.82,isaac_reset,0.0724,0.0532,0.131,0.2748,0.3517,0.3741,0.2854,0.0404,0.2852,0.0357,0.7918,0.4679,20.1649,0.5033,3.06
3372,2,5,limp,0.3,0.4,0.5,False,902,9.02,isaac_reset,0.0003,0.0033,0.0282,0.2997,0.3967,0.4718,0.2537,0.0089,0.3824,0.0206,0.9186,0.3306,18.6941,0.7472,3.06
3373,3,5,limp,0.3,0.4,0.5,False,53,0.53,isaac_reset,0.1639,0.0719,0.1471,0.2301,0.3444,0.3693,0.2908,0.0419,0.2536,0.0403,0.7171,0.4233,21.431,1.7397,3.06
3374,4,5,limp,0.3,0.4,0.5,False,112,1.12,isaac_reset,0.1031,0.0445,0.1534,0.2553,0.366,0.3669,0.2756,0.0411,0.3339,0.0348,0.742,0.4441,19.606,1.364,3.06
3375,0,5,limp,0.6,-0.4,-0.5,False,861,8.61,isaac_reset,0.5147,0.0105,-0.2453,0.1349,0.4105,0.2829,0.3284,0.0343,0.1402,0.0229,0.6386,0.8309,25.344,0.8703,2.962
3376,1,5,limp,0.6,-0.4,-0.5,False,329,3.29,isaac_reset,0.0227,-0.0183,-0.0011,0.5776,0.3817,0.506,0.2355,0.0278,0.0916,0.1049,0.9759,0.2683,19.8763,0.2531,2.962
3377,2,5,limp,0.6,-0.4,-0.5,False,164,1.64,fall_height,-0.001,-0.0019,0.0061,0.601,0.3981,0.5061,0.1998,0.0067,0.0597,0.1855,1.0,0.25,19.5014,0.1261,2.962
3378,3,5,limp,0.6,-0.4,-0.5,False,434,4.34,isaac_reset,0.0008,-0.0038,-0.0506,0.5992,0.3962,0.4494,0.2958,0.0627,0.0222,0.0571,0.9869,0.4971,14.7122,1.6631,2.962
3379,4,5,limp,0.6,-0.4,-0.5,False,259,2.59,isaac_reset,0.0572,-0.015,-0.0798,0.5439,0.385,0.4271,0.245,0.0333,0.1695,0.0729,0.9548,0.2871,18.2794,0.7611,2.962
3380,0,5,limp,0.6,-0.4,-0.25,True,1000,10.0,timeout,0.5176,-0.0091,-0.0374,0.146,0.3909,0.2663,0.325,0.0366,0.1317,0.032,0.641,0.835,25.1496,5.5073,3.427
3381,1,5,limp,0.6,-0.4,-0.25,False,517,5.17,isaac_reset,0.0195,-0.0091,-0.0024,0.5805,0.3909,0.2582,0.2248,0.0274,0.0682,0.1416,0.979,0.2648,19.1721,0.6762,3.427
3382,2,5,limp,0.6,-0.4,-0.25,False,0,0.0,fall_height,0.0159,-0.0015,-0.0195,0.5841,0.3985,0.2416,0.1961,0.0359,0.1011,0.1875,0.9813,0.264,19.8344,0.5496,3.427
3383,3,5,limp,0.6,-0.4,-0.25,False,622,6.22,isaac_reset,0.0922,-0.0141,-0.0077,0.521,0.3859,0.2465,0.3266,0.0445,0.0572,0.032,0.9258,0.6065,16.1142,0.6909,3.427
3384,4,5,limp,0.6,-0.4,-0.25,False,0,0.0,fall_height,0.1028,-0.0151,-0.0438,0.5065,0.3849,0.2181,0.2373,0.0532,0.1655,0.1267,0.9038,0.32,17.7848,1.1462,3.427
3385,0,5,limp,0.6,-0.4,0.0,True,1000,10.0,timeout,0.5076,-0.0042,0.1234,0.1448,0.3958,0.2135,0.3265,0.0382,0.1253,0.0323,0.6428,0.8433,25.1296,5.6009,3.352
3386,1,5,limp,0.6,-0.4,0.0,False,567,5.67,isaac_reset,0.1922,-0.0142,0.0479,0.4213,0.3858,0.0764,0.2723,0.0562,0.0829,0.1004,0.8138,0.4203,20.2584,1.0028,3.352
3387,2,5,limp,0.6,-0.4,0.0,False,137,1.37,isaac_reset,0.0812,-0.0162,-0.0127,0.5251,0.3838,0.0305,0.2635,0.0333,0.1798,0.0299,0.9253,0.296,19.3715,0.7811,3.352
3388,3,5,limp,0.6,-0.4,0.0,False,672,6.72,isaac_reset,0.0879,-0.0088,0.0006,0.5245,0.3912,0.0441,0.2665,0.0238,0.2647,0.032,0.9108,0.3115,19.4611,0.6592,3.352
3389,4,5,limp,0.6,-0.4,0.0,False,497,4.97,isaac_reset,0.1397,-0.0121,0.0389,0.4719,0.3879,0.1175,0.2955,0.0454,0.2003,0.0973,0.7928,0.5115,18.5491,1.5029,3.352
3390,0,5,limp,0.6,-0.4,0.25,True,1000,10.0,timeout,0.4799,-0.0616,0.2416,0.1602,0.3384,0.2129,0.3279,0.0383,0.0319,0.0419,0.6518,0.8168,24.3691,2.0617,3.345
3391,1,5,limp,0.6,-0.4,0.25,True,1000,10.0,timeout,0.0495,-0.0072,0.0385,0.5608,0.3928,0.2119,0.25,0.0147,0.3168,0.0329,0.9465,0.299,19.8601,0.2519,3.345
3392,2,5,limp,0.6,-0.4,0.25,False,187,1.87,isaac_reset,0.0973,0.0006,0.0275,0.524,0.4006,0.2232,0.2589,0.0288,0.2824,0.0381,0.9108,0.305,19.9502,0.6548,3.345
3393,3,5,limp,0.6,-0.4,0.25,False,722,7.22,isaac_reset,0.0973,-0.0214,0.0356,0.5101,0.3786,0.2162,0.2636,0.0268,0.2726,0.0211,0.8718,0.3518,19.4549,0.577,3.345
3394,4,5,limp,0.6,-0.4,0.25,False,121,1.21,isaac_reset,0.1,-0.0136,0.0443,0.5249,0.3864,0.2089,0.2616,0.0284,0.2992,0.1046,0.8188,0.4095,20.1192,0.6652,3.345
3395,0,5,limp,0.6,-0.4,0.5,False,49,0.49,isaac_reset,0.4752,-0.0746,0.4412,0.1491,0.3299,0.2168,0.3309,0.0362,0.0349,0.0495,0.6604,0.8167,23.9563,2.5812,2.891
3396,1,5,limp,0.6,-0.4,0.5,False,850,8.5,isaac_reset,0.0297,0.0293,0.0174,0.5703,0.4293,0.4892,0.2448,0.0159,0.1953,0.0347,0.9307,0.3132,19.6974,0.8704,2.891
3397,2,5,limp,0.6,-0.4,0.5,False,237,2.37,isaac_reset,0.1416,-0.0157,0.0969,0.4895,0.3843,0.4036,0.2574,0.0337,0.3046,0.0334,0.8787,0.3293,20.1381,0.5699,2.891
3398,3,5,limp,0.6,-0.4,0.5,False,772,7.72,isaac_reset,0.0827,-0.0092,0.0265,0.5173,0.3908,0.474,0.2575,0.0219,0.3287,0.0226,0.8857,0.354,19.6038,0.491,2.891
3399,4,5,limp,0.6,-0.4,0.5,False,171,1.71,isaac_reset,0.1179,-0.0141,0.0801,0.4959,0.3859,0.4214,0.2605,0.0308,0.3429,0.0364,0.8055,0.4136,20.2629,0.3946,2.891
3400,0,5,limp,0.6,-0.2,-0.5,False,248,2.48,isaac_reset,0.4917,0.0427,-0.216,0.1685,0.2427,0.3299,0.3284,0.0383,0.1292,0.04,0.6533,0.8173,25.4428,5.4795,3.405
3401,1,5,limp,0.6,-0.2,-0.5,True,1000,10.0,timeout,-0.0012,-0.0035,0.0105,0.6012,0.1965,0.5105,0.225,0.0064,0.0401,0.1443,1.0,0.25,18.1412,0.1967,3.405
3402,2,5,limp,0.6,-0.2,-0.5,False,436,4.36,isaac_reset,0.0212,-0.0115,-0.0475,0.5788,0.1885,0.4616,0.2347,0.0294,0.0678,0.0845,0.9765,0.2675,19.7915,1.0331,3.405
3403,3,5,limp,0.6,-0.2,-0.5,False,971,9.71,isaac_reset,0.0068,-0.0032,-0.0122,0.5932,0.1968,0.4912,0.2293,0.023,0.0991,0.0712,0.9823,0.2623,17.4128,0.23,3.405
3404,4,5,limp,0.6,-0.2,-0.5,False,370,3.7,isaac_reset,0.0822,-0.0271,-0.1456,0.5195,0.1752,0.3631,0.2558,0.0206,0.1874,0.0471,0.9593,0.2853,19.9349,1.3461,3.405
3405,0,5,limp,0.6,-0.2,-0.25,False,298,2.98,isaac_reset,0.5056,0.0158,-0.0482,0.1533,0.2159,0.2525,0.3284,0.0356,0.1364,0.0322,0.6325,0.8008,25.035,2.1987,3.407
3406,1,5,limp,0.6,-0.2,-0.25,True,1000,10.0,timeout,0.0777,-0.014,-0.0124,0.5326,0.186,0.2448,0.2355,0.0322,0.047,0.1169,0.9428,0.2923,19.6368,0.7536,3.407
3407,2,5,limp,0.6,-0.2,-0.25,False,116,1.16,fall_height,0.0961,-0.0046,-0.0365,0.5216,0.1954,0.2259,0.2259,0.052,0.0938,0.1287,0.9133,0.3085,19.4821,0.7349,3.407
3408,3,5,limp,0.6,-0.2,-0.25,True,1000,10.0,timeout,0.0004,-0.004,0.0003,0.5996,0.196,0.2506,0.227,0.0074,0.156,0.0763,1.0,0.25,18.2073,0.1951,3.407
3409,4,5,limp,0.6,-0.2,-0.25,False,420,4.2,isaac_reset,0.1884,0.0051,-0.0199,0.422,0.2056,0.2434,0.3101,0.0507,0.1537,0.036,0.8063,0.5058,18.9688,0.7397,3.407
3410,0,5,limp,0.6,-0.2,0.0,False,348,3.48,isaac_reset,0.4966,0.0192,0.1258,0.1545,0.2192,0.1956,0.3259,0.0385,0.1331,0.0318,0.621,0.7953,25.4467,2.5522,3.417
3411,1,5,limp,0.6,-0.2,0.0,True,1000,10.0,timeout,0.1037,-0.0284,0.0109,0.5035,0.172,0.0437,0.2416,0.0381,0.0861,0.0914,0.9138,0.3083,19.5485,0.6114,3.417
3412,2,5,limp,0.6,-0.2,0.0,False,0,0.0,fall_height,0.1207,0.0038,0.0338,0.4893,0.2038,0.0852,0.2559,0.0773,0.0871,0.1873,0.8355,0.4653,19.1074,0.3898,3.417
3413,3,5,limp,0.6,-0.2,0.0,True,1000,10.0,timeout,0.0599,-0.0036,-0.0009,0.5532,0.1964,0.0161,0.2598,0.0163,0.2351,0.022,0.965,0.274,19.1148,0.5524,3.417
3414,4,5,limp,0.6,-0.2,0.0,False,315,3.15,isaac_reset,0.1064,-0.0249,0.0458,0.5041,0.1751,0.157,0.3388,0.0312,0.0628,0.1977,0.8273,0.752,14.1334,1.0393,3.417
3415,0,5,limp,0.6,-0.2,0.25,False,398,3.98,isaac_reset,0.4812,0.0296,0.35,0.1483,0.2308,0.2037,0.3277,0.0365,0.1329,0.0423,0.6435,0.8158,25.4452,3.639,1.528
3416,1,5,limp,0.6,-0.2,0.25,False,49,0.49,isaac_reset,0.0923,0.0069,0.0324,0.5077,0.2069,0.2483,0.259,0.0311,0.2213,0.0343,0.8916,0.3402,21.054,0.9622,1.528
3417,2,5,limp,0.6,-0.2,0.25,False,181,1.81,isaac_reset,0.2867,-0.0059,0.153,0.3368,0.1941,0.1482,0.3455,0.026,0.0716,0.0891,0.693,0.6911,18.2018,1.1878,1.528
3418,3,5,limp,0.6,-0.2,0.25,False,177,1.77,isaac_reset,0.3506,-0.0361,0.1796,0.2745,0.1639,0.1829,0.3415,0.0284,0.0757,0.0947,0.6429,0.6679,20.0636,0.3497,1.528
3419,4,5,limp,0.6,-0.2,0.25,False,146,1.46,isaac_reset,0.4528,-0.0469,0.2107,0.1863,0.1544,0.1442,0.3381,0.0272,0.0909,0.0743,0.5946,0.6404,22.2758,0.3474,1.528
3420,0,5,limp,0.6,-0.2,0.5,True,1000,10.0,timeout,0.4644,-0.0827,0.3772,0.1531,0.1803,0.2129,0.328,0.0372,0.0468,0.049,0.6785,0.7795,23.6943,2.2035,3.344
3421,1,5,limp,0.6,-0.2,0.5,False,28,0.28,isaac_reset,0.142,0.0238,0.0987,0.4782,0.2238,0.4297,0.2605,0.0369,0.292,0.0452,0.8223,0.3873,21.8798,0.5259,3.344
3422,2,5,limp,0.6,-0.2,0.5,True,1000,10.0,timeout,0.0443,-0.0003,0.0508,0.561,0.1997,0.4492,0.2501,0.0165,0.3507,0.0275,0.948,0.3015,18.5446,0.8845,3.344
3423,3,5,limp,0.6,-0.2,0.5,False,991,9.91,isaac_reset,0.1037,0.0053,0.0136,0.4968,0.2053,0.4866,0.249,0.0177,0.3232,0.0312,0.9053,0.3375,20.3935,1.061,3.344
3424,4,5,limp,0.6,-0.2,0.5,True,1000,10.0,timeout,0.0287,0.0007,0.0416,0.5715,0.2007,0.4585,0.2473,0.0096,0.3658,0.0232,0.8943,0.3508,18.976,0.9084,3.344
3425,0,5,limp,0.6,0.0,-0.5,False,732,7.32,isaac_reset,0.256,-0.0286,-0.2476,0.3622,0.1328,0.2956,0.3157,0.0452,0.1247,0.0706,0.7703,0.57,22.2717,2.9115,3.373
3426,1,5,limp,0.6,0.0,-0.5,False,453,4.53,isaac_reset,0.0477,-0.0191,-0.0455,0.5524,0.0357,0.4614,0.241,0.0276,0.0831,0.0557,0.972,0.272,21.2318,0.602,3.373
3427,2,5,limp,0.6,0.0,-0.5,True,1000,10.0,timeout,0.0006,-0.004,-0.0411,0.5994,0.004,0.4589,0.3504,0.0129,0.0121,0.0329,1.0,0.75,14.4438,0.1777,3.373
3428,3,5,limp,0.6,0.0,-0.5,True,1000,10.0,timeout,0.0014,-0.002,-0.0037,0.5986,0.0131,0.4963,0.2196,0.0096,0.1825,0.1141,1.0,0.25,17.0078,0.252,3.373
3429,4,5,limp,0.6,0.0,-0.5,True,1000,10.0,timeout,0.1113,-0.0219,-0.134,0.5041,0.0825,0.3677,0.2597,0.0122,0.1994,0.0381,0.9405,0.3085,20.6789,1.1108,3.373
3430,0,5,limp,0.6,0.0,-0.25,False,617,6.17,isaac_reset,0.1477,-0.0669,-0.1423,0.4541,0.1813,0.265,0.322,0.0426,0.089,0.0509,0.804,0.5793,21.2939,0.189,3.389
3431,1,5,limp,0.6,0.0,-0.25,False,0,0.0,fall_height,0.089,0.0097,-0.0103,0.5163,0.0253,0.2451,0.2818,0.0783,0.0483,0.0975,0.9033,0.466,17.9918,0.7235,3.389
3432,2,5,limp,0.6,0.0,-0.25,True,1000,10.0,timeout,0.0844,-0.0081,-0.0347,0.5257,0.0143,0.2243,0.2421,0.0355,0.0931,0.0903,0.9335,0.2935,19.156,0.8552,3.389
3433,3,5,limp,0.6,0.0,-0.25,False,130,1.3,isaac_reset,0.0695,0.0103,0.0037,0.5352,0.0153,0.2558,0.3609,0.0139,0.0268,0.0499,0.9368,0.7373,12.3219,0.8164,3.389
3434,4,5,limp,0.6,0.0,-0.25,True,1000,10.0,timeout,0.0125,-0.0008,-0.0064,0.5875,0.0145,0.2478,0.2308,0.0124,0.1519,0.0649,0.9975,0.2525,19.3256,1.4255,3.389
3435,0,5,limp,0.6,0.0,0.0,True,1000,10.0,timeout,0.509,0.056,0.1459,0.1494,0.0855,0.2032,0.326,0.0403,0.1525,0.0358,0.649,0.8095,25.5187,4.6625,3.338
3436,1,5,limp,0.6,0.0,0.0,False,791,7.91,isaac_reset,0.0897,-0.0048,0.0082,0.5223,0.0142,0.0314,0.3385,0.0251,0.0743,0.0684,0.9238,0.6855,14.7961,1.1291,3.338
3437,2,5,limp,0.6,0.0,0.0,False,39,0.39,isaac_reset,0.1132,0.0041,0.0112,0.4922,0.0538,0.0919,0.2756,0.0432,0.2175,0.0491,0.8778,0.3588,19.669,0.9951,3.338
3438,3,5,limp,0.6,0.0,0.0,False,180,1.8,isaac_reset,0.1339,-0.0041,0.0161,0.4836,0.0518,0.0914,0.3052,0.0466,0.1707,0.0568,0.861,0.509,16.9404,1.1228,3.338
3439,4,5,limp,0.6,0.0,0.0,False,2,0.02,isaac_reset,0.1748,0.0039,0.0263,0.446,0.0625,0.0939,0.2826,0.0421,0.2637,0.0308,0.786,0.3913,20.3341,1.3324,3.338
3440,0,5,limp,0.6,0.0,0.25,True,1000,10.0,timeout,0.5134,0.0272,0.2856,0.1296,0.0736,0.1648,0.3287,0.036,0.1203,0.0401,0.632,0.799,24.9578,3.7917,3.338
3441,1,5,limp,0.6,0.0,0.25,False,841,8.41,isaac_reset,0.0246,-0.0049,0.0195,0.5754,0.0375,0.2305,0.2546,0.0205,0.3112,0.034,0.9515,0.2923,19.8437,1.0417,3.338
3442,2,5,limp,0.6,0.0,0.25,False,309,3.09,isaac_reset,0.1661,0.0034,0.0784,0.4434,0.0411,0.1992,0.2775,0.048,0.2351,0.0485,0.839,0.39,20.2967,0.9293,3.338
3443,3,5,limp,0.6,0.0,0.25,False,451,4.51,isaac_reset,0.0394,0.0023,0.0148,0.5606,0.0577,0.2364,0.2576,0.0188,0.3001,0.0166,0.9303,0.3133,18.9383,1.1218,3.338
3444,4,5,limp,0.6,0.0,0.25,False,254,2.54,isaac_reset,0.0191,-0.0014,0.0085,0.5809,0.0595,0.2417,0.2521,0.0211,0.3392,0.0274,0.9318,0.31,19.1215,1.0507,3.338
3445,0,5,limp,0.6,0.0,0.5,False,21,0.21,isaac_reset,0.3952,-0.0539,0.382,0.216,0.1418,0.1921,0.3302,0.0344,0.0529,0.0459,0.6687,0.7778,22.8969,1.6199,2.053
3446,1,5,limp,0.6,0.0,0.5,False,240,2.4,isaac_reset,0.1868,0.0255,0.1852,0.4368,0.0827,0.3228,0.274,0.0347,0.2714,0.0347,0.7678,0.4226,21.7399,0.6856,2.053
3447,2,5,limp,0.6,0.0,0.5,False,574,5.74,isaac_reset,0.0004,-0.004,0.0453,0.5996,0.0534,0.4547,0.2478,0.0104,0.3792,0.0272,0.9609,0.2887,18.6969,1.2893,2.053
3448,3,5,limp,0.6,0.0,0.5,False,501,5.01,isaac_reset,0.0478,-0.0077,0.0661,0.5522,0.032,0.4339,0.2666,0.0287,0.341,0.0148,0.803,0.4048,18.9933,0.4513,2.053
3449,4,5,limp,0.6,0.0,0.5,False,304,3.04,isaac_reset,0.1869,0.0053,0.1851,0.4286,0.05,0.3347,0.2955,0.0484,0.2767,0.0366,0.7074,0.5448,20.0539,0.4015,2.053
3450,0,5,limp,0.6,0.2,-0.5,False,496,4.96,isaac_reset,0.4869,0.0773,-0.3381,0.1733,0.1247,0.1871,0.3321,0.0321,0.1533,0.033,0.584,0.7768,25.2911,2.7024,3.391
3451,1,5,limp,0.6,0.2,-0.5,False,715,7.15,isaac_reset,0.1036,-0.0151,-0.0778,0.5106,0.2151,0.4258,0.2498,0.0327,0.0926,0.0758,0.9185,0.3128,21.8571,0.3583,3.391
3452,2,5,limp,0.6,0.2,-0.5,True,1000,10.0,timeout,0.063,-0.0103,-0.0663,0.5463,0.2103,0.4347,0.2535,0.0216,0.0824,0.0588,0.9733,0.2767,20.255,0.9075,3.391
3453,3,5,limp,0.6,0.2,-0.5,False,59,0.59,isaac_reset,0.123,-0.0025,-0.0625,0.4977,0.2044,0.4421,0.2378,0.0495,0.1149,0.1179,0.8948,0.3293,19.4833,1.2364,3.391
3454,4,5,limp,0.6,0.2,-0.5,True,1000,10.0,timeout,-0.0018,-0.0019,-0.0304,0.6018,0.2019,0.4696,0.3605,0.0018,0.0323,0.0928,1.0,0.75,16.4886,0.0201,3.391
3455,0,5,limp,0.6,0.2,-0.25,False,546,5.46,isaac_reset,0.4579,0.0767,-0.1798,0.208,0.1247,0.1002,0.3374,0.0281,0.1307,0.0252,0.511,0.8833,25.0462,1.2219,3.395
3456,1,5,limp,0.6,0.2,-0.25,False,145,1.45,fall_height,0.0351,-0.0034,-0.0281,0.5657,0.2034,0.2393,0.2131,0.0366,0.0954,0.118,0.9713,0.273,20.8484,0.9423,3.395
3457,2,5,limp,0.6,0.2,-0.25,True,1000,10.0,timeout,0.082,-0.0066,-0.0341,0.5317,0.2066,0.2233,0.2408,0.0283,0.1254,0.0429,0.9485,0.2815,20.5931,0.5167,3.395
3458,3,5,limp,0.6,0.2,-0.25,False,0,0.0,fall_height,0.0905,-0.0049,-0.0268,0.5205,0.2049,0.2274,0.2516,0.0388,0.1493,0.0685,0.925,0.2973,18.8518,0.5649,3.395
3459,4,5,limp,0.6,0.2,-0.25,False,153,1.53,isaac_reset,0.1942,-0.0042,-0.0695,0.4304,0.2054,0.1933,0.2793,0.0418,0.1677,0.0356,0.8615,0.3773,20.7268,2.3839,3.395
3460,0,5,limp,0.6,0.2,0.0,False,596,5.96,isaac_reset,0.4787,0.066,0.034,0.18,0.1343,0.0924,0.3358,0.0276,0.13,0.0285,0.5126,0.8928,24.9626,0.8513,2.79
3461,1,5,limp,0.6,0.2,0.0,False,815,8.15,isaac_reset,0.0027,0.0031,0.0144,0.5973,0.1969,0.0641,0.2511,0.0085,0.2707,0.0335,0.9844,0.2635,20.2559,0.5553,2.79
3462,2,5,limp,0.6,0.2,0.0,False,533,5.33,fall_height,0.0972,-0.0032,0.0021,0.5198,0.2032,0.0333,0.2283,0.0456,0.1406,0.151,0.9157,0.2932,19.1286,0.8144,2.79
3463,3,5,limp,0.6,0.2,0.0,False,159,1.59,isaac_reset,0.0413,0.0023,-0.0089,0.5587,0.1977,0.0557,0.254,0.0255,0.234,0.0521,0.9396,0.3021,18.241,0.7268,2.79
3464,4,5,limp,0.6,0.2,0.0,False,203,2.03,isaac_reset,0.0516,0.0071,0.0019,0.5503,0.1929,0.0947,0.2554,0.0247,0.3019,0.0268,0.905,0.3346,19.4208,1.7632,2.79
3465,0,5,limp,0.6,0.2,0.25,False,830,8.3,isaac_reset,0.5283,0.047,0.235,0.1442,0.153,0.093,0.3353,0.0264,0.1296,0.0371,0.5187,0.9043,24.8561,0.8345,2.833
3466,1,5,limp,0.6,0.2,0.25,False,107,1.07,isaac_reset,0.2679,0.02,0.1256,0.3627,0.1826,0.1881,0.2965,0.0463,0.224,0.0534,0.7479,0.4726,21.4599,1.1364,2.833
3467,2,5,limp,0.6,0.2,0.25,False,0,0.0,fall_height,0.2676,0.0145,0.1233,0.3569,0.1881,0.2006,0.3039,0.0652,0.1139,0.0997,0.7274,0.5241,20.2007,0.8217,2.833
3468,3,5,limp,0.6,0.2,0.25,False,393,3.93,isaac_reset,0.1215,-0.0076,0.0378,0.4973,0.2076,0.2136,0.2653,0.0273,0.2991,0.0209,0.8598,0.3424,19.7324,0.5662,2.833
3469,4,5,limp,0.6,0.2,0.25,False,437,4.37,isaac_reset,0.1397,0.0202,0.048,0.4681,0.1817,0.236,0.2768,0.0493,0.2553,0.0446,0.8198,0.4073,19.0098,0.9617,2.833
3470,0,5,limp,0.6,0.2,0.5,True,1000,10.0,timeout,0.5682,0.0301,0.4358,0.1123,0.1699,0.1163,0.3335,0.0269,0.1132,0.0406,0.5253,0.8938,24.8763,1.7728,3.332
3471,1,5,limp,0.6,0.2,0.5,False,361,3.61,isaac_reset,0.1742,0.02,0.1723,0.4362,0.1908,0.3454,0.3051,0.0462,0.2228,0.0718,0.722,0.6128,20.2039,0.7046,3.332
3472,2,5,limp,0.6,0.2,0.5,True,1000,10.0,timeout,0.0314,0.0051,0.039,0.5738,0.1949,0.461,0.2463,0.0145,0.3781,0.0294,0.967,0.2825,18.9435,0.8018,3.332
3473,3,5,limp,0.6,0.2,0.5,False,612,6.12,isaac_reset,0.112,-0.0001,0.0723,0.5022,0.2003,0.4281,0.2618,0.029,0.3116,0.0172,0.8393,0.369,19.9685,0.285,3.332
3474,4,5,limp,0.6,0.2,0.5,False,882,8.82,isaac_reset,0.0529,-0.0056,0.0393,0.5522,0.2056,0.4624,0.2563,0.0281,0.3159,0.035,0.9228,0.309,20.3965,0.4911,3.332
3475,0,5,limp,0.6,0.4,-0.5,True,1000,10.0,timeout,0.4719,0.1165,-0.4106,0.1935,0.2835,0.1168,0.3356,0.0296,0.1365,0.0304,0.52,0.8455,25.42,3.1972,3.374
3476,1,5,limp,0.6,0.4,-0.5,False,986,9.86,isaac_reset,0.0109,-0.0102,0.0051,0.5891,0.4102,0.5051,0.2458,0.0199,0.1279,0.0879,0.987,0.2565,18.8021,0.7545,3.374
3477,2,5,limp,0.6,0.4,-0.5,True,1000,10.0,timeout,0.002,-0.0017,-0.0082,0.598,0.4017,0.4918,0.3591,0.0005,0.0118,0.0795,1.0,0.75,19.0776,1.324,3.374
3478,3,5,limp,0.6,0.4,-0.5,False,662,6.62,isaac_reset,0.1244,0.0064,-0.0897,0.4822,0.3937,0.4129,0.264,0.0574,0.1263,0.0779,0.8523,0.3403,18.911,0.8524,3.374
3479,4,5,limp,0.6,0.4,-0.5,False,932,9.32,isaac_reset,0.0807,-0.0119,-0.1099,0.5193,0.4119,0.3918,0.262,0.0222,0.1832,0.0341,0.9323,0.299,21.4266,0.6878,3.374
3480,0,5,limp,0.6,0.4,-0.25,True,1000,10.0,timeout,0.4686,0.1221,-0.1762,0.1844,0.2779,0.0948,0.3364,0.0295,0.1427,0.0255,0.516,0.8315,25.4577,4.7847,3.352
3481,1,5,limp,0.6,0.4,-0.25,False,89,0.89,isaac_reset,0.221,0.0502,-0.0015,0.3978,0.3515,0.2584,0.348,0.0238,0.0861,0.0628,0.786,0.6738,16.9617,0.7625,3.352
3482,2,5,limp,0.6,0.4,-0.25,False,215,2.15,isaac_reset,0.1927,0.0122,-0.0728,0.4308,0.388,0.1995,0.2699,0.0539,0.1263,0.0585,0.8333,0.3695,20.3446,1.4182,3.352
3483,3,5,limp,0.6,0.4,-0.25,False,960,9.6,isaac_reset,0.0196,-0.0043,-0.0058,0.5804,0.4043,0.2481,0.2302,0.0287,0.1563,0.1088,0.974,0.2613,18.1655,0.4444,3.352
3484,4,5,limp,0.6,0.4,-0.25,False,982,9.82,isaac_reset,0.0261,0.0051,0.0023,0.5739,0.3949,0.2542,0.2648,0.017,0.2498,0.0208,0.9633,0.274,19.3541,0.7498,3.352
3485,0,5,limp,0.6,0.4,0.0,False,49,0.49,isaac_reset,0.4711,0.1037,0.0415,0.1857,0.2963,0.0926,0.337,0.0295,0.1309,0.0306,0.5235,0.8658,24.9354,4.0667,3.367
3486,1,5,limp,0.6,0.4,0.0,False,111,1.11,isaac_reset,0.1225,-0.0033,-0.0116,0.4981,0.4033,0.1076,0.2635,0.0371,0.21,0.0475,0.8958,0.364,20.8962,0.9098,3.367
3487,2,5,limp,0.6,0.4,0.0,False,48,0.48,fall_height,0.0918,-0.0036,0.0012,0.5195,0.4036,0.0349,0.2302,0.0428,0.15,0.1329,0.9173,0.2945,19.3929,0.9667,3.367
3488,3,5,limp,0.6,0.4,0.0,False,74,0.74,isaac_reset,0.2273,0.0211,0.0138,0.4025,0.3789,0.1211,0.2879,0.0493,0.2035,0.0446,0.7978,0.4213,20.4654,0.9279,3.367
3489,4,5,limp,0.6,0.4,0.0,True,1000,10.0,timeout,0.0762,0.0036,0.011,0.5368,0.3964,0.0898,0.2527,0.0158,0.2992,0.0235,0.9235,0.324,20.3512,1.1453,3.367
3490,0,5,limp,0.6,0.4,0.25,False,99,0.99,isaac_reset,0.5274,0.077,0.2453,0.1474,0.323,0.0999,0.3337,0.0291,0.1252,0.0421,0.5208,0.875,24.7813,3.6254,3.341
3491,1,5,limp,0.6,0.4,0.25,False,161,1.61,isaac_reset,0.2785,0.0398,0.1131,0.343,0.3608,0.2196,0.3239,0.0408,0.1284,0.086,0.6875,0.5868,20.4639,0.2573,3.341
3492,2,5,limp,0.6,0.4,0.25,False,315,3.15,isaac_reset,0.0169,0.0055,0.0102,0.5831,0.3945,0.2409,0.2407,0.03,0.2728,0.0735,0.9683,0.2767,18.638,0.2644,3.341
3493,3,5,limp,0.6,0.4,0.25,False,352,3.52,isaac_reset,0.1945,0.0169,0.0686,0.4275,0.3834,0.2067,0.2819,0.042,0.2641,0.0322,0.7723,0.4315,20.2802,0.3553,3.341
3494,4,5,limp,0.6,0.4,0.25,True,1000,10.0,timeout,0.0787,0.0024,0.0375,0.5388,0.3976,0.215,0.2516,0.0197,0.3567,0.023,0.8783,0.3603,19.9859,0.6975,3.341
3495,0,5,limp,0.6,0.4,0.5,False,149,1.49,isaac_reset,0.5486,0.0695,0.4419,0.1354,0.3305,0.1296,0.3349,0.0279,0.1168,0.0464,0.528,0.8893,24.5982,2.1691,3.348
3496,1,5,limp,0.6,0.4,0.5,False,31,0.31,isaac_reset,0.2572,0.0219,0.1318,0.3783,0.3796,0.3853,0.2706,0.0403,0.2308,0.051,0.7713,0.4223,22.4483,0.8443,3.348
3497,2,5,limp,0.6,0.4,0.5,False,365,3.65,isaac_reset,0.198,0.0438,0.1751,0.4181,0.3623,0.3618,0.3029,0.0496,0.2153,0.0498,0.7943,0.4988,19.9816,0.5921,3.348
3498,3,5,limp,0.6,0.4,0.5,False,607,6.07,isaac_reset,0.1871,0.0089,0.1356,0.4361,0.3917,0.3847,0.2822,0.0403,0.2783,0.0359,0.748,0.434,20.015,0.4975,3.348
3499,4,5,limp,0.6,0.4,0.5,True,1000,10.0,timeout,0.0307,0.0125,0.0183,0.5693,0.3875,0.4817,0.2461,0.0152,0.3859,0.039,0.9695,0.279,20.4885,1.018,3.348
3500,0,5,limp,0.9,-0.4,-0.5,False,199,1.99,isaac_reset,0.6381,-0.0247,-0.4109,0.2724,0.3753,0.1137,0.3342,0.0265,0.1209,0.0216,0.5087,0.8503,25.325,5.8306,2.969
3501,1,5,limp,0.9,-0.4,-0.5,False,305,3.05,fall_height,0.1301,-0.0286,-0.0495,0.7734,0.3714,0.4539,0.2368,0.0454,0.0604,0.0821,0.911,0.3058,21.8775,1.104,2.969
3502,2,5,limp,0.9,-0.4,-0.5,False,159,1.59,isaac_reset,0.2703,-0.0157,-0.0479,0.6307,0.3843,0.4562,0.3306,0.0367,0.0978,0.125,0.7442,0.7104,19.5544,0.7343,2.969
3503,3,5,limp,0.9,-0.4,-0.5,False,864,8.64,isaac_reset,0.0003,0.0004,0.0008,0.8997,0.4004,0.5008,0.228,0.0068,0.1999,0.0994,0.9988,0.2503,15.5508,1.5263,2.969
3504,4,5,limp,0.9,-0.4,-0.5,False,32,0.32,isaac_reset,0.0896,-0.0232,-0.1531,0.8104,0.3768,0.3576,0.2465,0.0251,0.2057,0.0609,0.9598,0.2809,19.176,0.3889,2.969
3505,0,5,limp,0.9,-0.4,-0.25,False,384,3.84,isaac_reset,0.6878,-0.0327,-0.2064,0.2249,0.3673,0.0882,0.3373,0.027,0.1138,0.0213,0.5149,0.8922,24.5666,3.8302,1.505
3506,1,5,limp,0.9,-0.4,-0.25,False,0,0.0,fall_height,0.0006,0.0006,-0.0005,0.8994,0.4006,0.2495,0.1919,0.001,0.0141,0.1302,1.0,0.25,21.9704,0.0285,1.505
3507,2,5,limp,0.9,-0.4,-0.25,False,108,1.08,isaac_reset,0.3219,-0.0458,0.017,0.5808,0.355,0.2905,0.2934,0.0421,0.1602,0.1063,0.7396,0.5091,20.5043,0.4549,1.505
3508,3,5,limp,0.9,-0.4,-0.25,False,134,1.34,isaac_reset,0.3361,-0.054,-0.0233,0.5658,0.346,0.2834,0.2942,0.046,0.1699,0.164,0.6455,0.5571,21.3968,1.7641,1.505
3509,4,5,limp,0.9,-0.4,-0.25,False,217,2.17,isaac_reset,0.2431,-0.0141,-0.0598,0.6569,0.3859,0.206,0.2871,0.0492,0.1829,0.0259,0.7916,0.411,20.9072,0.5974,1.505
3510,0,5,limp,0.9,-0.4,0.0,True,1000,10.0,timeout,0.7001,-0.0516,-0.0076,0.2098,0.3484,0.0955,0.3345,0.0271,0.0852,0.0349,0.5215,0.8945,24.5183,7.5123,3.361
3511,1,5,limp,0.9,-0.4,0.0,False,226,2.26,isaac_reset,0.0268,-0.0039,-0.0035,0.8732,0.3961,0.0326,0.2283,0.0265,0.1774,0.0531,0.9773,0.2643,20.2299,1.2276,3.361
3512,2,5,limp,0.9,-0.4,0.0,False,773,7.73,isaac_reset,0.1017,0.003,0.0201,0.7996,0.403,0.0702,0.2735,0.0415,0.2496,0.03,0.9058,0.3383,18.7698,0.6325,3.361
3513,3,5,limp,0.9,-0.4,0.0,False,799,7.99,isaac_reset,0.1102,-0.022,-0.0087,0.7899,0.378,0.0638,0.2623,0.0281,0.2743,0.0176,0.9033,0.3195,19.2941,0.6383,3.361
3514,4,5,limp,0.9,-0.4,0.0,True,1000,10.0,timeout,-0.0014,-0.002,0.0011,0.9014,0.398,0.0614,0.2475,0.0079,0.3177,0.0277,0.9593,0.2903,18.4256,0.8426,3.361
3515,0,5,limp,0.9,-0.4,0.25,True,1000,10.0,timeout,0.6972,-0.0538,0.187,0.209,0.3462,0.111,0.3353,0.0264,0.0999,0.0355,0.522,0.8705,24.5408,5.9765,3.356
3516,1,5,limp,0.9,-0.4,0.25,False,276,2.76,isaac_reset,0.2832,-0.0497,0.1344,0.6186,0.3503,0.2156,0.2916,0.0544,0.1543,0.0941,0.7533,0.5093,20.9485,1.0348,3.356
3517,2,5,limp,0.9,-0.4,0.25,False,36,0.36,isaac_reset,0.2119,-0.0279,0.0882,0.6941,0.3721,0.2135,0.2522,0.0585,0.1743,0.0995,0.8188,0.3815,18.8279,1.1608,3.356
3518,3,5,limp,0.9,-0.4,0.25,False,849,8.49,isaac_reset,0.0299,-0.009,0.0015,0.8701,0.391,0.2498,0.2459,0.0214,0.2865,0.023,0.9488,0.288,18.5411,0.3439,3.356
3519,4,5,limp,0.9,-0.4,0.25,True,1000,10.0,timeout,0.0221,0.0032,0.0115,0.8779,0.4032,0.2391,0.2438,0.0106,0.3666,0.0262,0.9245,0.3215,18.9409,0.4589,3.356
3520,0,5,limp,0.9,-0.4,0.5,True,1000,10.0,timeout,0.7008,-0.0715,0.3859,0.2063,0.3285,0.1401,0.3332,0.0273,0.0985,0.0409,0.5173,0.8478,24.8503,5.0867,3.349
3521,1,5,limp,0.9,-0.4,0.5,False,29,0.29,isaac_reset,0.419,-0.0394,0.3263,0.4843,0.3606,0.2205,0.3321,0.0348,0.1231,0.1131,0.6028,0.671,20.9473,1.1681,3.349
3522,2,5,limp,0.9,-0.4,0.5,False,269,2.69,isaac_reset,0.2059,-0.0202,0.1497,0.6952,0.3798,0.3528,0.2675,0.0453,0.2587,0.0378,0.821,0.367,20.494,1.045,3.349
3523,3,5,limp,0.9,-0.4,0.5,False,899,8.99,isaac_reset,0.0907,-0.0122,0.0477,0.8093,0.3878,0.4531,0.2588,0.0277,0.3255,0.0271,0.858,0.3563,20.8866,0.2542,3.349
3524,4,5,limp,0.9,-0.4,0.5,False,16,0.16,isaac_reset,0.1318,-0.0205,0.1075,0.7682,0.3795,0.3985,0.2583,0.0306,0.3245,0.0303,0.7875,0.4193,21.3475,0.5984,3.349
3525,0,5,limp,0.9,-0.2,-0.5,False,49,0.49,isaac_reset,0.6035,0.0255,-0.4082,0.3068,0.2255,0.1109,0.3394,0.0275,0.1304,0.0214,0.5175,0.8883,25.2583,5.5961,3.342
3526,1,5,limp,0.9,-0.2,-0.5,False,14,0.14,isaac_reset,0.2424,-0.0066,-0.0502,0.6583,0.1953,0.4539,0.3255,0.0381,0.1082,0.1456,0.7333,0.712,20.1511,0.6828,3.342
3527,2,5,limp,0.9,-0.2,-0.5,False,494,4.94,isaac_reset,0.0943,-0.0075,-0.0758,0.8063,0.1925,0.4289,0.2427,0.0352,0.2073,0.0806,0.9275,0.2948,17.1301,0.5618,3.342
3528,3,5,limp,0.9,-0.2,-0.5,True,1000,10.0,timeout,0.0117,-0.0015,0.0061,0.8883,0.1985,0.5061,0.3386,0.0091,0.0789,0.1006,0.9978,0.7483,15.912,0.8606,3.342
3529,4,5,limp,0.9,-0.2,-0.5,False,66,0.66,isaac_reset,0.1247,-0.0159,-0.118,0.7763,0.1845,0.3832,0.2673,0.027,0.1923,0.0418,0.9103,0.3058,19.9291,1.1812,3.342
3530,0,5,limp,0.9,-0.2,-0.25,False,99,0.99,isaac_reset,0.6295,0.0005,-0.105,0.2763,0.2005,0.1848,0.3274,0.0294,0.1475,0.0331,0.5881,0.7743,25.5578,3.7393,1.971
3531,1,5,limp,0.9,-0.2,-0.25,False,55,0.55,isaac_reset,0.1804,-0.0631,0.1905,0.7225,0.1512,0.4681,0.3195,0.0513,0.1179,0.2159,0.7674,0.7628,18.3039,0.4005,1.971
3532,2,5,limp,0.9,-0.2,-0.25,False,544,5.44,isaac_reset,0.0149,-0.016,-0.0201,0.8851,0.184,0.231,0.2497,0.0099,0.1597,0.0335,0.9922,0.2564,19.1741,0.4019,1.971
3533,3,5,limp,0.9,-0.2,-0.25,False,39,0.39,isaac_reset,0.2236,-0.0252,-0.0795,0.6781,0.1748,0.2098,0.2721,0.0383,0.1964,0.048,0.833,0.3642,20.1629,1.0976,1.971
3534,4,5,limp,0.9,-0.2,-0.25,False,116,1.16,isaac_reset,0.0405,-0.0062,-0.0245,0.8595,0.1938,0.2534,0.2235,0.0428,0.1612,0.1408,0.9647,0.2752,17.9146,1.3998,1.971
3535,0,5,limp,0.9,-0.2,0.0,False,604,6.04,isaac_reset,0.6447,0.0287,0.1428,0.2593,0.2287,0.1935,0.3283,0.0339,0.1732,0.0413,0.6274,0.8376,25.219,3.1538,2.213
3536,1,5,limp,0.9,-0.2,0.0,False,119,1.19,isaac_reset,0.5623,0.0027,0.1087,0.3429,0.2027,0.1993,0.3312,0.0294,0.1383,0.0649,0.5502,0.625,24.0146,0.3517,2.213
3537,2,5,limp,0.9,-0.2,0.0,False,212,2.12,fall_height,0.0823,-0.0029,-0.0185,0.8188,0.1971,0.0394,0.2206,0.0263,0.2067,0.0556,0.9686,0.2814,19.7999,1.0215,2.213
3538,3,5,limp,0.9,-0.2,0.0,False,544,5.44,isaac_reset,0.0636,-0.0025,0.0007,0.8364,0.1975,0.0484,0.26,0.0302,0.2516,0.0233,0.9293,0.2874,19.5853,0.8232,2.213
3539,4,5,limp,0.9,-0.2,0.0,False,621,6.21,isaac_reset,0.0038,0.0044,-0.0136,0.8962,0.205,0.0759,0.2412,0.0175,0.3085,0.0461,0.9638,0.2834,18.7121,0.4575,2.213
3540,0,5,limp,0.9,-0.2,0.25,True,1000,10.0,timeout,0.6591,0.0015,0.2905,0.243,0.2025,0.1514,0.3288,0.0339,0.1256,0.0469,0.6323,0.8338,24.6287,4.413,3.357
3541,1,5,limp,0.9,-0.2,0.25,False,111,1.11,isaac_reset,0.1454,-0.0364,0.0642,0.7549,0.1663,0.2267,0.2546,0.037,0.2425,0.0693,0.8775,0.3628,21.6465,0.0916,3.357
3542,2,5,limp,0.9,-0.2,0.25,False,327,3.27,isaac_reset,0.1133,-0.0129,0.0291,0.7888,0.1871,0.2229,0.2408,0.0372,0.2164,0.0156,0.9225,0.3028,20.1605,0.6801,3.357
3543,3,5,limp,0.9,-0.2,0.25,False,6,0.06,isaac_reset,0.1479,-0.0133,0.0264,0.7545,0.1872,0.2265,0.2495,0.0367,0.2209,0.0263,0.9025,0.3153,19.5476,1.3383,3.357
3544,4,5,limp,0.9,-0.2,0.25,True,1000,10.0,timeout,0.0014,0.0051,0.012,0.8986,0.2051,0.2384,0.2477,0.0059,0.3644,0.019,0.9313,0.3143,19.0372,0.2334,3.357
3545,0,5,limp,0.9,-0.2,0.5,True,1000,10.0,timeout,0.6716,-0.0746,0.4143,0.2334,0.1583,0.1815,0.3253,0.0345,0.0527,0.0662,0.648,0.7885,24.1615,2.2515,3.337
3546,1,5,limp,0.9,-0.2,0.5,False,161,1.61,isaac_reset,0.1723,0.0256,0.1511,0.7285,0.2256,0.3898,0.263,0.0409,0.3005,0.0327,0.7893,0.4213,21.9378,1.0849,3.337
3547,2,5,limp,0.9,-0.2,0.5,False,377,3.77,isaac_reset,0.1076,-0.0168,0.0961,0.7924,0.1832,0.4044,0.2471,0.0333,0.3163,0.0291,0.9168,0.3,19.9917,0.3456,3.337
3548,3,5,limp,0.9,-0.2,0.5,False,56,0.56,isaac_reset,0.1089,-0.0049,0.0391,0.7911,0.1951,0.4633,0.25,0.0227,0.3164,0.0257,0.886,0.3515,21.1923,0.3121,3.337
3549,4,5,limp,0.9,-0.2,0.5,True,1000,10.0,timeout,0.0907,-0.0133,0.0804,0.8093,0.1871,0.4199,0.255,0.0204,0.354,0.0236,0.8443,0.3833,19.8665,0.4375,3.337
3550,0,5,limp,0.9,0.0,-0.5,True,1000,10.0,timeout,0.6645,0.0592,-0.2183,0.2455,0.0769,0.2915,0.3271,0.0343,0.1666,0.0364,0.6435,0.805,25.0129,8.692,3.4
3551,1,5,limp,0.9,0.0,-0.5,False,144,1.44,fall_height,0.0006,-0.0017,0.0056,0.8994,0.0021,0.5056,0.1937,0.0091,0.1004,0.1623,1.0,0.25,18.711,0.151,3.4
3552,2,5,limp,0.9,0.0,-0.5,False,427,4.27,isaac_reset,0.0133,-0.0002,-0.0322,0.8867,0.0102,0.4776,0.2268,0.0287,0.1634,0.0984,0.9813,0.264,18.1062,0.1874,3.4
3553,3,5,limp,0.9,0.0,-0.5,False,106,1.06,isaac_reset,0.1238,-0.0142,-0.0857,0.7808,0.0254,0.4174,0.2338,0.0413,0.1983,0.1051,0.922,0.3048,18.0016,0.0877,3.4
3554,4,5,limp,0.9,0.0,-0.5,True,1000,10.0,timeout,0.1467,-0.0147,-0.1617,0.7558,0.0784,0.3405,0.2637,0.029,0.1982,0.0454,0.9028,0.3273,20.8936,1.2333,3.4
3555,0,5,limp,0.9,0.0,-0.25,False,32,0.32,isaac_reset,0.6277,0.0285,-0.1803,0.2814,0.0565,0.0984,0.3353,0.0277,0.1465,0.0219,0.5118,0.8485,25.2771,2.0601,3.352
3556,1,5,limp,0.9,0.0,-0.25,True,1000,10.0,timeout,-0.0006,0.0009,-0.0011,0.9006,0.0037,0.25,0.224,0.0025,0.2605,0.0553,1.0,0.25,17.8305,0.2934,3.352
3557,2,5,limp,0.9,0.0,-0.25,False,0,0.0,fall_height,0.1111,-0.0014,-0.0553,0.7892,0.0247,0.2088,0.2376,0.0482,0.1748,0.0968,0.9178,0.2965,19.7862,0.6832,3.352
3558,3,5,limp,0.9,0.0,-0.25,False,156,1.56,isaac_reset,0.1466,-0.0169,-0.0744,0.7569,0.0573,0.1912,0.252,0.0317,0.2099,0.0297,0.9198,0.297,20.5221,0.6277,3.352
3559,4,5,limp,0.9,0.0,-0.25,False,49,0.49,isaac_reset,0.0672,-0.0023,-0.0564,0.8328,0.0833,0.2091,0.2548,0.0215,0.2355,0.0276,0.962,0.2773,19.7663,0.9553,3.352
3560,0,5,limp,0.9,0.0,0.0,False,82,0.82,isaac_reset,0.6309,0.0385,0.0895,0.2744,0.073,0.1588,0.328,0.0341,0.1364,0.0407,0.6048,0.7995,25.1974,6.6652,3.354
3561,1,5,limp,0.9,0.0,0.0,True,1000,10.0,timeout,0.1086,-0.0073,0.0077,0.7932,0.0457,0.0851,0.2517,0.024,0.2314,0.0287,0.9415,0.2865,21.6984,0.9137,3.354
3562,2,5,limp,0.9,0.0,0.0,False,527,5.27,isaac_reset,0.1578,0.015,0.0255,0.7433,0.0636,0.1402,0.2921,0.0484,0.1897,0.0868,0.8448,0.458,19.2599,1.4694,3.354
3563,3,5,limp,0.9,0.0,0.0,False,206,2.06,isaac_reset,0.2352,0.0038,0.0303,0.666,0.0497,0.1164,0.2785,0.0526,0.1868,0.0539,0.7985,0.4065,19.9245,0.9385,3.354
3564,4,5,limp,0.9,0.0,0.0,False,99,0.99,isaac_reset,0.1613,-0.0194,0.0203,0.7394,0.074,0.1239,0.2752,0.0424,0.2538,0.0799,0.8298,0.4198,19.7229,0.3251,3.354
3565,0,5,limp,0.9,0.0,0.25,False,132,1.32,isaac_reset,0.6388,0.0275,0.2933,0.2645,0.073,0.1477,0.3292,0.0331,0.1415,0.0401,0.6119,0.7865,24.7641,3.5793,3.226
3566,1,5,limp,0.9,0.0,0.25,False,24,0.24,isaac_reset,0.3104,-0.0175,0.1442,0.5938,0.0747,0.2214,0.2958,0.052,0.1813,0.1108,0.7329,0.5213,21.3835,0.7676,3.226
3567,2,5,limp,0.9,0.0,0.25,False,951,9.51,isaac_reset,0.0015,0.0031,-0.0056,0.8985,0.0037,0.2556,0.2771,0.0041,0.129,0.677,0.4995,0.7497,18.8509,0.3403,3.226
3568,3,5,limp,0.9,0.0,0.25,False,634,6.34,isaac_reset,0.1393,-0.006,0.0405,0.7669,0.0554,0.2148,0.2589,0.0326,0.3048,0.0223,0.8829,0.3275,19.5784,0.7959,3.226
3569,4,5,limp,0.9,0.0,0.25,False,352,3.52,isaac_reset,0.0996,0.0027,0.0436,0.8011,0.0682,0.2104,0.2581,0.0322,0.3286,0.0245,0.8873,0.3262,19.5844,0.6402,3.226
3570,0,5,limp,0.9,0.0,0.5,False,230,2.3,isaac_reset,0.659,-0.0231,0.4363,0.248,0.0866,0.1702,0.3245,0.0344,0.0823,0.065,0.6273,0.7675,24.7258,0.9481,3.344
3571,1,5,limp,0.9,0.0,0.5,False,316,3.16,isaac_reset,0.0509,0.0137,0.0587,0.8491,0.0752,0.4583,0.2428,0.0257,0.3471,0.0336,0.9218,0.3163,21.1879,0.5469,3.344
3572,2,5,limp,0.9,0.0,0.5,True,1000,10.0,timeout,0.0614,-0.0013,0.0192,0.8393,0.0101,0.4808,0.2266,0.0207,0.2596,0.0374,0.974,0.276,15.6506,1.1152,3.344
3573,3,5,limp,0.9,0.0,0.5,False,732,7.32,isaac_reset,0.1831,-0.0085,0.1167,0.7175,0.0571,0.3995,0.2704,0.0471,0.2758,0.0339,0.8365,0.4145,20.9653,0.8686,3.344
3574,4,5,limp,0.9,0.0,0.5,False,450,4.5,isaac_reset,0.1033,-0.0104,0.0778,0.7981,0.0508,0.4232,0.2541,0.0301,0.3282,0.0265,0.8795,0.3298,19.8724,1.022,3.344
3575,0,5,limp,0.9,0.2,-0.5,False,280,2.8,isaac_reset,0.6197,0.0999,-0.2326,0.2868,0.1024,0.2866,0.3311,0.0361,0.1507,0.0422,0.6347,0.7924,25.16,3.423,1.855
3576,1,5,limp,0.9,0.2,-0.5,False,366,3.66,isaac_reset,0.0952,-0.0234,-0.1059,0.8048,0.2234,0.4144,0.2513,0.031,0.0644,0.0285,0.9531,0.2854,22.5614,0.2818,1.855
3577,2,5,limp,0.9,0.2,-0.5,False,171,1.71,fall_height,0.0002,0.0024,-0.0146,0.8998,0.1976,0.4905,0.1986,0.0147,0.1856,0.1612,0.9995,0.2505,18.7147,0.8464,1.855
3578,3,5,limp,0.9,0.2,-0.5,False,178,1.78,isaac_reset,0.517,0.0522,-0.2926,0.3837,0.159,0.2216,0.3362,0.0269,0.1394,0.0537,0.5329,0.5943,23.0725,0.4371,1.855
3579,4,5,limp,0.9,0.2,-0.5,False,500,5.0,isaac_reset,0.0577,-0.0116,-0.0942,0.8423,0.2116,0.4058,0.2533,0.0093,0.1882,0.0431,0.9815,0.267,20.2405,0.6639,1.855
3580,0,5,limp,0.9,0.2,-0.25,False,829,8.29,isaac_reset,0.6304,0.0744,-0.0047,0.2755,0.1271,0.2673,0.3256,0.0345,0.171,0.0425,0.6133,0.7625,25.6442,0.7179,3.413
3581,1,5,limp,0.9,0.2,-0.25,False,399,3.99,fall_height,0.0509,-0.0089,-0.0186,0.8491,0.2089,0.2385,0.2253,0.0393,0.09,0.0952,0.9515,0.2758,21.4265,0.5724,3.413
3582,2,5,limp,0.9,0.2,-0.25,False,0,0.0,fall_height,0.1235,-0.0056,-0.0727,0.7772,0.2056,0.198,0.233,0.046,0.2066,0.0977,0.919,0.2983,19.7747,0.7421,3.413
3583,3,5,limp,0.9,0.2,-0.25,False,193,1.93,isaac_reset,0.1174,-0.0092,-0.096,0.7828,0.2096,0.2171,0.2591,0.0363,0.186,0.0928,0.9033,0.3685,19.9,0.2779,3.413
3584,4,5,limp,0.9,0.2,-0.25,True,1000,10.0,timeout,0.0754,-0.006,-0.0226,0.8252,0.206,0.2319,0.2575,0.0139,0.2685,0.0233,0.954,0.29,19.8902,1.1926,3.413
3585,0,5,limp,0.9,0.2,0.0,False,879,8.79,isaac_reset,0.6535,0.0391,0.0237,0.2592,0.1609,0.0765,0.3332,0.028,0.1476,0.0298,0.5044,0.8592,25.1506,1.1216,3.246
3586,1,5,limp,0.9,0.2,0.0,False,965,9.65,isaac_reset,0.0035,-0.0061,0.0174,0.8965,0.2061,0.0753,0.2471,0.0098,0.2792,0.0251,0.9938,0.2554,20.3158,0.6612,3.246
3587,2,5,limp,0.9,0.2,0.0,False,548,5.48,isaac_reset,0.0314,-0.0057,-0.0056,0.8686,0.2057,0.0656,0.2332,0.0288,0.1913,0.053,0.9723,0.2723,19.9023,1.2173,3.246
3588,3,5,limp,0.9,0.2,0.0,False,243,2.43,isaac_reset,0.3936,0.0323,0.0831,0.5087,0.1733,0.1629,0.3151,0.0484,0.1727,0.048,0.6439,0.4979,21.7064,0.0894,3.246
3589,4,5,limp,0.9,0.2,0.0,False,136,1.36,isaac_reset,0.236,-0.0034,0.0715,0.6656,0.2063,0.1892,0.3148,0.0364,0.0895,0.3519,0.5854,0.7089,18.4862,0.6569,3.246
3590,0,5,limp,0.9,0.2,0.25,False,963,9.63,isaac_reset,0.6799,0.0308,0.2204,0.2318,0.1692,0.0904,0.3346,0.0284,0.1258,0.0406,0.5197,0.887,24.7445,0.5549,3.336
3591,1,5,limp,0.9,0.2,0.25,True,1000,10.0,timeout,-0.0021,0.0031,0.0248,0.9021,0.1969,0.2257,0.2417,0.0072,0.3428,0.0267,0.9815,0.2685,20.0883,0.2985,3.336
3592,2,5,limp,0.9,0.2,0.25,False,632,6.32,isaac_reset,0.1017,0.002,0.0297,0.7988,0.198,0.2244,0.2388,0.0388,0.2669,0.0329,0.924,0.2938,19.9547,0.5365,3.336
3593,3,5,limp,0.9,0.2,0.25,False,53,0.53,isaac_reset,0.1741,-0.0125,0.0332,0.7266,0.2128,0.2369,0.2709,0.0425,0.2528,0.0514,0.857,0.3978,19.7494,0.8171,3.336
3594,4,5,limp,0.9,0.2,0.25,False,919,9.19,isaac_reset,0.0346,0.0026,0.0153,0.8654,0.1974,0.2358,0.244,0.0299,0.261,0.0102,0.9495,0.2778,19.7306,0.5841,3.336
3595,0,5,limp,0.9,0.2,0.5,True,1000,10.0,timeout,0.7245,0.0177,0.416,0.187,0.1823,0.1309,0.3354,0.0273,0.1198,0.0391,0.522,0.892,24.6475,2.7074,3.354
3596,1,5,limp,0.9,0.2,0.5,False,386,3.86,isaac_reset,0.143,0.0107,0.0887,0.7577,0.1937,0.4215,0.2507,0.034,0.2921,0.0335,0.8753,0.344,20.7882,1.0037,3.354
3597,2,5,limp,0.9,0.2,0.5,False,682,6.82,isaac_reset,0.1886,0.0005,0.1572,0.7124,0.1996,0.3544,0.2725,0.0444,0.3069,0.0361,0.8298,0.3683,20.4862,0.4293,3.354
3598,3,5,limp,0.9,0.2,0.5,False,228,2.28,isaac_reset,0.4098,0.0142,0.2709,0.4929,0.1867,0.2658,0.3144,0.0435,0.1776,0.0681,0.6238,0.5415,21.9938,0.6637,3.354
3599,4,5,limp,0.9,0.2,0.5,False,969,9.69,isaac_reset,0.0085,0.0043,0.0453,0.8915,0.1957,0.4549,0.2454,0.0206,0.3673,0.0214,0.9388,0.3,19.2308,0.4377,3.354
3600,0,5,limp,0.9,0.4,-0.5,True,1000,10.0,timeout,0.6126,0.129,-0.4212,0.3006,0.271,0.1006,0.3391,0.0279,0.1557,0.0281,0.514,0.862,25.0924,4.2597,3.356
3601,1,5,limp,0.9,0.4,-0.5,False,436,4.36,isaac_reset,0.1675,-0.0241,-0.1154,0.7328,0.4241,0.3865,0.2606,0.0278,0.1176,0.0293,0.912,0.303,23.2242,0.9641,3.356
3602,2,5,limp,0.9,0.4,-0.5,False,142,1.42,isaac_reset,0.2618,0.0189,-0.1293,0.6401,0.382,0.3718,0.3068,0.0426,0.1308,0.0659,0.7653,0.4808,20.1056,0.4281,3.356
3603,3,5,limp,0.9,0.4,-0.5,False,929,9.29,isaac_reset,0.0297,0.001,-0.0256,0.8703,0.399,0.4751,0.2295,0.029,0.2846,0.1162,0.9615,0.2623,16.2899,0.8401,3.356
3604,4,5,limp,0.9,0.4,-0.5,True,1000,10.0,timeout,0.1029,-0.0189,-0.1087,0.7972,0.4189,0.3913,0.2523,0.0079,0.2258,0.048,0.961,0.286,21.3264,1.4357,3.356
3605,0,5,limp,0.9,0.4,-0.25,True,1000,10.0,timeout,0.6224,0.1112,-0.1856,0.2893,0.2888,0.0892,0.3379,0.0281,0.1633,0.0301,0.5148,0.8463,24.9463,5.8297,3.364
3606,1,5,limp,0.9,0.4,-0.25,False,486,4.86,isaac_reset,0.0292,0.0058,-0.0155,0.8708,0.3942,0.2459,0.2354,0.0247,0.2142,0.066,0.977,0.2663,19.2058,1.0287,3.364
3607,2,5,limp,0.9,0.4,-0.25,False,522,5.22,isaac_reset,0.2111,0.0114,-0.0613,0.6901,0.3892,0.2096,0.2727,0.0428,0.1898,0.0464,0.8358,0.352,20.3931,0.641,3.364
3608,3,5,limp,0.9,0.4,-0.25,False,8,0.08,isaac_reset,0.1387,0.0071,-0.0472,0.7618,0.3933,0.2125,0.2648,0.0291,0.2277,0.0284,0.909,0.3103,20.1605,0.6803,3.364
3609,4,5,limp,0.9,0.4,-0.25,True,1000,10.0,timeout,0.1368,-0.0152,-0.0739,0.7639,0.4152,0.1833,0.2516,0.0143,0.2227,0.0303,0.953,0.284,21.5265,0.5472,3.364
3610,0,5,limp,0.9,0.4,0.0,False,13,0.13,isaac_reset,0.6477,0.0781,0.0314,0.2646,0.3219,0.0821,0.3361,0.0286,0.1431,0.0306,0.5235,0.8843,24.8268,6.2893,3.348
3611,1,5,limp,0.9,0.4,0.0,False,536,5.36,isaac_reset,0.2178,0.0231,0.0802,0.6838,0.377,0.1464,0.2895,0.0496,0.2176,0.0421,0.8193,0.4185,21.6222,0.7901,3.348
3612,2,5,limp,0.9,0.4,0.0,False,753,7.53,isaac_reset,0.135,0.0141,0.041,0.766,0.3859,0.1084,0.2691,0.0413,0.2514,0.0387,0.8755,0.3338,20.5311,0.7593,3.348
3613,3,5,limp,0.9,0.4,0.0,False,58,0.58,isaac_reset,0.0289,-0.0022,-0.0081,0.8711,0.4022,0.0391,0.2314,0.0262,0.1954,0.0829,0.9803,0.2653,17.9038,1.1532,3.348
3614,4,5,limp,0.9,0.4,0.0,True,1000,10.0,timeout,0.0351,0.0033,0.0013,0.8649,0.3967,0.0911,0.2441,0.0127,0.332,0.0231,0.946,0.2955,20.0643,1.5763,3.348
3615,0,5,limp,0.9,0.4,0.25,False,63,0.63,isaac_reset,0.5567,0.0625,0.1682,0.3527,0.3375,0.1324,0.3248,0.0294,0.1106,0.049,0.5328,0.6534,25.2466,6.1828,0.745
3616,1,5,limp,0.9,0.4,0.25,False,144,1.44,isaac_reset,0.5911,0.0787,0.3294,0.3183,0.3213,0.2109,0.3281,0.0314,0.1511,0.0793,0.5483,0.6345,23.778,0.3026,0.745
3617,2,5,limp,0.9,0.4,0.25,False,11,0.11,isaac_reset,0.5173,0.0727,0.2029,0.3917,0.3273,0.1471,0.3292,0.0309,0.1409,0.0777,0.5207,0.5517,23.4873,0.1852,0.745
3618,3,5,limp,0.9,0.4,0.25,False,108,1.08,isaac_reset,0.0916,0.0284,-0.0158,0.8084,0.3716,0.2658,0.2689,0.0492,0.22,0.0265,0.869,0.3552,19.0643,0.4525,0.745
3619,4,5,limp,0.9,0.4,0.25,False,19,0.19,isaac_reset,0.489,0.0112,0.0941,0.4148,0.3888,0.1569,0.3204,0.0337,0.1431,0.0347,0.5259,0.5328,24.1427,0.3277,0.745
3620,0,5,limp,0.9,0.4,0.5,False,968,9.68,isaac_reset,0.7105,0.051,0.4183,0.2026,0.349,0.1238,0.3362,0.0285,0.122,0.043,0.5265,0.8908,24.4568,0.6789,3.342
3621,1,5,limp,0.9,0.4,0.5,False,60,0.6,isaac_reset,0.1434,-0.001,0.1066,0.7567,0.401,0.3991,0.2683,0.0402,0.3066,0.0932,0.8478,0.4,21.3541,1.245,3.342
3622,2,5,limp,0.9,0.4,0.5,False,205,2.05,isaac_reset,0.2861,0.0008,0.1808,0.6161,0.3992,0.3279,0.2953,0.0437,0.175,0.2026,0.6718,0.5463,20.7069,0.2647,3.342
3623,3,5,limp,0.9,0.4,0.5,True,1000,10.0,timeout,0.015,-0.0039,0.0425,0.885,0.4039,0.4575,0.2493,0.0058,0.3876,0.0159,0.8883,0.3518,19.3397,0.3521,3.342
3624,4,5,limp,0.9,0.4,0.5,False,924,9.24,isaac_reset,0.0336,0.0017,0.0429,0.8664,0.3983,0.4572,0.2468,0.0262,0.3453,0.0171,0.9293,0.292,18.982,0.4758,3.342
3625,0,5,limp,1.2,-0.4,-0.5,True,1000,10.0,timeout,0.7968,0.0002,-0.4003,0.4032,0.4002,0.112,0.3385,0.0272,0.1412,0.0243,0.5118,0.8948,24.8773,3.1711,3.368
3626,1,5,limp,1.2,-0.4,-0.5,False,230,2.3,isaac_reset,0.1413,-0.0187,-0.0708,1.0587,0.3813,0.4315,0.2359,0.0417,0.1727,0.0632,0.9125,0.3093,19.6279,1.8964,3.368
3627,2,5,limp,1.2,-0.4,-0.5,False,630,6.3,isaac_reset,0.0135,-0.001,-0.0381,1.1865,0.399,0.4734,0.2336,0.023,0.2197,0.0877,0.9813,0.2605,16.4696,0.8863,3.368
3628,3,5,limp,1.2,-0.4,-0.5,False,149,1.49,isaac_reset,0.1345,-0.0226,-0.0193,1.0655,0.3774,0.4834,0.2353,0.0419,0.208,0.1743,0.8558,0.3575,18.8445,0.8081,3.368
3629,4,5,limp,1.2,-0.4,-0.5,False,219,2.19,isaac_reset,0.1192,0.0165,-0.0158,1.0808,0.4165,0.4917,0.2884,0.0412,0.1263,0.4349,0.574,0.7255,16.8848,0.8872,3.368
3630,0,5,limp,1.2,-0.4,-0.25,True,1000,10.0,timeout,0.8389,-0.0314,-0.1915,0.3611,0.3686,0.0917,0.3352,0.0279,0.1144,0.0283,0.5193,0.8918,24.5433,5.6632,3.387
3631,1,5,limp,1.2,-0.4,-0.25,False,280,2.8,isaac_reset,0.0341,-0.0043,-0.0147,1.1659,0.3957,0.2521,0.2094,0.0304,0.1531,0.0897,0.9783,0.2658,20.5038,1.4721,3.387
3632,2,5,limp,1.2,-0.4,-0.25,False,680,6.8,isaac_reset,0.2005,-0.0005,-0.0251,0.9995,0.3995,0.2414,0.2527,0.0561,0.1285,0.101,0.8468,0.3648,20.2439,1.0897,3.387
3633,3,5,limp,1.2,-0.4,-0.25,False,0,0.0,fall_height,0.1157,-0.01,-0.0449,1.0843,0.39,0.2154,0.2379,0.0397,0.2489,0.0799,0.9278,0.2955,17.8138,0.8862,3.387
3634,4,5,limp,1.2,-0.4,-0.25,False,149,1.49,isaac_reset,0.1996,-0.0516,0.0348,1.0004,0.3484,0.2996,0.272,0.0477,0.2085,0.1241,0.8085,0.4545,19.4096,0.724,3.387
3635,0,5,limp,1.2,-0.4,0.0,True,1000,10.0,timeout,0.8368,-0.0454,0.0006,0.3632,0.3546,0.0914,0.333,0.0265,0.1128,0.0349,0.5225,0.8655,24.7699,8.1559,3.376
3636,1,5,limp,1.2,-0.4,0.0,False,330,3.3,isaac_reset,0.276,-0.0362,0.0553,0.924,0.3638,0.1298,0.2627,0.06,0.1692,0.0952,0.7893,0.4458,21.3938,0.7248,3.376
3637,2,5,limp,1.2,-0.4,0.0,False,68,0.68,isaac_reset,0.246,-0.0275,0.021,0.954,0.3725,0.1078,0.2529,0.0532,0.2304,0.1024,0.7935,0.3983,20.6491,0.4863,3.376
3638,3,5,limp,1.2,-0.4,0.0,False,249,2.49,isaac_reset,0.0381,-0.0024,-0.0252,1.1619,0.3976,0.0932,0.2382,0.024,0.2688,0.0276,0.9698,0.274,18.363,1.3116,3.376
3639,4,5,limp,1.2,-0.4,0.0,False,374,3.74,isaac_reset,0.0314,-0.0038,0.0023,1.1686,0.3962,0.0616,0.2216,0.0314,0.2425,0.069,0.9693,0.2715,17.4364,0.6141,3.376
3640,0,5,limp,1.2,-0.4,0.25,False,18,0.18,isaac_reset,0.8173,-0.0485,0.1772,0.3827,0.3515,0.1205,0.3371,0.0283,0.0879,0.0377,0.5251,0.888,24.6517,5.5346,2.53
3641,1,5,limp,1.2,-0.4,0.25,False,727,7.27,isaac_reset,0.0221,-0.0045,0.0608,1.1779,0.3955,0.2251,0.2265,0.0128,0.2652,0.024,0.9904,0.2558,20.248,0.9447,2.53
3642,2,5,limp,1.2,-0.4,0.25,False,316,3.16,isaac_reset,0.0432,-0.0036,0.0085,1.1568,0.3964,0.243,0.2251,0.0307,0.262,0.0334,0.9691,0.2737,18.529,0.5821,2.53
3643,3,5,limp,1.2,-0.4,0.25,False,299,2.99,isaac_reset,0.3563,-0.0142,0.0473,0.8437,0.3858,0.2577,0.2804,0.0432,0.2361,0.0866,0.703,0.442,22.623,1.0858,2.53
3644,4,5,limp,1.2,-0.4,0.25,False,424,4.24,isaac_reset,0.0421,-0.0054,-0.0127,1.1579,0.3946,0.2627,0.2192,0.0326,0.2132,0.058,0.9609,0.273,15.8213,0.7624,2.53
3645,0,5,limp,1.2,-0.4,0.5,False,340,3.4,isaac_reset,0.8408,-0.0648,0.3879,0.3592,0.3352,0.1478,0.339,0.0273,0.0953,0.0389,0.5116,0.8868,24.5536,2.4873,2.858
3646,1,5,limp,1.2,-0.4,0.5,False,360,3.6,isaac_reset,0.3311,0.0055,0.2043,0.8689,0.4055,0.3336,0.2704,0.0438,0.2544,0.0405,0.7131,0.4601,23.573,0.0571,2.858
3647,2,5,limp,1.2,-0.4,0.5,False,638,6.38,isaac_reset,0.0385,-0.0037,0.0895,1.1615,0.3963,0.4105,0.2348,0.027,0.3431,0.0245,0.9553,0.2878,19.0338,0.1639,2.858
3648,3,5,limp,1.2,-0.4,0.5,False,838,8.38,isaac_reset,0.0984,-0.0083,0.0383,1.1016,0.3917,0.4646,0.2423,0.0115,0.3318,0.0271,0.8921,0.3456,22.1257,0.6525,2.858
3649,4,5,limp,1.2,-0.4,0.5,False,158,1.58,isaac_reset,0.2209,0.0072,0.1191,0.9791,0.4072,0.4158,0.2629,0.0427,0.3105,0.0377,0.7595,0.427,21.6385,1.7079,2.858
3650,0,5,limp,1.2,-0.2,-0.5,False,551,5.51,isaac_reset,0.7424,0.0185,-0.4026,0.4576,0.2185,0.1104,0.3371,0.0274,0.1471,0.0283,0.5118,0.843,25.0057,5.4212,3.355
3651,1,5,limp,1.2,-0.2,-0.5,True,1000,10.0,timeout,0.1237,-0.0045,-0.0626,1.0763,0.1955,0.4377,0.2309,0.0358,0.2262,0.0743,0.9298,0.2918,19.4067,1.5817,3.355
3652,2,5,limp,1.2,-0.2,-0.5,False,849,8.49,isaac_reset,0.1085,-0.0059,-0.0756,1.0915,0.1941,0.4284,0.2414,0.0422,0.2549,0.0655,0.927,0.3013,18.197,0.5663,3.355
3653,3,5,limp,1.2,-0.2,-0.5,False,61,0.61,isaac_reset,0.1763,-0.0045,-0.0834,1.0237,0.1956,0.4176,0.2485,0.0423,0.2239,0.0685,0.9018,0.318,18.8848,0.8434,3.355
3654,4,5,limp,1.2,-0.2,-0.5,False,700,7.0,isaac_reset,0.1995,-0.0015,-0.0936,1.0005,0.1985,0.4072,0.2556,0.0517,0.2387,0.0972,0.8453,0.3488,18.5146,1.1589,3.355
3655,0,5,limp,1.2,-0.2,-0.25,False,601,6.01,isaac_reset,0.7829,0.0078,-0.1919,0.4171,0.2078,0.0874,0.335,0.028,0.1572,0.0293,0.5082,0.853,25.187,2.11,3.112
3656,1,5,limp,1.2,-0.2,-0.25,False,36,0.36,isaac_reset,0.0291,-0.0029,-0.0147,1.1709,0.1971,0.2509,0.2224,0.0269,0.2145,0.0632,0.9745,0.2655,19.0408,1.4628,3.112
3657,2,5,limp,1.2,-0.2,-0.25,False,104,1.04,isaac_reset,0.3274,0.001,-0.0438,0.8726,0.201,0.2376,0.2694,0.0558,0.2065,0.0805,0.7807,0.403,20.3262,0.5874,3.112
3658,3,5,limp,1.2,-0.2,-0.25,False,111,1.11,isaac_reset,0.2959,-0.0082,-0.0704,0.9041,0.1918,0.1976,0.2706,0.0491,0.2074,0.0532,0.803,0.3753,20.5557,0.0722,3.112
3659,4,5,limp,1.2,-0.2,-0.25,False,919,9.19,isaac_reset,0.0468,-0.0162,-0.0466,1.1532,0.1839,0.2049,0.2377,0.0089,0.2603,0.0455,0.9829,0.2584,19.9546,0.4329,3.112
3660,0,5,limp,1.2,-0.2,0.0,False,731,7.31,isaac_reset,0.815,-0.0234,0.0222,0.385,0.1774,0.1137,0.3302,0.0292,0.1278,0.039,0.536,0.8303,25.0382,0.583,3.355
3661,1,5,limp,1.2,-0.2,0.0,False,166,1.66,isaac_reset,0.3916,-0.0062,0.0555,0.8084,0.1946,0.1727,0.2909,0.0574,0.1748,0.1069,0.6898,0.477,22.8268,1.3637,3.355
3662,2,5,limp,1.2,-0.2,0.0,False,406,4.06,isaac_reset,0.1268,-0.007,-0.0152,1.0732,0.193,0.0541,0.2363,0.0406,0.2471,0.0672,0.917,0.2928,18.9972,0.0776,3.355
3663,3,5,limp,1.2,-0.2,0.0,False,430,4.3,isaac_reset,0.047,-0.0032,-0.0166,1.153,0.1975,0.0783,0.2386,0.0256,0.2807,0.0378,0.9673,0.2773,18.4006,0.6485,3.355
3664,4,5,limp,1.2,-0.2,0.0,True,1000,10.0,timeout,0.0088,-0.0055,0.0052,1.1912,0.1956,0.0887,0.2365,0.0084,0.3395,0.0176,0.9843,0.2627,19.5932,0.3825,3.355
3665,0,5,limp,1.2,-0.2,0.25,False,436,4.36,isaac_reset,0.7082,-0.0358,0.2345,0.4918,0.1824,0.194,0.3192,0.0378,0.0979,0.1151,0.6173,0.723,24.282,1.3223,3.364
3666,1,5,limp,1.2,-0.2,0.25,False,156,1.56,isaac_reset,0.5283,0.0225,0.1196,0.6717,0.2226,0.2613,0.3157,0.04,0.1434,0.1746,0.5348,0.5723,23.0475,1.4723,3.364
3667,2,5,limp,1.2,-0.2,0.25,False,456,4.56,isaac_reset,0.0234,-0.0011,-0.0049,1.1766,0.1989,0.255,0.2206,0.0255,0.2392,0.0419,0.98,0.2638,17.893,1.0896,3.364
3668,3,5,limp,1.2,-0.2,0.25,False,480,4.8,isaac_reset,0.0557,-0.002,-0.0012,1.1443,0.1983,0.2598,0.2364,0.0244,0.2788,0.0267,0.9625,0.2808,19.0327,0.7116,3.364
3669,4,5,limp,1.2,-0.2,0.25,True,1000,10.0,timeout,0.115,-0.0073,0.0409,1.085,0.1927,0.2138,0.2458,0.0281,0.3091,0.0221,0.9255,0.3055,19.7403,1.5507,3.364
3670,0,5,limp,1.2,-0.2,0.5,False,273,2.73,isaac_reset,0.4789,-0.0393,0.2828,0.7211,0.1832,0.3132,0.3028,0.0441,0.1329,0.2081,0.5895,0.589,24.6351,1.8066,1.931
3671,1,5,limp,1.2,-0.2,0.5,False,69,0.69,isaac_reset,0.4785,-0.0279,0.2923,0.7215,0.188,0.3042,0.3153,0.0462,0.1435,0.1668,0.5758,0.5443,22.513,0.2465,1.931
3672,2,5,limp,1.2,-0.2,0.5,False,506,5.06,isaac_reset,0.0138,-0.0149,0.1198,1.1862,0.1851,0.3806,0.2334,0.0307,0.3547,0.0304,0.9524,0.2867,19.1825,0.5908,1.931
3673,3,5,limp,1.2,-0.2,0.5,False,530,5.3,isaac_reset,0.055,-0.017,0.0667,1.145,0.183,0.4336,0.2395,0.0125,0.3577,0.0252,0.9153,0.3249,21.093,0.6108,1.931
3674,4,5,limp,1.2,-0.2,0.5,False,371,3.71,isaac_reset,0.2748,0.0258,0.1093,0.9252,0.2277,0.4073,0.2758,0.0459,0.2536,0.043,0.7236,0.4284,21.0575,1.7997,1.931
3675,0,5,limp,1.2,0.0,-0.5,False,175,1.75,isaac_reset,0.7633,0.0451,-0.2056,0.4367,0.0797,0.3204,0.3196,0.0358,0.1462,0.0718,0.645,0.7698,25.3189,5.8333,3.353
3676,1,5,limp,1.2,0.0,-0.5,False,129,1.29,isaac_reset,0.5941,0.0376,-0.1737,0.6059,0.0876,0.3363,0.3149,0.0418,0.1445,0.0741,0.6228,0.5843,23.6357,0.6602,3.353
3677,2,5,limp,1.2,0.0,-0.5,False,45,0.45,isaac_reset,0.2533,0.014,-0.1036,0.9467,0.0278,0.4011,0.2664,0.0477,0.2274,0.072,0.8298,0.3595,20.1649,1.8739,3.353
3678,3,5,limp,1.2,0.0,-0.5,True,1000,10.0,timeout,0.0444,-0.0116,-0.0609,1.1556,0.0316,0.4391,0.2333,0.0085,0.2468,0.0711,0.9943,0.2553,18.3611,0.7309,3.353
3679,4,5,limp,1.2,0.0,-0.5,False,890,8.9,isaac_reset,0.1488,-0.0271,-0.1583,1.0512,0.0798,0.3433,0.2579,0.0274,0.2301,0.0586,0.917,0.2898,20.9646,0.3638,3.353
3680,0,5,limp,1.2,0.0,-0.25,False,225,2.25,isaac_reset,0.7882,0.0314,-0.0455,0.4118,0.0661,0.2648,0.3184,0.0328,0.1686,0.0658,0.6243,0.7398,26.2116,4.3334,3.353
3681,1,5,limp,1.2,0.0,-0.25,False,236,2.36,isaac_reset,0.3611,-0.0,-0.0478,0.8389,0.0469,0.2294,0.2814,0.0569,0.1643,0.0759,0.778,0.426,21.1406,1.0402,3.353
3682,2,5,limp,1.2,0.0,-0.25,False,262,2.62,isaac_reset,0.0422,-0.0072,-0.0421,1.1578,0.0431,0.2283,0.238,0.0235,0.2678,0.0611,0.9745,0.2675,18.2347,1.0829,3.353
3683,3,5,limp,1.2,0.0,-0.25,True,1000,10.0,timeout,0.064,-0.0105,-0.0569,1.136,0.0682,0.2034,0.2402,0.0075,0.242,0.0337,0.9925,0.2545,19.8162,0.7089,3.353
3684,4,5,limp,1.2,0.0,-0.25,False,940,9.4,isaac_reset,0.0471,-0.0072,-0.0371,1.1529,0.0761,0.2294,0.2472,0.0208,0.2687,0.0552,0.9638,0.2663,19.2068,0.5592,3.353
3685,0,5,limp,1.2,0.0,0.0,False,275,2.75,isaac_reset,0.8011,0.0092,0.0392,0.3989,0.0489,0.1152,0.3295,0.031,0.138,0.0456,0.5455,0.8173,25.2094,1.5144,3.37
3686,1,5,limp,1.2,0.0,0.0,False,545,5.45,isaac_reset,0.2429,-0.0032,0.0296,0.9571,0.0601,0.1278,0.2633,0.0461,0.2161,0.0392,0.8403,0.354,22.3989,0.7569,3.37
3687,2,5,limp,1.2,0.0,0.0,False,312,3.12,isaac_reset,0.1641,-0.0039,0.0304,1.0359,0.0372,0.1065,0.2702,0.0465,0.1766,0.2712,0.6808,0.5558,19.6978,0.4549,3.37
3688,3,5,limp,1.2,0.0,0.0,True,1000,10.0,timeout,0.16,-0.0145,-0.0063,1.04,0.0639,0.0828,0.2452,0.0345,0.2531,0.0236,0.9083,0.3038,20.3841,1.6775,3.37
3689,4,5,limp,1.2,0.0,0.0,False,0,0.0,fall_height,0.0004,-0.0002,-0.0028,1.1996,0.006,0.0165,0.1926,0.0206,0.2631,0.1668,0.9918,0.2505,18.3675,0.7307,3.37
3690,0,5,limp,1.2,0.0,0.25,False,325,3.25,isaac_reset,0.7397,-0.0047,0.2084,0.4603,0.0699,0.1736,0.3235,0.0383,0.1029,0.0926,0.5773,0.7553,24.7882,4.8851,3.351
3691,1,5,limp,1.2,0.0,0.25,False,768,7.68,isaac_reset,0.0362,-0.0039,0.0441,1.1638,0.0697,0.2158,0.2388,0.0227,0.2952,0.0226,0.9705,0.2688,20.4984,0.6145,3.351
3692,2,5,limp,1.2,0.0,0.25,False,47,0.47,isaac_reset,0.2449,-0.0168,0.1107,0.9551,0.0512,0.2082,0.264,0.0604,0.21,0.1163,0.789,0.4463,19.7233,1.1685,3.351
3693,3,5,limp,1.2,0.0,0.25,False,49,0.49,isaac_reset,0.4327,-0.0167,0.1434,0.7673,0.0675,0.213,0.3008,0.0532,0.1788,0.0945,0.687,0.5185,20.8718,1.2546,3.351
3694,4,5,limp,1.2,0.0,0.25,True,1000,10.0,timeout,0.0538,-0.0041,0.0268,1.1462,0.0478,0.2267,0.2291,0.0194,0.2994,0.0389,0.9725,0.276,18.5776,1.209,3.351
3695,0,5,limp,1.2,0.0,0.5,False,90,0.9,isaac_reset,0.8153,-0.0227,0.3883,0.3847,0.0474,0.1519,0.3306,0.0292,0.1244,0.0544,0.5218,0.7975,25.1192,3.888,2.404
3696,1,5,limp,1.2,0.0,0.5,False,65,0.65,isaac_reset,0.4914,-0.0105,0.2851,0.7086,0.0606,0.2525,0.2968,0.0473,0.1961,0.0738,0.5951,0.5134,24.1565,0.9786,2.404
3697,2,5,limp,1.2,0.0,0.5,False,374,3.74,isaac_reset,0.1678,-0.0089,0.1277,1.0322,0.0595,0.3728,0.2505,0.0399,0.2963,0.0366,0.8843,0.3284,19.9682,0.5883,2.404
3698,3,5,limp,1.2,0.0,0.5,False,688,6.88,isaac_reset,0.0476,-0.0129,0.0527,1.1524,0.0426,0.4474,0.2404,0.01,0.3416,0.0156,0.9398,0.3059,20.0237,1.3616,2.404
3699,4,5,limp,1.2,0.0,0.5,False,469,4.69,isaac_reset,0.0734,0.025,0.0909,1.1266,0.0873,0.4261,0.2452,0.0297,0.3324,0.0266,0.8603,0.369,20.226,1.2515,2.404
3700,0,5,limp,1.2,0.2,-0.5,False,451,4.51,isaac_reset,0.7722,0.0873,-0.4293,0.4278,0.1153,0.1045,0.3363,0.0323,0.14,0.0383,0.5193,0.8598,24.8518,6.6764,3.36
3701,1,5,limp,1.2,0.2,-0.5,False,772,7.72,isaac_reset,0.136,0.0015,-0.0717,1.0641,0.1985,0.4304,0.2345,0.0365,0.231,0.0607,0.9275,0.2993,19.6221,1.0242,3.36
3702,2,5,limp,1.2,0.2,-0.5,False,735,7.35,isaac_reset,0.1027,-0.0193,-0.1453,1.0973,0.2193,0.3746,0.2446,0.0228,0.237,0.0601,0.9685,0.274,19.5633,0.2241,3.36
3703,3,5,limp,1.2,0.2,-0.5,True,1000,10.0,timeout,-0.0002,-0.0004,0.0006,1.2002,0.2004,0.5006,0.2175,0.0011,0.257,0.1266,1.0,0.25,17.8109,0.2451,3.36
3704,4,5,limp,1.2,0.2,-0.5,False,830,8.3,isaac_reset,0.1752,-0.0071,-0.111,1.0248,0.2107,0.3892,0.2586,0.036,0.2399,0.0647,0.8948,0.3083,21.4754,1.1004,3.36
3705,0,5,limp,1.2,0.2,-0.25,False,501,5.01,isaac_reset,0.7915,0.0604,-0.1927,0.4085,0.1396,0.0905,0.3329,0.0307,0.1581,0.0341,0.5098,0.838,25.3517,2.5909,3.37
3706,1,5,limp,1.2,0.2,-0.25,False,822,8.22,isaac_reset,0.0548,-0.0077,-0.0228,1.1452,0.2077,0.2444,0.2302,0.026,0.2243,0.0488,0.9745,0.2663,20.6996,0.6466,3.37
3707,2,5,limp,1.2,0.2,-0.25,False,785,7.85,isaac_reset,0.2141,-0.006,-0.0832,0.9859,0.2067,0.2193,0.2611,0.0399,0.2252,0.0603,0.8863,0.3365,21.4092,0.5677,3.37
3708,3,5,limp,1.2,0.2,-0.25,True,1000,10.0,timeout,0.0491,-0.0047,-0.0365,1.1509,0.2047,0.2171,0.2447,0.0076,0.2451,0.0326,0.9918,0.2548,19.5263,0.8616,3.37
3709,4,5,limp,1.2,0.2,-0.25,False,205,2.05,isaac_reset,0.2721,0.0011,-0.0183,0.9279,0.2011,0.2691,0.2883,0.0439,0.1799,0.2386,0.6643,0.5197,20.0702,1.2541,3.37
3710,0,5,limp,1.2,0.2,0.0,False,551,5.51,isaac_reset,0.8078,0.0426,0.0273,0.3922,0.1574,0.0758,0.3341,0.0291,0.1604,0.0306,0.5113,0.84,25.0622,2.0745,3.352
3711,1,5,limp,1.2,0.2,0.0,False,872,8.72,isaac_reset,0.0549,-0.0078,0.0177,1.1451,0.2078,0.1174,0.2371,0.0254,0.2364,0.027,0.971,0.2705,21.8724,0.7562,3.352
3712,2,5,limp,1.2,0.2,0.0,True,1000,10.0,timeout,0.0467,-0.0029,0.0078,1.1533,0.2029,0.1121,0.2321,0.0112,0.3059,0.0371,0.9885,0.2595,19.5636,1.2667,3.352
3713,3,5,limp,1.2,0.2,0.0,False,353,3.53,fall_height,0.03,-0.001,-0.0167,1.17,0.2011,0.046,0.2261,0.0268,0.2629,0.0824,0.9813,0.2648,17.5477,0.6029,3.352
3714,4,5,limp,1.2,0.2,0.0,False,620,6.2,isaac_reset,0.2288,0.0109,0.0562,0.9712,0.1908,0.104,0.2723,0.0526,0.2272,0.0502,0.8278,0.3665,20.1407,0.36,3.352
3715,0,5,limp,1.2,0.2,0.25,False,601,6.01,isaac_reset,0.8252,0.0247,0.1949,0.3748,0.1753,0.0986,0.3348,0.0289,0.1334,0.0407,0.522,0.8398,24.6709,1.2034,3.342
3716,1,5,limp,1.2,0.2,0.25,False,922,9.22,isaac_reset,0.0536,-0.0057,0.0813,1.1464,0.2064,0.197,0.2393,0.0299,0.2954,0.0229,0.947,0.2728,21.5478,0.4899,3.342
3717,2,5,limp,1.2,0.2,0.25,True,1000,10.0,timeout,0.0691,-0.005,0.0333,1.1309,0.205,0.2206,0.2258,0.0249,0.2969,0.0777,0.969,0.2725,18.3581,0.4979,3.342
3718,3,5,limp,1.2,0.2,0.25,False,49,0.49,isaac_reset,0.0453,-0.0031,0.0138,1.1547,0.2031,0.2391,0.242,0.0223,0.2985,0.0199,0.9668,0.2775,18.7816,0.822,3.342
3719,4,5,limp,1.2,0.2,0.25,False,403,4.03,fall_height,0.1193,0.0054,0.0233,1.0807,0.1946,0.2286,0.2321,0.0388,0.2704,0.0375,0.9285,0.301,19.4313,0.7065,3.342
3720,0,5,limp,1.2,0.2,0.5,False,651,6.51,isaac_reset,0.8672,0.005,0.378,0.3328,0.1954,0.1545,0.3329,0.0298,0.104,0.0522,0.5312,0.8793,24.5397,0.5693,3.342
3721,1,5,limp,1.2,0.2,0.5,False,972,9.72,isaac_reset,0.0221,-0.0157,0.1541,1.1779,0.2157,0.348,0.2321,0.0232,0.3211,0.0259,0.961,0.2728,21.3096,0.4507,3.342
3722,2,5,limp,1.2,0.2,0.5,True,1000,10.0,timeout,0.0317,-0.0091,0.0989,1.1683,0.2093,0.4018,0.2364,0.0132,0.3575,0.0262,0.9705,0.2715,19.1952,0.6332,3.342
3723,3,5,limp,1.2,0.2,0.5,False,99,0.99,isaac_reset,0.3677,0.0051,0.2082,0.8323,0.1949,0.3138,0.2815,0.0501,0.2315,0.0497,0.724,0.4225,22.0733,1.633,3.342
3724,4,5,limp,1.2,0.2,0.5,False,39,0.39,isaac_reset,0.0474,-0.0087,0.0957,1.1526,0.2093,0.4051,0.2397,0.0244,0.3607,0.0193,0.9083,0.332,19.8046,0.6318,3.342
3725,0,5,limp,1.2,0.4,-0.5,False,701,7.01,isaac_reset,0.7491,0.1079,-0.4235,0.4509,0.2921,0.1047,0.3337,0.0312,0.1522,0.0421,0.5153,0.8305,25.0248,2.8989,3.351
3726,1,5,limp,1.2,0.4,-0.5,True,1000,10.0,timeout,0.0695,-0.0073,-0.0252,1.1305,0.4073,0.4748,0.2366,0.0114,0.2209,0.0722,0.9873,0.2613,19.5867,1.3955,3.351
3727,2,5,limp,1.2,0.4,-0.5,False,15,0.15,isaac_reset,0.0197,0.0003,-0.0325,1.1803,0.3997,0.4792,0.2264,0.0247,0.2407,0.1025,0.982,0.2638,17.527,0.5526,3.351
3728,3,5,limp,1.2,0.4,-0.5,False,482,4.82,isaac_reset,0.3442,0.0283,-0.1552,0.8558,0.3719,0.3522,0.2779,0.052,0.1905,0.0685,0.7685,0.4008,21.0327,0.5399,3.351
3729,4,5,limp,1.2,0.4,-0.5,False,89,0.89,isaac_reset,0.1585,-0.0075,-0.1302,1.0415,0.4075,0.3721,0.2594,0.0283,0.2566,0.0646,0.8948,0.313,21.2476,1.0378,3.351
3730,0,5,limp,1.2,0.4,-0.25,False,751,7.51,isaac_reset,0.7855,0.0993,-0.1827,0.4148,0.3007,0.0933,0.3351,0.0301,0.1699,0.0336,0.5115,0.8308,24.9746,0.7636,3.355
3731,1,5,limp,1.2,0.4,-0.25,True,1000,10.0,timeout,0.006,-0.0037,0.0029,1.194,0.4037,0.2531,0.231,0.0075,0.2544,0.034,0.9975,0.251,19.3717,1.5584,3.355
3732,2,5,limp,1.2,0.4,-0.25,False,30,0.3,fall_height,0.3483,0.0371,-0.1013,0.8517,0.3629,0.2201,0.2924,0.0529,0.1607,0.1456,0.7183,0.4888,20.6857,1.3438,3.355
3733,3,5,limp,1.2,0.4,-0.25,False,868,8.68,isaac_reset,0.1567,-0.0024,-0.0685,1.0433,0.4024,0.1882,0.2534,0.0328,0.2225,0.0279,0.9255,0.2933,21.0274,0.0979,3.355
3734,4,5,limp,1.2,0.4,-0.25,False,139,1.39,isaac_reset,0.0718,-0.0039,-0.0458,1.1282,0.4039,0.2222,0.2506,0.0215,0.2736,0.0485,0.9535,0.2825,20.1941,0.5785,3.355
3735,0,5,limp,1.2,0.4,0.0,False,801,8.01,isaac_reset,0.8035,0.0775,0.0338,0.3965,0.3225,0.075,0.3328,0.0289,0.1657,0.0336,0.5123,0.845,25.1886,0.4164,3.351
3736,1,5,limp,1.2,0.4,0.0,True,1000,10.0,timeout,0.1109,-0.0006,0.0365,1.0891,0.4006,0.0901,0.2482,0.0257,0.2612,0.0315,0.9378,0.2913,21.5477,1.0135,3.351
3737,2,5,limp,1.2,0.4,0.0,False,618,6.18,isaac_reset,0.1788,-0.0006,0.0583,1.0212,0.4006,0.1811,0.268,0.0486,0.2348,0.1189,0.8108,0.4128,20.703,2.0511,3.351
3738,3,5,limp,1.2,0.4,0.0,False,111,1.11,isaac_reset,0.2169,0.011,0.0254,0.9831,0.389,0.1076,0.2627,0.0406,0.2589,0.0268,0.8758,0.3305,20.6049,0.5942,3.351
3739,4,5,limp,1.2,0.4,0.0,False,189,1.89,isaac_reset,0.1265,0.0021,0.0118,1.0735,0.3979,0.0887,0.254,0.0317,0.3059,0.0217,0.9033,0.318,20.6109,0.9051,3.351
3740,0,5,limp,1.2,0.4,0.25,False,851,8.51,isaac_reset,0.8238,0.0492,0.2488,0.3762,0.3508,0.0594,0.3363,0.021,0.1033,0.0482,0.5138,0.9365,25.7627,0.4613,3.34
3741,1,5,limp,1.2,0.4,0.25,False,22,0.22,isaac_reset,0.1237,-0.0029,0.0748,1.0763,0.4029,0.188,0.2481,0.0313,0.3095,0.033,0.9193,0.286,21.0135,0.7407,3.34
3742,2,5,limp,1.2,0.4,0.25,True,1000,10.0,timeout,0.0627,-0.0077,0.0725,1.1373,0.4077,0.1974,0.2319,0.0162,0.3494,0.0321,0.973,0.272,19.9879,1.3608,3.34
3743,3,5,limp,1.2,0.4,0.25,False,161,1.61,isaac_reset,0.1344,0.0081,0.0332,1.0656,0.3919,0.2236,0.2419,0.0386,0.2578,0.0311,0.9235,0.2983,19.4065,0.1523,3.34
3744,4,5,limp,1.2,0.4,0.25,False,239,2.39,isaac_reset,0.3424,0.0227,0.132,0.8576,0.3773,0.1971,0.2741,0.0558,0.2392,0.0637,0.7593,0.4073,21.3326,0.394,3.34
3745,0,5,limp,1.2,0.4,0.5,False,901,9.01,isaac_reset,0.8706,0.0291,0.4207,0.3294,0.3709,0.0982,0.3358,0.0224,0.0786,0.0503,0.5133,0.9363,25.5409,1.3187,3.356
3746,1,5,limp,1.2,0.4,0.5,False,72,0.72,isaac_reset,0.5952,0.0371,0.3731,0.6048,0.3629,0.2236,0.3192,0.0378,0.158,0.0844,0.5455,0.538,24.1607,0.5362,3.356
3747,2,5,limp,1.2,0.4,0.5,True,1000,10.0,timeout,0.1107,-0.0059,0.1363,1.0893,0.4059,0.3649,0.2386,0.0261,0.3525,0.0305,0.9303,0.3078,20.2605,0.7169,3.356
3748,3,5,limp,1.2,0.4,0.5,False,211,2.11,isaac_reset,0.2241,-0.0066,0.1533,0.9759,0.4066,0.3895,0.279,0.0509,0.2482,0.0576,0.8038,0.4405,20.1772,1.0991,3.356
3749,4,5,limp,1.2,0.4,0.5,False,629,6.29,isaac_reset,0.2379,0.0105,0.2061,0.9621,0.3895,0.3229,0.2718,0.0501,0.2924,0.0417,0.7698,0.3995,21.1957,1.4369,3.356
3750,0,6,stand,0.0,0.0,0.0,False,951,9.51,isaac_reset,-0.0018,0.0004,-0.0015,0.0018,0.0011,0.0037,0.3101,0.009,0.0181,0.1805,0.993,0.9938,14.3558,0.8975,3.282
3751,1,6,stand,0.0,0.0,0.0,False,989,9.89,isaac_reset,-0.0021,0.0009,-0.0023,0.0021,0.001,0.0027,0.311,0.0082,0.0121,0.1374,0.9928,0.9928,11.9777,1.26,3.282
3752,2,6,stand,0.0,0.0,0.0,True,1000,10.0,timeout,-0.0023,-0.0005,-0.0045,0.0023,0.0014,0.0047,0.3134,0.001,0.0258,0.1778,1.0,1.0,14.8641,1.4805,3.282
3753,3,6,stand,0.0,0.0,0.0,False,613,6.13,isaac_reset,-0.0025,-0.0012,-0.0092,0.0027,0.0029,0.0129,0.3328,0.0168,0.0428,0.1298,0.9928,0.9933,15.3659,1.0563,3.282
3754,4,6,stand,0.0,0.0,0.0,True,1000,10.0,timeout,-0.0003,-0.0004,-0.0024,0.0006,0.0004,0.0024,0.3142,0.0001,0.024,0.1605,1.0,1.0,12.2722,0.0282,3.282
3755,0,7,run,0.0,-0.4,-0.5,True,1000,10.0,timeout,0.151,-0.0627,-0.4647,0.151,0.3373,0.0986,0.3031,0.0337,0.0536,0.021,0.5753,0.7553,25.0827,0.4647,3.416
3756,1,7,run,0.0,-0.4,-0.5,False,289,2.89,isaac_reset,0.0138,-0.0726,-0.283,0.0812,0.337,0.2966,0.3043,0.0268,0.1799,0.1757,0.665,0.7,20.2584,0.8497,3.416
3757,2,7,run,0.0,-0.4,-0.5,False,31,0.31,isaac_reset,-0.0122,-0.0026,-0.0929,0.0302,0.3974,0.4176,0.3021,0.0172,0.0704,0.2396,0.8165,0.6025,16.2604,0.392,3.416
3758,3,7,run,0.0,-0.4,-0.5,False,663,6.63,isaac_reset,0.0009,0.0147,-0.1835,0.0639,0.4147,0.333,0.3103,0.0202,0.1206,0.1972,0.7683,0.6075,17.2556,0.9906,3.416
3759,4,7,run,0.0,-0.4,-0.5,False,146,1.46,fall_height,0.0912,0.0263,-0.2096,0.0914,0.4263,0.2925,0.2147,0.0318,0.184,0.0693,0.8668,0.1333,21.9108,0.479,3.416
3760,0,7,run,0.0,-0.4,-0.25,True,1000,10.0,timeout,0.1852,-0.0658,-0.266,0.1852,0.3342,0.1089,0.2994,0.0358,0.0247,0.0401,0.559,0.794,24.9276,0.6964,3.431
3761,1,7,run,0.0,-0.4,-0.25,False,36,0.36,fall_height,0.0069,-0.0204,-0.1856,0.1297,0.3796,0.1645,0.2781,0.0416,0.0751,0.1989,0.795,0.492,23.64,0.2836,3.431
3762,2,7,run,0.0,-0.4,-0.25,False,81,0.81,isaac_reset,0.0111,0.037,-0.2271,0.0983,0.437,0.2204,0.3136,0.0247,0.169,0.1358,0.6825,0.6415,18.0952,0.1591,3.431
3763,3,7,run,0.0,-0.4,-0.25,True,1000,10.0,timeout,-0.0185,0.007,-0.0258,0.0214,0.407,0.2389,0.3003,0.011,0.1689,0.2453,0.8478,0.6503,14.7755,0.1144,3.431
3764,4,7,run,0.0,-0.4,-0.25,True,1000,10.0,timeout,0.373,0.0405,0.0002,0.373,0.4405,0.253,0.2726,0.0139,0.0487,0.0977,0.517,0.483,21.5256,2.8314,3.431
3765,0,7,run,0.0,-0.4,0.0,True,1000,10.0,timeout,0.1567,-0.0474,-0.0213,0.1569,0.3526,0.0924,0.3025,0.0347,0.0595,0.0282,0.5655,0.7685,25.0769,2.597,3.449
3766,1,7,run,0.0,-0.4,0.0,False,42,0.42,isaac_reset,0.0919,-0.1344,-0.1467,0.1325,0.2978,0.2106,0.3032,0.0414,0.1208,0.0977,0.6455,0.6215,21.4525,0.4541,3.449
3767,2,7,run,0.0,-0.4,0.0,False,569,5.69,isaac_reset,0.0773,-0.0185,0.0501,0.096,0.3815,0.0774,0.2963,0.0257,0.1444,0.1805,0.7288,0.5765,17.975,0.9092,3.449
3768,3,7,run,0.0,-0.4,0.0,False,144,1.44,isaac_reset,-0.0067,0.0018,0.0204,0.0586,0.4018,0.1146,0.2991,0.0312,0.2207,0.1737,0.6803,0.6888,17.9611,0.5933,3.449
3769,4,7,run,0.0,-0.4,0.0,False,13,0.13,isaac_reset,0.178,0.0253,-0.0073,0.1784,0.4253,0.0786,0.2257,0.0456,0.1624,0.0988,0.785,0.211,21.501,2.1027,3.449
3770,0,7,run,0.0,-0.4,0.25,False,1,0.01,isaac_reset,0.1596,-0.0582,0.1441,0.1601,0.3418,0.1358,0.3012,0.037,0.0401,0.046,0.5438,0.7968,25.2487,1.2269,2.137
3771,1,7,run,0.0,-0.4,0.25,False,300,3.0,isaac_reset,-0.0635,-0.0403,0.0614,0.1267,0.3597,0.29,0.3072,0.0238,0.103,0.1941,0.6151,0.5729,24.7999,0.2376,2.137
3772,2,7,run,0.0,-0.4,0.25,False,592,5.92,isaac_reset,0.2834,0.0599,0.0478,0.3342,0.4599,0.2413,0.2795,0.015,0.1696,0.136,0.5628,0.5603,20.7023,0.9277,2.137
3773,3,7,run,0.0,-0.4,0.25,False,300,3.0,isaac_reset,0.0068,0.0117,0.0362,0.0643,0.4117,0.2411,0.3058,0.0218,0.2478,0.123,0.7222,0.6522,16.8451,0.3181,2.137
3774,4,7,run,0.0,-0.4,0.25,False,2,0.02,fall_height,0.0797,-0.0008,0.0442,0.1136,0.3992,0.2231,0.2916,0.0353,0.1562,0.2002,0.6804,0.6644,17.4772,1.7054,2.137
3775,0,7,run,0.0,-0.4,0.5,False,458,4.58,isaac_reset,0.1805,-0.0358,0.3716,0.1805,0.3642,0.1565,0.3017,0.0335,0.0462,0.0427,0.5436,0.8083,25.2185,0.4372,1.725
3776,1,7,run,0.0,-0.4,0.5,False,333,3.33,isaac_reset,-0.0335,0.0028,0.1016,0.1567,0.4028,0.4094,0.3026,0.0237,0.1513,0.3446,0.4989,0.4755,24.8796,0.129,1.725
3777,2,7,run,0.0,-0.4,0.5,False,420,4.2,isaac_reset,0.0612,-0.0784,0.2224,0.1173,0.3406,0.3069,0.304,0.0216,0.1116,0.2246,0.6923,0.6552,20.0174,0.1116,1.725
3778,3,7,run,0.0,-0.4,0.5,False,47,0.47,isaac_reset,0.2695,0.0204,0.366,0.2706,0.4204,0.1581,0.2855,0.0354,0.1477,0.0722,0.5359,0.4499,21.9249,0.4086,1.725
3779,4,7,run,0.0,-0.4,0.5,False,274,2.74,isaac_reset,0.0185,-0.1172,0.2787,0.0892,0.2864,0.3048,0.2951,0.0351,0.1949,0.2193,0.6895,0.6678,20.0665,0.5387,1.725
3780,0,7,run,0.0,-0.2,-0.5,True,1000,10.0,timeout,0.1103,0.0242,-0.3741,0.1109,0.2242,0.1423,0.3159,0.0142,0.1047,0.0213,0.453,0.859,25.2087,0.5698,3.417
3781,1,7,run,0.0,-0.2,-0.5,False,132,1.32,isaac_reset,0.0144,-0.0035,-0.2537,0.1492,0.1988,0.2761,0.3089,0.0289,0.0856,0.1486,0.6048,0.6345,23.6643,0.2972,3.417
3782,2,7,run,0.0,-0.2,-0.5,True,1000,10.0,timeout,-0.0198,0.0065,-0.0249,0.0198,0.2065,0.4767,0.2975,0.0074,0.0759,0.2645,0.9165,0.583,16.5866,0.1414,3.417
3783,3,7,run,0.0,-0.2,-0.5,False,638,6.38,isaac_reset,0.3063,0.0462,-0.2004,0.3068,0.2462,0.3064,0.2573,0.0454,0.0645,0.0895,0.617,0.3883,21.5701,0.5657,3.417
3784,4,7,run,0.0,-0.2,-0.5,False,58,0.58,isaac_reset,0.022,0.0085,-0.2286,0.0799,0.2123,0.3099,0.3125,0.0269,0.1637,0.1561,0.6585,0.6248,19.135,0.9115,3.417
3785,0,7,run,0.0,-0.2,-0.25,True,1000,10.0,timeout,0.21,-0.0313,-0.2035,0.21,0.1687,0.0873,0.3293,0.01,0.0601,0.0319,0.4198,0.8783,24.2495,1.6119,3.404
3786,1,7,run,0.0,-0.2,-0.25,False,651,6.51,isaac_reset,0.215,-0.022,-0.2352,0.2157,0.1782,0.1231,0.2983,0.041,0.0589,0.062,0.6228,0.668,22.4073,0.4316,3.404
3787,2,7,run,0.0,-0.2,-0.25,False,7,0.07,isaac_reset,0.1328,0.0389,-0.2175,0.1966,0.2453,0.2274,0.304,0.0358,0.163,0.0855,0.5668,0.5768,19.9975,0.5804,3.404
3788,3,7,run,0.0,-0.2,-0.25,False,8,0.08,fall_height,0.1351,0.0196,-0.1637,0.1487,0.2196,0.1381,0.243,0.0531,0.1402,0.0472,0.7965,0.2925,21.4004,0.1947,3.404
3789,4,7,run,0.0,-0.2,-0.25,False,482,4.82,isaac_reset,0.0128,0.0272,-0.1486,0.0627,0.2272,0.1866,0.312,0.0198,0.1686,0.1474,0.7,0.6463,18.5435,0.5952,3.404
3790,0,7,run,0.0,-0.2,0.0,True,1000,10.0,timeout,0.2438,-0.0886,-0.0787,0.2443,0.1115,0.1074,0.3303,0.0124,0.0225,0.065,0.4065,0.9,24.2812,1.0032,3.398
3791,1,7,run,0.0,-0.2,0.0,False,701,7.01,isaac_reset,0.1938,-0.0291,-0.0508,0.1955,0.1709,0.0998,0.3041,0.0393,0.031,0.0449,0.5408,0.7943,23.737,0.9333,3.398
3792,2,7,run,0.0,-0.2,0.0,False,180,1.8,isaac_reset,0.0597,0.0545,-0.1595,0.1666,0.2545,0.2614,0.2973,0.0431,0.2171,0.0923,0.642,0.5865,19.7945,0.192,3.398
3793,3,7,run,0.0,-0.2,0.0,True,1000,10.0,timeout,-0.0149,0.0117,-0.0225,0.0176,0.2117,0.0328,0.2952,0.0106,0.2618,0.1617,0.822,0.6615,15.1665,1.2304,3.398
3794,4,7,run,0.0,-0.2,0.0,False,857,8.57,isaac_reset,0.0287,-0.0015,-0.0005,0.0318,0.1985,0.0277,0.2928,0.0166,0.1905,0.1902,0.8383,0.5893,14.8051,0.4136,3.398
3795,0,7,run,0.0,-0.2,0.25,False,49,0.49,isaac_reset,0.2247,-0.0128,0.1801,0.2252,0.1872,0.1139,0.3292,0.0122,0.0649,0.0479,0.4163,0.859,23.9455,3.0063,3.105
3796,1,7,run,0.0,-0.2,0.25,False,751,7.51,isaac_reset,0.1657,-0.0277,0.1387,0.1663,0.1723,0.1363,0.3067,0.0362,0.0376,0.0391,0.5336,0.7583,23.7573,0.6955,3.105
3797,2,7,run,0.0,-0.2,0.25,False,120,1.2,fall_height,0.1,0.016,0.1028,0.1695,0.216,0.1952,0.2868,0.0451,0.1769,0.1306,0.6567,0.5061,22.7929,0.4489,3.105
3798,3,7,run,0.0,-0.2,0.25,False,292,2.92,isaac_reset,0.0441,0.0394,0.0885,0.1068,0.2401,0.2117,0.2949,0.0394,0.1741,0.1637,0.6536,0.6451,20.4435,1.3082,3.105
3799,4,7,run,0.0,-0.2,0.25,False,907,9.07,isaac_reset,0.4322,0.0421,0.2222,0.4322,0.2421,0.097,0.2731,0.0137,0.0648,0.1112,0.5157,0.4843,21.7169,0.4397,3.105
3800,0,7,run,0.0,-0.2,0.5,False,191,1.91,isaac_reset,0.262,-0.0403,0.3523,0.2627,0.1597,0.1667,0.3308,0.0124,0.035,0.061,0.4074,0.9108,24.0659,1.0839,3.055
3801,1,7,run,0.0,-0.2,0.5,False,893,8.93,isaac_reset,0.2563,-0.0035,0.3501,0.2563,0.1965,0.165,0.3062,0.0362,0.0635,0.0349,0.5791,0.6876,23.6452,1.0144,3.055
3802,2,7,run,0.0,-0.2,0.5,False,176,1.76,fall_height,0.0638,0.0469,0.2392,0.1356,0.2482,0.3069,0.299,0.0357,0.1569,0.1237,0.6647,0.5987,24.4559,0.102,3.055
3803,3,7,run,0.0,-0.2,0.5,False,417,4.17,isaac_reset,0.0499,-0.0563,0.1815,0.0928,0.1699,0.3342,0.3015,0.0252,0.1109,0.2093,0.7025,0.6471,21.2057,0.98,3.055
3804,4,7,run,0.0,-0.2,0.5,False,166,1.66,fall_height,0.3641,0.0421,0.3372,0.3641,0.2421,0.1901,0.2466,0.0228,0.0708,0.1107,0.6233,0.3767,22.153,2.1295,3.055
3805,0,7,run,0.0,0.0,-0.5,False,347,3.47,isaac_reset,0.2014,0.0008,-0.4143,0.2018,0.0256,0.1009,0.3314,0.0113,0.0678,0.0256,0.4143,0.8703,24.0679,1.5559,3.438
3806,1,7,run,0.0,0.0,-0.5,True,1000,10.0,timeout,0.1953,0.0062,-0.4331,0.1953,0.0282,0.1178,0.3011,0.039,0.0391,0.0251,0.6055,0.675,23.1968,0.7552,3.438
3807,2,7,run,0.0,0.0,-0.5,False,114,1.14,isaac_reset,0.0572,0.0125,-0.3119,0.1237,0.1057,0.2156,0.2967,0.0359,0.0871,0.1258,0.6693,0.6068,23.826,1.0574,3.438
3808,3,7,run,0.0,0.0,-0.5,True,1000,10.0,timeout,-0.0135,0.0052,-0.0561,0.0251,0.0177,0.4474,0.3029,0.0116,0.1296,0.2433,0.8228,0.6468,14.5297,0.4759,3.438
3809,4,7,run,0.0,0.0,-0.5,False,55,0.55,isaac_reset,0.1175,0.0477,-0.2307,0.1184,0.0522,0.2721,0.2105,0.0307,0.1916,0.0726,0.8508,0.1493,22.4234,3.4832,3.438
3810,0,7,run,0.0,0.0,-0.25,False,397,3.97,isaac_reset,0.2317,-0.0043,-0.1871,0.2321,0.0106,0.0745,0.335,0.0077,0.0518,0.0339,0.411,0.8905,23.657,0.9279,3.443
3811,1,7,run,0.0,0.0,-0.25,True,1000,10.0,timeout,0.2196,0.0015,-0.2345,0.2196,0.0306,0.1017,0.3002,0.0406,0.0426,0.0357,0.6018,0.6878,22.9077,2.2457,3.443
3812,2,7,run,0.0,0.0,-0.25,False,164,1.64,isaac_reset,0.0235,0.0113,-0.1603,0.1508,0.0895,0.182,0.3096,0.0295,0.0916,0.1099,0.6218,0.601,23.7219,0.2723,3.443
3813,3,7,run,0.0,0.0,-0.25,True,1000,10.0,timeout,0.0471,0.0097,-0.066,0.0837,0.0331,0.2117,0.2938,0.0285,0.1691,0.1587,0.7655,0.5695,16.6511,0.5915,3.443
3814,4,7,run,0.0,0.0,-0.25,False,2,0.02,fall_height,0.1322,0.0431,-0.0915,0.133,0.0506,0.1752,0.2095,0.0273,0.2134,0.0871,0.8313,0.1688,21.4466,0.8708,3.443
3815,0,7,run,0.0,0.0,0.0,False,447,4.47,isaac_reset,0.2319,0.003,0.0041,0.2323,0.0103,0.0641,0.3356,0.0081,0.0623,0.0355,0.412,0.8945,23.4755,1.1336,3.416
3816,1,7,run,0.0,0.0,0.0,True,1000,10.0,timeout,0.1693,0.0582,0.0516,0.1699,0.0636,0.1077,0.3204,0.0157,0.1262,0.0169,0.4523,0.8223,23.8475,2.9657,3.416
3817,2,7,run,0.0,0.0,0.0,False,109,1.09,fall_height,0.1897,0.0144,-0.0777,0.2393,0.1016,0.1672,0.2948,0.0402,0.0832,0.1068,0.6728,0.6533,21.5739,1.0224,3.416
3818,3,7,run,0.0,0.0,0.0,False,48,0.48,isaac_reset,0.0751,0.0147,0.0107,0.1286,0.0703,0.1468,0.2688,0.0515,0.1915,0.1148,0.739,0.4885,20.0904,0.4188,3.416
3819,4,7,run,0.0,0.0,0.0,False,122,1.22,fall_height,0.022,0.0179,-0.0283,0.0522,0.0284,0.063,0.2855,0.037,0.268,0.1136,0.7963,0.5498,15.9469,1.3475,3.416
3820,0,7,run,0.0,0.0,0.25,False,497,4.97,isaac_reset,0.2382,0.0072,0.1578,0.2388,0.0101,0.109,0.3358,0.0085,0.0596,0.0434,0.4087,0.8802,23.2701,0.5013,2.754
3821,1,7,run,0.0,0.0,0.25,False,49,0.49,isaac_reset,0.2204,0.0172,0.1951,0.2212,0.0418,0.1179,0.3331,0.0125,0.0769,0.0417,0.4231,0.84,22.735,0.5723,2.754
3822,2,7,run,0.0,0.0,0.25,False,796,7.96,isaac_reset,0.2863,-0.0104,0.1296,0.2863,0.075,0.1655,0.2904,0.0381,0.0534,0.0784,0.6537,0.6782,21.4202,1.2935,2.754
3823,3,7,run,0.0,0.0,0.25,False,369,3.69,isaac_reset,0.1376,0.013,0.0747,0.1518,0.0365,0.1824,0.2667,0.0481,0.0822,0.1196,0.7337,0.4432,21.2371,0.4877,2.754
3824,4,7,run,0.0,0.0,0.25,False,205,2.05,isaac_reset,0.242,0.0319,0.1605,0.2434,0.034,0.1452,0.2842,0.0261,0.1505,0.0955,0.611,0.5038,19.2654,1.7662,2.754
3825,0,7,run,0.0,0.0,0.5,False,750,7.5,isaac_reset,0.2478,0.0185,0.3665,0.2481,0.0188,0.1383,0.336,0.0079,0.0476,0.0451,0.4045,0.8915,23.3233,1.2071,3.4
3826,1,7,run,0.0,0.0,0.5,False,302,3.02,isaac_reset,0.2346,0.0423,0.4398,0.2353,0.0571,0.1247,0.3263,0.0149,0.0897,0.0433,0.4335,0.8455,22.9848,2.1506,3.4
3827,2,7,run,0.0,0.0,0.5,True,1000,10.0,timeout,0.2206,-0.0305,0.2931,0.2316,0.0912,0.2369,0.2994,0.0321,0.0554,0.0698,0.6643,0.6638,21.2476,1.5133,3.4
3828,3,7,run,0.0,0.0,0.5,False,78,0.78,fall_height,0.2094,0.0171,0.2177,0.2102,0.0353,0.2869,0.2288,0.0403,0.1146,0.0464,0.8053,0.192,22.7586,0.9398,3.4
3829,4,7,run,0.0,0.0,0.5,False,221,2.21,fall_height,0.1351,0.0754,0.2336,0.1872,0.0826,0.2901,0.2808,0.052,0.1732,0.0759,0.634,0.4375,21.639,1.741,3.4
3830,0,7,run,0.0,0.2,-0.5,False,800,8.0,isaac_reset,0.2368,0.0089,-0.4125,0.2371,0.1911,0.0911,0.3383,0.0063,0.0235,0.037,0.3978,0.9293,23.381,0.4748,3.407
3831,1,7,run,0.0,0.2,-0.5,False,352,3.52,isaac_reset,0.1854,0.0286,-0.4037,0.1858,0.1714,0.1109,0.3303,0.0135,0.0688,0.0199,0.4323,0.8625,23.2444,1.2473,3.407
3832,2,7,run,0.0,0.2,-0.5,True,1000,10.0,timeout,0.0411,0.0064,-0.3085,0.1299,0.2097,0.2326,0.3055,0.0283,0.0744,0.1505,0.6093,0.6538,23.4202,1.5019,3.407
3833,3,7,run,0.0,0.2,-0.5,False,672,6.72,isaac_reset,0.0045,0.0127,-0.1284,0.0459,0.1914,0.3877,0.3073,0.017,0.1565,0.1786,0.7,0.725,17.9793,0.7709,3.407
3834,4,7,run,0.0,0.2,-0.5,False,21,0.21,fall_height,0.022,0.0268,-0.0992,0.0439,0.1747,0.4035,0.2735,0.0468,0.2024,0.1861,0.8255,0.5265,18.0895,0.4955,3.407
3835,0,7,run,0.0,0.2,-0.25,False,850,8.5,isaac_reset,0.2305,0.0213,-0.1893,0.231,0.1787,0.0715,0.3363,0.0085,0.0539,0.0313,0.4043,0.8968,23.6435,0.6016,3.411
3836,1,7,run,0.0,0.2,-0.25,False,402,4.02,isaac_reset,0.225,0.0194,-0.1945,0.2255,0.1806,0.0749,0.3371,0.0071,0.0617,0.0253,0.4055,0.8945,22.6843,1.3698,3.411
3837,2,7,run,0.0,0.2,-0.25,True,1000,10.0,timeout,0.1765,0.0333,-0.1791,0.1901,0.175,0.1411,0.3018,0.0405,0.0849,0.0584,0.634,0.6885,21.155,1.0148,3.411
3838,3,7,run,0.0,0.2,-0.25,False,722,7.22,isaac_reset,-0.001,0.0151,-0.1039,0.0359,0.2025,0.2251,0.2994,0.02,0.0984,0.2769,0.7193,0.707,21.3611,0.6272,3.411
3839,4,7,run,0.0,0.2,-0.25,False,563,5.63,isaac_reset,0.1651,0.0828,-0.0789,0.2049,0.1612,0.2079,0.2927,0.0397,0.1192,0.1146,0.5555,0.5415,21.3978,0.4089,3.411
3840,0,7,run,0.0,0.2,0.0,False,900,9.0,isaac_reset,0.2498,0.0276,-0.0076,0.2498,0.1724,0.0561,0.3372,0.0036,0.0824,0.0347,0.3996,0.9334,23.4502,0.4863,3.079
3841,1,7,run,0.0,0.2,0.0,False,452,4.52,isaac_reset,0.2228,0.0251,0.0031,0.2233,0.1749,0.0621,0.3373,0.0077,0.0877,0.0274,0.4079,0.8857,22.7375,1.3092,3.079
3842,2,7,run,0.0,0.2,0.0,False,49,0.49,isaac_reset,0.1441,0.056,0.0001,0.1483,0.144,0.0858,0.3144,0.034,0.1109,0.0307,0.5361,0.765,23.0452,1.8931,3.079
3843,3,7,run,0.0,0.2,0.0,False,180,1.8,isaac_reset,-0.0499,0.0332,-0.0316,0.0978,0.2158,0.1527,0.3056,0.0238,0.2539,0.1767,0.6326,0.6812,21.2909,0.2138,3.079
3844,4,7,run,0.0,0.2,0.0,False,264,2.64,isaac_reset,0.0727,0.0369,-0.048,0.1538,0.1715,0.1724,0.2986,0.0308,0.2098,0.1896,0.6312,0.5674,22.7431,0.7222,3.079
3845,0,7,run,0.0,0.2,0.25,True,1000,10.0,timeout,0.2569,0.037,0.185,0.2569,0.163,0.0788,0.3367,0.003,0.0789,0.042,0.4005,0.9335,23.3288,2.3257,3.352
3846,1,7,run,0.0,0.2,0.25,False,601,6.01,isaac_reset,0.2314,0.0307,0.1868,0.2325,0.1693,0.087,0.3383,0.0073,0.0767,0.0365,0.4058,0.8905,22.5761,0.557,3.352
3847,2,7,run,0.0,0.2,0.25,False,198,1.98,isaac_reset,0.1808,0.0524,0.1834,0.1812,0.1476,0.0959,0.3141,0.0332,0.1061,0.0303,0.5173,0.7743,23.2445,1.0923,3.352
3848,3,7,run,0.0,0.2,0.25,False,644,6.44,isaac_reset,0.0292,-0.0061,0.0695,0.1112,0.218,0.2331,0.3155,0.0204,0.1716,0.1476,0.6343,0.7343,19.8702,0.4303,3.352
3849,4,7,run,0.0,0.2,0.25,False,700,7.0,isaac_reset,0.1007,-0.031,0.1614,0.1494,0.2337,0.2159,0.2966,0.0339,0.1654,0.1119,0.6273,0.6548,20.6697,0.8018,3.352
3850,0,7,run,0.0,0.2,0.5,True,1000,10.0,timeout,0.2662,0.0395,0.3673,0.2662,0.1605,0.1334,0.3374,0.0033,0.0366,0.0476,0.401,0.934,23.2171,1.0728,3.33
3851,1,7,run,0.0,0.2,0.5,False,651,6.51,isaac_reset,0.2486,0.0437,0.3796,0.2489,0.1563,0.13,0.338,0.0078,0.0547,0.0425,0.4068,0.8838,22.3717,0.5748,3.33
3852,2,7,run,0.0,0.2,0.5,False,248,2.48,isaac_reset,0.1813,0.0448,0.3782,0.1845,0.1552,0.1327,0.3125,0.0347,0.0847,0.0364,0.5222,0.7738,23.3803,0.4554,3.33
3853,3,7,run,0.0,0.2,0.5,False,415,4.15,isaac_reset,0.221,-0.0243,0.3222,0.2425,0.2279,0.2032,0.3063,0.0314,0.096,0.1146,0.6345,0.6863,19.6367,0.9942,3.33
3854,4,7,run,0.0,0.2,0.5,False,294,2.94,isaac_reset,0.1897,0.039,0.2634,0.2135,0.1966,0.2551,0.3024,0.0398,0.1008,0.1032,0.6223,0.6768,20.5316,0.9705,3.33
3855,0,7,run,0.0,0.4,-0.5,True,1000,10.0,timeout,0.2422,0.0359,-0.4207,0.2429,0.3641,0.0852,0.3383,0.0063,0.0242,0.0368,0.4018,0.9338,23.4991,2.5056,3.335
3856,1,7,run,0.0,0.4,-0.5,False,701,7.01,isaac_reset,0.2399,0.0284,-0.4193,0.2405,0.3716,0.083,0.3416,0.0064,0.0189,0.0361,0.4008,0.9298,22.3433,1.3197,3.335
3857,2,7,run,0.0,0.4,-0.5,False,298,2.98,isaac_reset,0.1568,0.0515,-0.4282,0.1575,0.3485,0.1119,0.3246,0.0241,0.068,0.0204,0.4543,0.8298,23.1105,2.0222,3.335
3858,3,7,run,0.0,0.4,-0.5,False,465,4.65,isaac_reset,0.2532,0.0383,-0.4266,0.2624,0.3617,0.185,0.2937,0.039,0.1219,0.0901,0.6423,0.6668,20.8455,1.4625,3.335
3859,4,7,run,0.0,0.4,-0.5,False,344,3.44,isaac_reset,0.0986,0.0306,-0.3905,0.1543,0.3694,0.1751,0.3002,0.0346,0.1128,0.0877,0.6438,0.6503,23.7138,1.4345,3.335
3860,0,7,run,0.0,0.4,-0.25,False,49,0.49,isaac_reset,0.242,0.0417,-0.2088,0.2426,0.3583,0.0676,0.3384,0.0064,0.0613,0.0314,0.3995,0.9295,23.5573,2.4491,3.345
3861,1,7,run,0.0,0.4,-0.25,False,751,7.51,isaac_reset,0.2253,0.0414,-0.2134,0.2256,0.3586,0.0656,0.3391,0.0069,0.0717,0.0219,0.4043,0.8925,22.6631,1.0479,3.345
3862,2,7,run,0.0,0.4,-0.25,False,348,3.48,isaac_reset,0.1897,0.0501,-0.2007,0.1904,0.3499,0.0969,0.3345,0.0121,0.0854,0.0186,0.4145,0.8725,22.5042,1.4713,3.345
3863,3,7,run,0.0,0.4,-0.25,False,29,0.29,fall_height,0.0863,0.0411,-0.2261,0.1536,0.3589,0.1572,0.3074,0.0353,0.117,0.1169,0.566,0.693,22.7241,0.8695,3.345
3864,4,7,run,0.0,0.4,-0.25,True,1000,10.0,timeout,0.1439,0.0907,-0.2114,0.1442,0.3093,0.0968,0.3149,0.0359,0.118,0.0183,0.5345,0.7815,22.9549,0.6912,3.345
3865,0,7,run,0.0,0.4,0.0,False,99,0.99,isaac_reset,0.2445,0.0456,-0.0086,0.2451,0.3544,0.0622,0.3383,0.007,0.0816,0.0351,0.3987,0.9286,23.4623,1.8781,2.716
3866,1,7,run,0.0,0.4,0.0,False,801,8.01,isaac_reset,0.2428,0.0492,-0.0081,0.2428,0.3508,0.0583,0.3396,0.0037,0.0919,0.0247,0.3984,0.9317,22.5671,0.4433,2.716
3867,2,7,run,0.0,0.4,0.0,False,398,3.98,isaac_reset,0.1849,0.0604,0.0154,0.1854,0.3396,0.0913,0.3353,0.012,0.0983,0.0221,0.4168,0.8569,22.2871,1.1144,2.716
3868,3,7,run,0.0,0.4,0.0,False,565,5.65,isaac_reset,0.1487,0.0992,0.016,0.1503,0.3008,0.0958,0.3195,0.0332,0.1204,0.0253,0.515,0.7762,22.5674,0.725,2.716
3869,4,7,run,0.0,0.4,0.0,False,12,0.12,isaac_reset,0.1474,0.092,0.0072,0.151,0.308,0.098,0.3168,0.034,0.125,0.0292,0.5171,0.774,22.7875,1.3541,2.716
3870,0,7,run,0.0,0.4,0.25,False,347,3.47,isaac_reset,0.2388,0.0618,0.2217,0.2392,0.3382,0.0685,0.3361,0.0073,0.0964,0.0384,0.4118,0.8963,23.56,1.741,3.298
3871,1,7,run,0.0,0.4,0.25,True,1000,10.0,timeout,0.2558,0.0636,0.2158,0.2558,0.3364,0.0692,0.3386,0.0034,0.093,0.0354,0.404,0.936,22.5861,2.2185,3.298
3872,2,7,run,0.0,0.4,0.25,False,646,6.46,isaac_reset,0.2119,0.0651,0.2111,0.2134,0.3349,0.0994,0.3353,0.0115,0.093,0.0391,0.4173,0.8768,21.9841,0.7802,3.298
3873,3,7,run,0.0,0.4,0.25,False,813,8.13,isaac_reset,0.206,0.0754,0.2362,0.207,0.3246,0.1002,0.3347,0.012,0.0999,0.0374,0.4185,0.8775,21.5797,0.5069,3.298
3874,4,7,run,0.0,0.4,0.25,False,260,2.6,isaac_reset,0.1906,0.0833,0.2057,0.1944,0.3167,0.0983,0.3131,0.0368,0.1053,0.0411,0.516,0.813,22.7433,1.5526,3.298
3875,0,7,run,0.0,0.4,0.5,False,397,3.97,isaac_reset,0.2509,0.0726,0.4213,0.2513,0.3274,0.0928,0.3362,0.0074,0.0755,0.0467,0.406,0.8955,23.4267,1.5554,3.308
3876,1,7,run,0.0,0.4,0.5,True,1000,10.0,timeout,0.2508,0.0722,0.4301,0.2508,0.3278,0.0882,0.3382,0.0045,0.0795,0.0393,0.4035,0.9125,22.5935,1.9523,3.308
3877,2,7,run,0.0,0.4,0.5,False,696,6.96,isaac_reset,0.2436,0.0721,0.4253,0.2441,0.3279,0.0959,0.3381,0.0083,0.0782,0.0368,0.4095,0.8905,22.0511,1.1082,3.308
3878,3,7,run,0.0,0.4,0.5,False,863,8.63,isaac_reset,0.2481,0.0645,0.3942,0.2485,0.3355,0.1178,0.3412,0.008,0.0656,0.0427,0.421,0.8675,21.0276,0.162,3.308
3879,4,7,run,0.0,0.4,0.5,False,310,3.1,isaac_reset,0.2046,0.081,0.4009,0.2092,0.319,0.1185,0.3127,0.0362,0.0941,0.0446,0.5123,0.8193,22.7985,0.288,3.308
3880,0,7,run,0.3,-0.4,-0.5,False,447,4.47,isaac_reset,0.3518,-0.061,-0.4468,0.0737,0.339,0.0715,0.335,0.0064,0.0479,0.0165,0.3985,0.929,24.0453,3.0143,3.308
3881,1,7,run,0.3,-0.4,-0.5,True,1000,10.0,timeout,0.359,-0.0634,-0.4542,0.0715,0.3366,0.07,0.3379,0.0062,0.0459,0.0145,0.3993,0.9308,23.1621,1.3479,3.308
3882,2,7,run,0.3,-0.4,-0.5,False,746,7.46,isaac_reset,0.3441,-0.0635,-0.4451,0.0672,0.3365,0.0786,0.3376,0.0073,0.0575,0.0077,0.4025,0.8925,22.5294,1.4061,3.308
3883,3,7,run,0.3,-0.4,-0.5,False,913,9.13,isaac_reset,0.3564,-0.0627,-0.4575,0.0735,0.3373,0.0777,0.3398,0.007,0.0532,0.0078,0.407,0.892,22.0166,0.8881,3.308
3884,4,7,run,0.3,-0.4,-0.5,False,360,3.6,isaac_reset,0.2986,-0.0282,-0.4413,0.0647,0.3718,0.0959,0.3185,0.0316,0.0869,0.0183,0.489,0.7955,23.1223,2.8633,3.308
3885,0,7,run,0.3,-0.4,-0.25,False,497,4.97,isaac_reset,0.3524,-0.0552,-0.2291,0.0753,0.3448,0.068,0.3347,0.0071,0.0408,0.022,0.4022,0.9033,23.9895,1.3106,3.181
3886,1,7,run,0.3,-0.4,-0.25,False,49,0.49,isaac_reset,0.3458,-0.052,-0.2394,0.0791,0.348,0.0715,0.3372,0.0076,0.0432,0.0189,0.4051,0.8903,23.1109,3.4286,3.181
3887,2,7,run,0.3,-0.4,-0.25,False,796,7.96,isaac_reset,0.3523,-0.0621,-0.2312,0.0798,0.3379,0.0779,0.3377,0.0071,0.0442,0.015,0.3996,0.8932,22.4167,0.1846,3.181
3888,3,7,run,0.3,-0.4,-0.25,False,963,9.63,isaac_reset,0.3729,-0.055,-0.2499,0.0735,0.345,0.0732,0.3407,0.0038,0.0325,0.0164,0.3999,0.9328,21.8766,0.9292,3.181
3889,4,7,run,0.3,-0.4,-0.25,False,410,4.1,isaac_reset,0.283,-0.0277,-0.214,0.0644,0.3723,0.0879,0.3195,0.0256,0.0902,0.0191,0.4632,0.8065,23.3091,0.8356,3.181
3890,0,7,run,0.3,-0.4,0.0,False,583,5.83,isaac_reset,0.3608,-0.051,-0.0314,0.0826,0.349,0.0764,0.335,0.0072,0.0186,0.03,0.4098,0.9083,23.9132,0.434,3.293
3891,1,7,run,0.3,-0.4,0.0,False,135,1.35,isaac_reset,0.3547,-0.047,-0.0325,0.0807,0.353,0.0746,0.337,0.0073,0.0212,0.0261,0.4073,0.898,22.8604,2.9625,3.293
3892,2,7,run,0.3,-0.4,0.0,False,882,8.82,isaac_reset,0.364,-0.0511,-0.0424,0.0761,0.3489,0.0846,0.3398,0.0066,0.0069,0.0237,0.4005,0.9335,22.1082,0.2651,3.293
3893,3,7,run,0.3,-0.4,0.0,True,1000,10.0,timeout,0.3671,-0.0477,-0.0371,0.0685,0.3523,0.0772,0.3399,0.0032,0.0186,0.0199,0.401,0.9305,21.7998,3.9077,3.293
3894,4,7,run,0.3,-0.4,0.0,False,496,4.96,isaac_reset,0.3026,-0.0148,0.0129,0.0452,0.3852,0.0788,0.3221,0.0159,0.0716,0.0212,0.423,0.877,22.6472,1.264,3.293
3895,0,7,run,0.3,-0.4,0.25,False,633,6.33,isaac_reset,0.3631,-0.041,0.1621,0.0824,0.359,0.1061,0.3336,0.0075,0.0246,0.0289,0.4098,0.9003,23.8468,0.8432,3.3
3896,1,7,run,0.3,-0.4,0.25,False,185,1.85,isaac_reset,0.3617,-0.0393,0.1589,0.0813,0.3607,0.1064,0.3361,0.0073,0.032,0.0252,0.4023,0.8943,22.8481,2.3588,3.3
3897,2,7,run,0.3,-0.4,0.25,False,932,9.32,isaac_reset,0.3667,-0.0413,0.1551,0.0847,0.3587,0.1134,0.338,0.0069,0.0168,0.0214,0.404,0.9103,22.106,0.3386,3.3
3898,3,7,run,0.3,-0.4,0.25,True,1000,10.0,timeout,0.3701,-0.0397,0.1523,0.0792,0.3603,0.1115,0.3386,0.004,0.0368,0.0215,0.4028,0.9048,21.8398,3.3446,3.3
3899,4,7,run,0.3,-0.4,0.25,False,546,5.46,isaac_reset,0.3145,-0.0061,0.2349,0.0542,0.3939,0.0834,0.323,0.0151,0.107,0.022,0.4323,0.84,22.3643,0.201,3.3
3900,0,7,run,0.3,-0.4,0.5,False,683,6.83,isaac_reset,0.3796,-0.0302,0.373,0.0992,0.3698,0.1324,0.3335,0.0073,0.061,0.0295,0.4028,0.8973,24.0639,0.5178,3.287
3901,1,7,run,0.3,-0.4,0.5,False,235,2.35,isaac_reset,0.3865,-0.037,0.3657,0.0933,0.363,0.1397,0.3369,0.0071,0.0414,0.0277,0.3985,0.9285,23.0665,1.8832,3.287
3902,2,7,run,0.3,-0.4,0.5,False,982,9.82,isaac_reset,0.3925,-0.0305,0.3551,0.1025,0.3695,0.1491,0.3385,0.0068,0.0522,0.0239,0.3993,0.9278,22.3648,0.7728,3.287
3903,3,7,run,0.3,-0.4,0.5,True,1000,10.0,timeout,0.3762,-0.035,0.3666,0.0996,0.365,0.1445,0.3385,0.007,0.0561,0.0247,0.402,0.896,22.0236,2.823,3.287
3904,4,7,run,0.3,-0.4,0.5,False,596,5.96,isaac_reset,0.3604,-0.0242,0.4003,0.0779,0.3758,0.1246,0.3293,0.0138,0.0807,0.0358,0.4225,0.863,22.0896,1.0097,3.287
3905,0,7,run,0.3,-0.2,-0.5,False,733,7.33,isaac_reset,0.3474,-0.0332,-0.4293,0.0682,0.1668,0.0765,0.3353,0.0075,0.053,0.0159,0.4035,0.9145,24.1234,0.9779,3.285
3906,1,7,run,0.3,-0.2,-0.5,False,285,2.85,isaac_reset,0.3529,-0.0336,-0.4386,0.0713,0.1664,0.0714,0.3375,0.0071,0.0605,0.0099,0.4048,0.891,23.2409,3.8709,3.285
3907,2,7,run,0.3,-0.2,-0.5,True,1000,10.0,timeout,0.3656,-0.0349,-0.4536,0.0664,0.1651,0.0633,0.34,0.003,0.0527,0.008,0.406,0.9335,22.409,1.0801,3.285
3908,3,7,run,0.3,-0.2,-0.5,False,49,0.49,isaac_reset,0.3479,-0.0391,-0.4484,0.0742,0.1609,0.0758,0.34,0.0073,0.0567,0.0068,0.402,0.8958,22.1646,3.1548,3.285
3909,4,7,run,0.3,-0.2,-0.5,False,646,6.46,isaac_reset,0.3554,-0.0377,-0.4409,0.0778,0.1629,0.0803,0.3401,0.0063,0.0406,0.0147,0.4018,0.9258,21.8765,2.1121,3.285
3910,0,7,run,0.3,-0.2,-0.25,False,783,7.83,isaac_reset,0.3627,-0.0253,-0.2091,0.0746,0.1747,0.0625,0.3356,0.0075,0.0475,0.024,0.401,0.9148,24.104,0.2724,3.293
3911,1,7,run,0.3,-0.2,-0.25,False,335,3.35,isaac_reset,0.3598,-0.0305,-0.2189,0.0763,0.1695,0.0639,0.3387,0.0064,0.0392,0.021,0.3998,0.9303,23.0212,1.8135,3.293
3912,2,7,run,0.3,-0.2,-0.25,True,1000,10.0,timeout,0.3683,-0.03,-0.2249,0.0683,0.17,0.0677,0.3397,0.0035,0.0401,0.0151,0.4023,0.9353,22.2845,3.5817,3.293
3913,3,7,run,0.3,-0.2,-0.25,False,99,0.99,isaac_reset,0.3503,-0.0295,-0.22,0.0734,0.1705,0.0732,0.3402,0.0073,0.0539,0.013,0.4038,0.8918,21.9282,2.884,3.293
3914,4,7,run,0.3,-0.2,-0.25,False,696,6.96,isaac_reset,0.3629,-0.0285,-0.2248,0.0843,0.1717,0.0727,0.3403,0.0065,0.0363,0.0203,0.4033,0.9253,21.752,0.7071,3.293
3915,0,7,run,0.3,-0.2,0.0,False,833,8.33,isaac_reset,0.3639,-0.0254,-0.0228,0.0799,0.1746,0.0628,0.3366,0.0064,0.0143,0.0306,0.3985,0.9305,23.7024,0.2415,3.284
3916,1,7,run,0.3,-0.2,0.0,False,385,3.85,isaac_reset,0.3642,-0.0277,-0.0231,0.0803,0.1723,0.0683,0.3388,0.0064,0.0169,0.0275,0.4015,0.931,22.7523,2.088,3.284
3917,2,7,run,0.3,-0.2,0.0,True,1000,10.0,timeout,0.3509,-0.0238,-0.0214,0.0684,0.1762,0.0663,0.3384,0.0049,0.0357,0.0213,0.406,0.9,22.2037,3.6848,3.284
3918,3,7,run,0.3,-0.2,0.0,False,149,1.49,isaac_reset,0.3488,-0.0207,-0.0212,0.0784,0.1793,0.0687,0.3403,0.0067,0.0397,0.0213,0.4035,0.894,21.8094,2.7716,3.284
3919,4,7,run,0.3,-0.2,0.0,False,746,7.46,isaac_reset,0.3725,-0.0183,-0.029,0.0857,0.1817,0.0705,0.3402,0.0067,0.0217,0.026,0.4035,0.928,21.6341,0.6089,3.284
3920,0,7,run,0.3,-0.2,0.25,False,883,8.83,isaac_reset,0.3835,-0.0134,0.1395,0.0842,0.1866,0.1152,0.3345,0.0036,0.037,0.0264,0.3993,0.9327,23.7597,1.3137,2.937
3921,1,7,run,0.3,-0.2,0.25,False,435,4.35,isaac_reset,0.361,-0.0129,0.1413,0.0885,0.1871,0.1195,0.337,0.0074,0.0452,0.0258,0.4019,0.8951,22.8164,0.755,2.937
3922,2,7,run,0.3,-0.2,0.25,False,32,0.32,isaac_reset,0.366,-0.0191,0.1366,0.0844,0.1809,0.1245,0.3397,0.0068,0.0293,0.0236,0.4002,0.929,22.1264,2.323,2.937
3923,3,7,run,0.3,-0.2,0.25,False,199,1.99,isaac_reset,0.3588,-0.0145,0.141,0.0866,0.1855,0.1246,0.3395,0.0072,0.0532,0.0222,0.4047,0.8832,21.8139,2.1456,2.937
3924,4,7,run,0.3,-0.2,0.25,False,796,7.96,isaac_reset,0.3755,-0.0151,0.1335,0.0957,0.1849,0.1265,0.3381,0.0078,0.0391,0.0256,0.4098,0.8857,21.5706,1.6139,2.937
3925,0,7,run,0.3,-0.2,0.5,True,1000,10.0,timeout,0.4032,-0.0058,0.3622,0.1032,0.1942,0.139,0.334,0.0031,0.0529,0.0306,0.4005,0.9335,23.9539,2.0523,3.284
3926,1,7,run,0.3,-0.2,0.5,False,601,6.01,isaac_reset,0.3825,-0.0064,0.3568,0.094,0.1936,0.1466,0.3362,0.0076,0.0558,0.03,0.4023,0.8978,22.9659,1.2295,3.284
3927,2,7,run,0.3,-0.2,0.5,False,198,1.98,isaac_reset,0.3706,-0.0108,0.3607,0.0913,0.1892,0.1454,0.338,0.0073,0.0552,0.0245,0.404,0.8955,22.3507,2.4968,3.284
3928,3,7,run,0.3,-0.2,0.5,False,365,3.65,isaac_reset,0.3803,-0.0078,0.3497,0.0958,0.1922,0.1548,0.3402,0.0064,0.0431,0.0266,0.3965,0.9295,21.8462,1.0019,3.284
3929,4,7,run,0.3,-0.2,0.5,False,962,9.62,isaac_reset,0.385,-0.0057,0.3535,0.1065,0.1943,0.1514,0.3385,0.0069,0.0501,0.0275,0.3955,0.9188,21.7121,0.8676,3.284
3930,0,7,run,0.3,0.0,-0.5,True,1000,10.0,timeout,0.368,-0.0032,-0.4348,0.068,0.0104,0.0677,0.3361,0.0028,0.0462,0.0176,0.4,0.9335,24.144,2.2723,3.282
3931,1,7,run,0.3,0.0,-0.5,False,651,6.51,isaac_reset,0.3466,-0.0052,-0.4322,0.0704,0.012,0.0753,0.3384,0.0069,0.0491,0.014,0.4013,0.9005,22.9948,2.2056,3.282
3932,2,7,run,0.3,0.0,-0.5,False,248,2.48,isaac_reset,0.3416,-0.0095,-0.4447,0.0703,0.0147,0.071,0.3399,0.007,0.0531,0.0098,0.4033,0.8893,22.4314,3.6352,3.282
3933,3,7,run,0.3,0.0,-0.5,False,415,4.15,isaac_reset,0.3483,-0.0101,-0.4445,0.068,0.0155,0.0705,0.3411,0.0065,0.0501,0.0101,0.4028,0.8978,22.0077,3.5657,3.282
3934,4,7,run,0.3,0.0,-0.5,True,1000,10.0,timeout,0.3674,-0.0064,-0.4381,0.0674,0.0149,0.0739,0.3397,0.0039,0.0474,0.009,0.3883,0.9353,22.026,1.24,3.282
3935,0,7,run,0.3,0.0,-0.25,True,1000,10.0,timeout,0.3549,0.0054,-0.2,0.0721,0.0116,0.0628,0.3364,0.0063,0.0496,0.0222,0.4023,0.9153,24.0346,3.7548,3.298
3936,1,7,run,0.3,0.0,-0.25,False,701,7.01,isaac_reset,0.3523,0.0012,-0.2074,0.0799,0.0119,0.0604,0.3383,0.007,0.0591,0.0166,0.402,0.8955,23.1434,0.4679,3.298
3937,2,7,run,0.3,0.0,-0.25,False,298,2.98,isaac_reset,0.3615,-0.0024,-0.2157,0.0693,0.0129,0.0581,0.3409,0.0063,0.0431,0.017,0.3983,0.9268,22.3715,2.526,3.298
3938,3,7,run,0.3,0.0,-0.25,False,465,4.65,isaac_reset,0.3509,0.0005,-0.2195,0.0751,0.0131,0.0613,0.341,0.0068,0.0518,0.0155,0.4023,0.9043,22.0416,1.1965,3.298
3939,4,7,run,0.3,0.0,-0.25,True,1000,10.0,timeout,0.3653,0.0001,-0.2147,0.074,0.013,0.0633,0.3408,0.004,0.0557,0.015,0.4023,0.9233,22.0417,2.6182,3.298
3940,0,7,run,0.3,0.0,0.0,False,49,0.49,isaac_reset,0.3627,0.0058,-0.0053,0.0765,0.0119,0.0559,0.3362,0.0066,0.06,0.0249,0.4005,0.915,23.9154,2.9298,3.301
3941,1,7,run,0.3,0.0,0.0,False,751,7.51,isaac_reset,0.3612,0.0015,-0.0065,0.0798,0.0142,0.0606,0.3392,0.006,0.0515,0.023,0.3978,0.9328,22.9069,0.5681,3.301
3942,2,7,run,0.3,0.0,0.0,False,348,3.48,isaac_reset,0.3633,0.0,-0.015,0.0711,0.0159,0.0619,0.3407,0.0067,0.0489,0.0206,0.3993,0.9288,22.3401,1.4211,3.301
3943,3,7,run,0.3,0.0,0.0,False,515,5.15,isaac_reset,0.3522,0.0058,-0.0101,0.0762,0.0153,0.0635,0.3408,0.0066,0.0686,0.0164,0.4018,0.9028,22.0307,1.1552,3.301
3944,4,7,run,0.3,0.0,0.0,True,1000,10.0,timeout,0.356,0.0076,-0.0153,0.0783,0.0146,0.0627,0.3396,0.0049,0.0728,0.0182,0.405,0.902,21.877,3.1492,3.301
3945,0,7,run,0.3,0.0,0.25,False,99,0.99,isaac_reset,0.3734,0.0045,0.1416,0.0932,0.0138,0.1154,0.3363,0.007,0.0435,0.0312,0.3974,0.9311,23.7245,1.351,2.692
3946,1,7,run,0.3,0.0,0.25,False,801,8.01,isaac_reset,0.3819,0.0133,0.1353,0.0827,0.0135,0.119,0.3378,0.0038,0.0562,0.0242,0.3984,0.9317,22.7256,0.4684,2.692
3947,2,7,run,0.3,0.0,0.25,False,398,3.98,isaac_reset,0.3588,0.0134,0.1486,0.0757,0.0162,0.1139,0.3385,0.0083,0.0698,0.023,0.4052,0.8803,22.42,1.3062,2.692
3948,3,7,run,0.3,0.0,0.25,False,565,5.65,isaac_reset,0.3674,0.0075,0.1387,0.0826,0.0186,0.1219,0.3414,0.0068,0.049,0.0238,0.3965,0.9314,21.7961,1.6672,2.692
3949,4,7,run,0.3,0.0,0.25,False,12,0.12,isaac_reset,0.3662,0.0094,0.1391,0.0846,0.0156,0.1259,0.3413,0.0068,0.0475,0.0236,0.3993,0.9286,21.711,2.0676,2.692
3950,0,7,run,0.3,0.0,0.5,False,347,3.47,isaac_reset,0.3882,0.0123,0.3616,0.1033,0.0191,0.1416,0.3356,0.0066,0.0386,0.0346,0.3978,0.9318,23.6687,2.1687,3.291
3951,1,7,run,0.3,0.0,0.5,True,1000,10.0,timeout,0.3991,0.0191,0.36,0.0991,0.0191,0.1421,0.3372,0.0033,0.0453,0.0282,0.4,0.9335,22.7898,2.0777,3.291
3952,2,7,run,0.3,0.0,0.5,False,646,6.46,isaac_reset,0.3745,0.016,0.3661,0.0904,0.0194,0.1417,0.3386,0.007,0.0536,0.0268,0.4045,0.894,22.2548,0.5422,3.291
3953,3,7,run,0.3,0.0,0.5,False,813,8.13,isaac_reset,0.3711,0.0182,0.3588,0.0912,0.019,0.1479,0.3397,0.0068,0.0503,0.0266,0.4018,0.8983,21.9037,0.5921,3.291
3954,4,7,run,0.3,0.0,0.5,False,260,2.6,isaac_reset,0.3682,0.0154,0.3615,0.0924,0.0204,0.1462,0.3394,0.007,0.0559,0.0262,0.4038,0.8818,21.7709,2.8387,3.291
3955,0,7,run,0.3,0.2,-0.5,False,397,3.97,isaac_reset,0.3575,0.018,-0.4289,0.071,0.182,0.0736,0.3375,0.0063,0.0332,0.0238,0.398,0.932,23.9535,3.8705,3.278
3956,1,7,run,0.3,0.2,-0.5,True,1000,10.0,timeout,0.366,0.0236,-0.4465,0.0684,0.1764,0.0577,0.339,0.0031,0.0419,0.0163,0.4,0.929,23.0121,3.0367,3.278
3957,2,7,run,0.3,0.2,-0.5,False,696,6.96,isaac_reset,0.3408,0.0182,-0.4392,0.068,0.1818,0.0705,0.3404,0.0069,0.0457,0.014,0.403,0.8933,22.3104,1.174,3.278
3958,3,7,run,0.3,0.2,-0.5,False,863,8.63,isaac_reset,0.3564,0.0189,-0.4447,0.0642,0.1811,0.0686,0.3423,0.0063,0.0351,0.0144,0.3993,0.9273,21.9974,0.8851,3.278
3959,4,7,run,0.3,0.2,-0.5,False,310,3.1,isaac_reset,0.3436,0.0175,-0.4461,0.0683,0.1825,0.0725,0.3414,0.0068,0.0465,0.0129,0.4048,0.8898,21.8683,3.0804,3.278
3960,0,7,run,0.3,0.2,-0.25,False,447,4.47,isaac_reset,0.3576,0.03,-0.2134,0.0742,0.17,0.0554,0.3363,0.0068,0.0654,0.0206,0.4023,0.9113,24.0611,1.0267,3.276
3961,1,7,run,0.3,0.2,-0.25,True,1000,10.0,timeout,0.3487,0.0259,-0.2131,0.074,0.1741,0.0523,0.339,0.0063,0.0615,0.0159,0.4035,0.9065,23.1522,2.6052,3.276
3962,2,7,run,0.3,0.2,-0.25,False,746,7.46,isaac_reset,0.3476,0.0268,-0.2264,0.0726,0.1732,0.0512,0.3403,0.0068,0.0659,0.0128,0.4038,0.8943,22.5691,0.671,3.276
3963,3,7,run,0.3,0.2,-0.25,False,913,9.13,isaac_reset,0.3608,0.0261,-0.225,0.0681,0.1739,0.0542,0.3422,0.0063,0.054,0.014,0.3988,0.9273,22.129,0.8857,3.276
3964,4,7,run,0.3,0.2,-0.25,False,360,3.6,isaac_reset,0.3432,0.022,-0.2251,0.077,0.178,0.0612,0.3406,0.0075,0.062,0.0144,0.4065,0.885,21.9774,2.1601,3.276
3965,0,7,run,0.3,0.2,0.0,False,497,4.97,isaac_reset,0.3583,0.0337,-0.011,0.0758,0.1663,0.0527,0.3363,0.0067,0.0983,0.0201,0.4009,0.917,24.217,0.7984,3.179
3966,1,7,run,0.3,0.2,0.0,False,49,0.49,isaac_reset,0.3593,0.0245,-0.0194,0.0691,0.1755,0.0567,0.3388,0.0072,0.0775,0.0214,0.3996,0.9282,23.126,3.548,3.179
3967,2,7,run,0.3,0.2,0.0,False,796,7.96,isaac_reset,0.3476,0.0297,-0.0139,0.0645,0.1703,0.0579,0.3394,0.0072,0.096,0.013,0.402,0.8924,22.7,0.2131,3.179
3968,3,7,run,0.3,0.2,0.0,False,963,9.63,isaac_reset,0.3669,0.0314,-0.0211,0.0676,0.1686,0.0574,0.341,0.0036,0.0879,0.0119,0.3999,0.9326,22.1922,0.5824,3.179
3969,4,7,run,0.3,0.2,0.0,False,410,4.1,isaac_reset,0.352,0.0297,-0.0212,0.0786,0.1703,0.0626,0.3401,0.0075,0.0932,0.014,0.4056,0.89,22.2019,0.3981,3.179
3970,0,7,run,0.3,0.2,0.25,False,583,5.83,isaac_reset,0.3698,0.0377,0.1867,0.0854,0.1623,0.0771,0.3355,0.0067,0.0864,0.0298,0.4003,0.9108,23.9319,1.0853,3.277
3971,1,7,run,0.3,0.2,0.25,False,135,1.35,isaac_reset,0.3675,0.0378,0.1782,0.0872,0.1622,0.0868,0.3378,0.0066,0.0874,0.0258,0.401,0.9075,23.0801,2.543,3.277
3972,2,7,run,0.3,0.2,0.25,False,882,8.82,isaac_reset,0.3569,0.0317,0.1777,0.0785,0.1683,0.0907,0.3391,0.0065,0.0829,0.0225,0.4015,0.9018,22.5009,0.521,3.277
3973,3,7,run,0.3,0.2,0.25,True,1000,10.0,timeout,0.3783,0.0364,0.1673,0.0783,0.1636,0.0964,0.3401,0.0032,0.0772,0.0204,0.3995,0.9335,22.038,3.5441,3.277
3974,4,7,run,0.3,0.2,0.25,False,496,4.96,isaac_reset,0.3621,0.0308,0.1771,0.0817,0.1692,0.0946,0.3399,0.0069,0.0872,0.021,0.404,0.888,22.0073,1.1361,3.277
3975,0,7,run,0.3,0.2,0.5,False,633,6.33,isaac_reset,0.3885,0.0428,0.3675,0.1025,0.1572,0.1359,0.3357,0.0066,0.0457,0.0362,0.4013,0.9203,23.5797,0.9254,3.298
3976,1,7,run,0.3,0.2,0.5,False,185,1.85,isaac_reset,0.3795,0.0451,0.3675,0.0946,0.1549,0.1365,0.3375,0.0071,0.0513,0.0321,0.4008,0.9103,22.6979,2.5235,3.298
3977,2,7,run,0.3,0.2,0.5,False,932,9.32,isaac_reset,0.3782,0.0424,0.3713,0.0927,0.1576,0.1361,0.3393,0.0067,0.0517,0.025,0.4018,0.9078,22.1624,1.2231,3.298
3978,3,7,run,0.3,0.2,0.5,True,1000,10.0,timeout,0.3878,0.0465,0.3757,0.0879,0.1535,0.1321,0.3398,0.0038,0.0559,0.0262,0.4008,0.9273,21.8053,3.5122,3.298
3979,4,7,run,0.3,0.2,0.5,False,546,5.46,isaac_reset,0.3729,0.0438,0.3716,0.0976,0.1562,0.137,0.3396,0.0077,0.0586,0.0277,0.4048,0.8995,21.7928,0.4725,3.298
3980,0,7,run,0.3,0.4,-0.5,False,683,6.83,isaac_reset,0.3481,0.0424,-0.4332,0.0661,0.3576,0.0723,0.3377,0.0062,0.03,0.0242,0.3988,0.9288,23.8439,1.524,3.294
3981,1,7,run,0.3,0.4,-0.5,False,235,2.35,isaac_reset,0.3473,0.0489,-0.4515,0.0707,0.3511,0.0582,0.3392,0.0072,0.0446,0.0187,0.4033,0.9063,23.0836,4.2812,3.294
3982,2,7,run,0.3,0.4,-0.5,False,982,9.82,isaac_reset,0.3538,0.0461,-0.4547,0.0643,0.3539,0.058,0.3418,0.0059,0.0361,0.0144,0.399,0.926,22.2929,0.7469,3.294
3983,3,7,run,0.3,0.4,-0.5,True,1000,10.0,timeout,0.3458,0.0446,-0.4572,0.0684,0.3554,0.0638,0.342,0.006,0.0419,0.0151,0.4,0.9045,21.922,2.0321,3.294
3984,4,7,run,0.3,0.4,-0.5,False,596,5.96,isaac_reset,0.3415,0.0424,-0.448,0.0679,0.3576,0.073,0.3418,0.0071,0.043,0.0161,0.4085,0.895,21.8613,1.3301,3.294
3985,0,7,run,0.3,0.4,-0.25,False,733,7.33,isaac_reset,0.3545,0.0525,-0.2337,0.0701,0.3475,0.0499,0.3371,0.0064,0.0794,0.0175,0.3988,0.9233,24.2445,0.7262,3.288
3986,1,7,run,0.3,0.4,-0.25,False,285,2.85,isaac_reset,0.3629,0.0481,-0.2404,0.0715,0.3519,0.0507,0.3399,0.0065,0.0642,0.0189,0.3978,0.9293,23.1166,1.5568,3.288
3987,2,7,run,0.3,0.4,-0.25,True,1000,10.0,timeout,0.365,0.0519,-0.2454,0.065,0.3481,0.0475,0.3409,0.003,0.0725,0.0089,0.3995,0.933,22.5266,2.9035,3.288
3988,3,7,run,0.3,0.4,-0.25,False,49,0.49,isaac_reset,0.3415,0.0497,-0.2401,0.0688,0.3503,0.0577,0.3416,0.0063,0.073,0.0113,0.4005,0.899,22.0982,3.1669,3.288
3989,4,7,run,0.3,0.4,-0.25,False,646,6.46,isaac_reset,0.3429,0.0509,-0.2471,0.0752,0.3491,0.0583,0.3411,0.0078,0.0711,0.0114,0.4008,0.8935,22.077,0.5743,3.288
3990,0,7,run,0.3,0.4,0.0,False,783,7.83,isaac_reset,0.3625,0.0565,-0.0127,0.0763,0.3435,0.0534,0.3372,0.0064,0.1012,0.0193,0.399,0.9295,24.2533,0.3324,3.284
3991,1,7,run,0.3,0.4,0.0,False,335,3.35,isaac_reset,0.3601,0.0564,-0.0213,0.079,0.3436,0.0556,0.3386,0.0066,0.0998,0.0162,0.401,0.9123,23.3276,2.3328,3.284
3992,2,7,run,0.3,0.4,0.0,True,1000,10.0,timeout,0.3627,0.0562,-0.0213,0.0627,0.3438,0.0566,0.3399,0.003,0.0998,0.0103,0.4008,0.9313,22.6783,4.146,3.284
3993,3,7,run,0.3,0.4,0.0,False,99,0.99,isaac_reset,0.357,0.0506,-0.0241,0.0662,0.3494,0.0638,0.3414,0.007,0.0838,0.014,0.3998,0.9283,22.2162,3.5127,3.284
3994,4,7,run,0.3,0.4,0.0,False,696,6.96,isaac_reset,0.3467,0.0534,-0.022,0.0739,0.3466,0.0668,0.3409,0.0065,0.096,0.0107,0.3995,0.9,22.218,0.2176,3.284
3995,0,7,run,0.3,0.4,0.25,False,833,8.33,isaac_reset,0.3739,0.0633,0.2069,0.0882,0.3367,0.0628,0.336,0.0064,0.1,0.0282,0.3985,0.9258,24.1714,0.2759,3.279
3996,1,7,run,0.3,0.4,0.25,False,385,3.85,isaac_reset,0.3725,0.0604,0.1966,0.0863,0.3396,0.0721,0.3389,0.0063,0.0907,0.0248,0.3983,0.9303,23.113,2.2549,3.279
3997,2,7,run,0.3,0.4,0.25,True,1000,10.0,timeout,0.3689,0.0582,0.1963,0.0774,0.3418,0.0761,0.3387,0.0049,0.0962,0.021,0.4038,0.9088,22.6106,3.5424,3.279
3998,3,7,run,0.3,0.4,0.25,False,149,1.49,isaac_reset,0.3624,0.0618,0.1975,0.0832,0.3382,0.0783,0.3403,0.0064,0.0932,0.0213,0.3985,0.9125,22.156,2.7502,3.279
3999,4,7,run,0.3,0.4,0.25,False,746,7.46,isaac_reset,0.3619,0.0591,0.1969,0.0818,0.3409,0.0789,0.3402,0.0067,0.0963,0.0203,0.4023,0.9025,22.1829,0.3182,3.279
4000,0,7,run,0.3,0.4,0.5,False,883,8.83,isaac_reset,0.3942,0.0741,0.4161,0.0949,0.3259,0.0917,0.3353,0.0038,0.0834,0.0339,0.3993,0.9333,23.9345,0.6272,2.945
4001,1,7,run,0.3,0.4,0.5,False,435,4.35,isaac_reset,0.3837,0.0691,0.4013,0.0971,0.3309,0.1074,0.3377,0.0076,0.0755,0.0315,0.4041,0.9104,22.9988,0.4272,2.945
4002,2,7,run,0.3,0.4,0.5,False,32,0.32,isaac_reset,0.372,0.0726,0.4076,0.0992,0.3274,0.1076,0.339,0.0079,0.0818,0.0269,0.4027,0.9058,22.3649,1.8613,2.945
4003,3,7,run,0.3,0.4,0.5,False,199,1.99,isaac_reset,0.3776,0.0699,0.3993,0.0971,0.3301,0.1143,0.3401,0.007,0.0745,0.0281,0.401,0.9106,21.8895,1.7315,2.945
4004,4,7,run,0.3,0.4,0.5,False,796,7.96,isaac_reset,0.3799,0.0681,0.401,0.0956,0.3319,0.1142,0.3411,0.0066,0.0722,0.0263,0.3976,0.9304,22.0028,1.2738,2.945
4005,0,7,run,0.6,-0.4,-0.5,True,1000,10.0,timeout,0.5069,-0.0501,-0.4478,0.0931,0.3499,0.0696,0.334,0.0029,0.0568,0.0018,0.4,0.9335,24.8885,1.5126,3.279
4006,1,7,run,0.6,-0.4,-0.5,False,601,6.01,isaac_reset,0.484,-0.0512,-0.4515,0.116,0.3488,0.0738,0.3371,0.0064,0.048,0.0053,0.398,0.931,23.8495,2.7718,3.279
4007,2,7,run,0.6,-0.4,-0.5,False,198,1.98,isaac_reset,0.4853,-0.0553,-0.4534,0.1147,0.3447,0.0758,0.3384,0.0068,0.058,0.0067,0.402,0.9,23.2675,3.402,3.279
4008,3,7,run,0.6,-0.4,-0.5,False,365,3.65,isaac_reset,0.4835,-0.0533,-0.4596,0.1165,0.3467,0.0762,0.3394,0.0066,0.0561,0.0069,0.4015,0.906,22.839,4.1454,3.279
4009,4,7,run,0.6,-0.4,-0.5,False,962,9.62,isaac_reset,0.4888,-0.0537,-0.4611,0.1112,0.3463,0.0764,0.34,0.0062,0.0497,0.0065,0.401,0.9145,22.7789,0.8575,3.279
4010,0,7,run,0.6,-0.4,-0.25,True,1000,10.0,timeout,0.503,-0.0463,-0.2357,0.097,0.3537,0.0683,0.3343,0.0029,0.0375,0.0105,0.3995,0.9335,24.7186,3.4743,3.282
4011,1,7,run,0.6,-0.4,-0.25,False,651,6.51,isaac_reset,0.4946,-0.0488,-0.2386,0.1054,0.3512,0.0695,0.3366,0.007,0.044,0.0086,0.3993,0.9083,23.6713,0.8928,3.282
4012,2,7,run,0.6,-0.4,-0.25,False,248,2.48,isaac_reset,0.4928,-0.0488,-0.2416,0.1072,0.3512,0.0708,0.3383,0.0066,0.0444,0.0041,0.401,0.907,23.0504,2.3884,3.282
4013,3,7,run,0.6,-0.4,-0.25,False,415,4.15,isaac_reset,0.4953,-0.0458,-0.2469,0.1047,0.3542,0.0732,0.3394,0.0064,0.0403,0.006,0.401,0.916,22.6026,1.8637,3.282
4014,4,7,run,0.6,-0.4,-0.25,True,1000,10.0,timeout,0.5115,-0.0465,-0.2536,0.0885,0.3535,0.0713,0.3397,0.0032,0.0417,0.0009,0.401,0.934,22.699,3.9686,3.282
4015,0,7,run,0.6,-0.4,0.0,True,1000,10.0,timeout,0.5021,-0.0468,-0.0432,0.0979,0.3532,0.0835,0.3343,0.0063,0.007,0.0207,0.407,0.934,24.4885,5.1462,3.285
4016,1,7,run,0.6,-0.4,0.0,False,701,7.01,isaac_reset,0.5075,-0.0428,-0.0458,0.0925,0.3572,0.0821,0.3368,0.0065,0.0146,0.0151,0.4005,0.9203,23.5364,0.8741,3.285
4017,2,7,run,0.6,-0.4,0.0,False,298,2.98,isaac_reset,0.5063,-0.0401,-0.0497,0.0937,0.3599,0.0814,0.3381,0.0066,0.0238,0.0123,0.3988,0.9123,22.8252,2.276,3.285
4018,3,7,run,0.6,-0.4,0.0,False,465,4.65,isaac_reset,0.5112,-0.0398,-0.0513,0.0888,0.3602,0.0845,0.3392,0.0064,0.0199,0.0119,0.4005,0.9188,22.4601,1.6598,3.285
4019,4,7,run,0.6,-0.4,0.0,True,1000,10.0,timeout,0.5238,-0.0406,-0.0504,0.0762,0.3594,0.0823,0.3387,0.0032,0.0229,0.0094,0.3995,0.933,22.3627,5.8836,3.285
4020,0,7,run,0.6,-0.4,0.25,False,49,0.49,isaac_reset,0.5058,-0.0441,0.1578,0.0942,0.3559,0.1035,0.3331,0.0069,0.0143,0.0194,0.4,0.9295,24.5554,4.3651,3.296
4021,1,7,run,0.6,-0.4,0.25,False,751,7.51,isaac_reset,0.5156,-0.0389,0.1482,0.0844,0.3611,0.1151,0.336,0.0067,0.0169,0.0162,0.3975,0.929,23.5003,0.6434,3.296
4022,2,7,run,0.6,-0.4,0.25,False,348,3.48,isaac_reset,0.5207,-0.0369,0.1463,0.0793,0.3631,0.1209,0.3372,0.0066,0.0257,0.0142,0.4005,0.911,22.8045,2.6091,3.296
4023,3,7,run,0.6,-0.4,0.25,False,515,5.15,isaac_reset,0.5265,-0.0401,0.1454,0.0735,0.3599,0.1229,0.3385,0.0069,0.0169,0.0147,0.398,0.9295,22.4377,0.8557,3.296
4024,4,7,run,0.6,-0.4,0.25,True,1000,10.0,timeout,0.5343,-0.0373,0.1464,0.0657,0.3627,0.1198,0.3377,0.0038,0.028,0.0117,0.4005,0.928,22.422,4.6502,3.296
4025,0,7,run,0.6,-0.4,0.5,False,99,0.99,isaac_reset,0.5202,-0.0441,0.3809,0.0798,0.3559,0.1251,0.3328,0.0076,0.0431,0.0216,0.3971,0.9267,24.7962,3.2829,2.701
4026,1,7,run,0.6,-0.4,0.5,False,801,8.01,isaac_reset,0.5605,-0.0347,0.365,0.0395,0.3653,0.1369,0.3344,0.0045,0.0579,0.0138,0.3984,0.933,23.7699,1.6183,2.701
4027,2,7,run,0.6,-0.4,0.5,False,398,3.98,isaac_reset,0.5288,-0.04,0.3683,0.0712,0.36,0.1412,0.3375,0.0077,0.044,0.016,0.3996,0.9296,23.08,1.1268,2.701
4028,3,7,run,0.6,-0.4,0.5,False,565,5.65,isaac_reset,0.5347,-0.0355,0.3598,0.0653,0.3645,0.1476,0.3381,0.0074,0.0526,0.0151,0.4012,0.9146,22.7446,1.2962,2.701
4029,4,7,run,0.6,-0.4,0.5,False,12,0.12,isaac_reset,0.5304,-0.0326,0.3582,0.0696,0.3674,0.1492,0.3381,0.0079,0.0556,0.0148,0.4006,0.9099,22.6663,4.1334,2.701
4030,0,7,run,0.6,-0.2,-0.5,False,347,3.47,isaac_reset,0.4819,-0.0269,-0.4363,0.1181,0.1731,0.0752,0.335,0.0066,0.0514,0.0065,0.3995,0.9273,24.8877,4.8732,3.283
4031,1,7,run,0.6,-0.2,-0.5,True,1000,10.0,timeout,0.503,-0.0261,-0.4518,0.097,0.1739,0.0634,0.337,0.003,0.0542,0.002,0.4005,0.9335,23.9656,1.4306,3.283
4032,2,7,run,0.6,-0.2,-0.5,False,646,6.46,isaac_reset,0.4806,-0.0295,-0.4483,0.1194,0.1705,0.0712,0.339,0.0066,0.0539,0.0061,0.4003,0.915,23.2569,2.6285,3.283
4033,3,7,run,0.6,-0.2,-0.5,False,813,8.13,isaac_reset,0.4839,-0.0266,-0.4516,0.1161,0.1734,0.0745,0.3405,0.0061,0.0533,0.0084,0.3998,0.9228,22.842,0.4149,3.283
4034,4,7,run,0.6,-0.2,-0.5,False,260,2.6,isaac_reset,0.4854,-0.0253,-0.4545,0.1146,0.1747,0.073,0.3402,0.0066,0.056,0.0067,0.3998,0.9133,22.6807,5.3075,3.283
4035,0,7,run,0.6,-0.2,-0.25,False,397,3.97,isaac_reset,0.4851,-0.0235,-0.2162,0.1149,0.1765,0.0667,0.3351,0.0064,0.0473,0.0123,0.3975,0.9285,24.7767,2.1994,3.288
4036,1,7,run,0.6,-0.2,-0.25,True,1000,10.0,timeout,0.5006,-0.0206,-0.2221,0.0994,0.1794,0.0627,0.3373,0.0031,0.0527,0.0051,0.3995,0.933,23.8129,4.3515,3.288
4037,2,7,run,0.6,-0.2,-0.25,False,696,6.96,isaac_reset,0.4946,-0.0216,-0.2307,0.1054,0.1784,0.0641,0.339,0.0067,0.0548,0.0045,0.4013,0.9118,23.1516,0.4624,3.288
4038,3,7,run,0.6,-0.2,-0.25,False,863,8.63,isaac_reset,0.4952,-0.0207,-0.233,0.1048,0.1793,0.0671,0.3402,0.0064,0.0559,0.0048,0.4,0.913,22.7135,0.7014,3.288
4039,4,7,run,0.6,-0.2,-0.25,False,310,3.1,isaac_reset,0.4935,-0.0253,-0.2323,0.1065,0.1747,0.0687,0.3403,0.0064,0.0467,0.0064,0.3983,0.9308,22.602,1.8093,3.288
4040,0,7,run,0.6,-0.2,0.0,False,447,4.47,isaac_reset,0.5006,-0.0238,-0.0283,0.0994,0.1762,0.0704,0.3353,0.0067,0.0261,0.0189,0.4,0.9305,24.5165,2.0448,3.281
4041,1,7,run,0.6,-0.2,0.0,True,1000,10.0,timeout,0.4991,-0.0203,-0.0328,0.1009,0.1797,0.0682,0.3372,0.0062,0.0263,0.0143,0.3998,0.9263,23.4595,4.8028,3.281
4042,2,7,run,0.6,-0.2,0.0,False,746,7.46,isaac_reset,0.5088,-0.0186,-0.0359,0.0912,0.1814,0.0711,0.3392,0.0067,0.0282,0.0117,0.3985,0.929,22.8614,0.8759,3.281
4043,3,7,run,0.6,-0.2,0.0,False,913,9.13,isaac_reset,0.4976,-0.0201,-0.0262,0.1024,0.1799,0.0759,0.3399,0.0062,0.0304,0.0099,0.398,0.93,22.4478,0.0953,3.281
4044,4,7,run,0.6,-0.2,0.0,False,360,3.6,isaac_reset,0.5062,-0.0194,-0.0317,0.0938,0.1806,0.0765,0.3401,0.0064,0.03,0.0107,0.4003,0.9308,22.3327,1.7303,3.281
4045,0,7,run,0.6,-0.2,0.25,False,497,4.97,isaac_reset,0.5167,-0.021,0.1425,0.0833,0.179,0.1147,0.3339,0.0075,0.0354,0.0208,0.3996,0.9292,24.4815,0.9504,3.19
4046,1,7,run,0.6,-0.2,0.25,False,49,0.49,isaac_reset,0.5176,-0.0141,0.1366,0.0824,0.1859,0.1219,0.3361,0.0067,0.0411,0.0148,0.3981,0.9225,23.504,3.5362,3.19
4047,2,7,run,0.6,-0.2,0.25,False,796,7.96,isaac_reset,0.5189,-0.0121,0.1362,0.0811,0.1879,0.1239,0.338,0.0066,0.0424,0.0135,0.3989,0.9162,22.8713,0.5446,3.19
4048,3,7,run,0.6,-0.2,0.25,False,963,9.63,isaac_reset,0.5388,-0.011,0.1319,0.0612,0.189,0.1272,0.3384,0.0039,0.0421,0.0091,0.3989,0.9326,22.4443,0.8803,3.19
4049,4,7,run,0.6,-0.2,0.25,False,410,4.1,isaac_reset,0.5175,-0.013,0.1378,0.0825,0.187,0.1268,0.3391,0.0065,0.0454,0.0108,0.4009,0.9113,22.447,2.2663,3.19
4050,0,7,run,0.6,-0.2,0.5,False,583,5.83,isaac_reset,0.5281,-0.0156,0.3718,0.0719,0.1844,0.136,0.3331,0.0073,0.0539,0.0215,0.399,0.9283,24.6999,0.8289,3.288
4051,1,7,run,0.6,-0.2,0.5,False,135,1.35,isaac_reset,0.5331,-0.0094,0.3601,0.0669,0.1906,0.1424,0.3354,0.0068,0.0572,0.0185,0.4003,0.9238,23.7324,3.6546,3.288
4052,2,7,run,0.6,-0.2,0.5,False,882,8.82,isaac_reset,0.5383,-0.0086,0.357,0.0617,0.1914,0.148,0.3372,0.0069,0.0572,0.0157,0.3995,0.916,22.9422,0.4779,3.288
4053,3,7,run,0.6,-0.2,0.5,True,1000,10.0,timeout,0.5582,-0.008,0.3544,0.0418,0.192,0.1493,0.338,0.0039,0.0541,0.0118,0.401,0.934,22.642,2.9552,3.288
4054,4,7,run,0.6,-0.2,0.5,False,496,4.96,isaac_reset,0.5338,-0.012,0.3602,0.0662,0.188,0.1477,0.3385,0.007,0.056,0.0153,0.3998,0.9118,22.5344,1.6026,3.288
4055,0,7,run,0.6,0.0,-0.5,False,633,6.33,isaac_reset,0.4853,0.002,-0.4389,0.1147,0.0178,0.0726,0.3356,0.0067,0.047,0.0095,0.399,0.9268,24.7423,2.1516,3.292
4056,1,7,run,0.6,0.0,-0.5,False,185,1.85,isaac_reset,0.4851,0.0003,-0.4479,0.1149,0.017,0.064,0.3382,0.0062,0.0484,0.006,0.3988,0.9248,23.8932,5.5243,3.292
4057,2,7,run,0.6,0.0,-0.5,False,932,9.32,isaac_reset,0.484,-0.0002,-0.4538,0.116,0.0193,0.0648,0.3399,0.0062,0.0482,0.005,0.4,0.9203,23.084,1.1338,3.292
4058,3,7,run,0.6,0.0,-0.5,True,1000,10.0,timeout,0.4969,0.0011,-0.4609,0.1031,0.0194,0.062,0.3405,0.0031,0.0491,0.0036,0.4005,0.9335,22.7842,3.9607,3.292
4059,4,7,run,0.6,0.0,-0.5,False,546,5.46,isaac_reset,0.4747,0.0023,-0.4494,0.1253,0.0204,0.0714,0.3407,0.0061,0.0494,0.0056,0.399,0.914,22.6475,2.9152,3.292
4060,0,7,run,0.6,0.0,-0.25,False,683,6.83,isaac_reset,0.4879,0.0021,-0.2095,0.1121,0.0187,0.0611,0.3355,0.0065,0.0536,0.0115,0.3995,0.9293,24.8232,0.8544,3.286
4061,1,7,run,0.6,0.0,-0.25,False,235,2.35,isaac_reset,0.4862,0.0047,-0.2173,0.1138,0.0167,0.0557,0.338,0.0064,0.0523,0.0089,0.3978,0.9228,23.7506,2.2828,3.286
4062,2,7,run,0.6,0.0,-0.25,False,982,9.82,isaac_reset,0.4977,0.0071,-0.2244,0.1023,0.0188,0.0569,0.3401,0.0061,0.0558,0.002,0.3978,0.9243,23.0402,0.4254,3.286
4063,3,7,run,0.6,0.0,-0.25,True,1000,10.0,timeout,0.4923,0.0063,-0.2265,0.1077,0.0199,0.0612,0.341,0.0059,0.0539,0.0051,0.3985,0.927,22.7441,3.2663,3.286
4064,4,7,run,0.6,0.0,-0.25,False,596,5.96,isaac_reset,0.4929,0.0062,-0.2284,0.1071,0.0194,0.0574,0.3408,0.0062,0.0565,0.0056,0.399,0.917,22.6385,0.5066,3.286
4065,0,7,run,0.6,0.0,0.0,False,733,7.33,isaac_reset,0.4895,0.005,-0.0052,0.1105,0.0187,0.0582,0.3357,0.0066,0.0631,0.0138,0.4,0.9285,24.6989,0.4146,3.278
4066,1,7,run,0.6,0.0,0.0,False,285,2.85,isaac_reset,0.4916,0.0078,-0.0106,0.1084,0.0176,0.0593,0.338,0.0061,0.0587,0.0102,0.3985,0.93,23.733,2.2517,3.278
4067,2,7,run,0.6,0.0,0.0,True,1000,10.0,timeout,0.5088,0.0095,-0.0129,0.0912,0.0191,0.0542,0.339,0.0032,0.0685,0.0058,0.4,0.9335,23.0771,5.5313,3.278
4068,3,7,run,0.6,0.0,0.0,False,49,0.49,isaac_reset,0.4962,0.0063,-0.0169,0.1038,0.0193,0.0618,0.3404,0.0061,0.059,0.0091,0.3993,0.929,22.712,4.7067,3.278
4069,4,7,run,0.6,0.0,0.0,False,646,6.46,isaac_reset,0.4968,0.0091,-0.0153,0.1032,0.0204,0.0602,0.3406,0.0063,0.0697,0.0074,0.3993,0.9215,22.7564,0.8389,3.278
4070,0,7,run,0.6,0.0,0.25,False,783,7.83,isaac_reset,0.5115,0.0093,0.1523,0.0885,0.0171,0.1063,0.3347,0.0068,0.0573,0.0182,0.3995,0.9295,24.5219,0.6373,3.279
4071,1,7,run,0.6,0.0,0.25,False,335,3.35,isaac_reset,0.5126,0.0149,0.1429,0.0874,0.017,0.1128,0.3371,0.0063,0.0603,0.013,0.3978,0.924,23.5932,1.6559,3.279
4072,2,7,run,0.6,0.0,0.25,True,1000,10.0,timeout,0.5324,0.0142,0.142,0.0676,0.0176,0.1138,0.3379,0.0033,0.0587,0.0105,0.401,0.934,22.9642,4.5086,3.279
4073,3,7,run,0.6,0.0,0.25,False,99,0.99,isaac_reset,0.5181,0.0135,0.1455,0.0819,0.0198,0.1158,0.3396,0.0062,0.0579,0.0123,0.397,0.9245,22.5625,4.2657,3.279
4074,4,7,run,0.6,0.0,0.25,False,696,6.96,isaac_reset,0.517,0.0151,0.1466,0.083,0.0194,0.1152,0.3396,0.0063,0.0601,0.012,0.4008,0.9208,22.5505,1.1638,3.279
4075,0,7,run,0.6,0.0,0.5,False,833,8.33,isaac_reset,0.5322,0.0138,0.3636,0.0678,0.0173,0.139,0.334,0.0071,0.0546,0.0231,0.3993,0.9308,24.5936,0.4432,3.281
4076,1,7,run,0.6,0.0,0.5,False,385,3.85,isaac_reset,0.53,0.0107,0.3673,0.07,0.0177,0.1407,0.3361,0.0069,0.051,0.0188,0.4,0.9295,23.6213,2.683,3.281
4077,2,7,run,0.6,0.0,0.5,True,1000,10.0,timeout,0.5439,0.0172,0.3651,0.0561,0.0178,0.1415,0.3373,0.0038,0.0546,0.0156,0.4008,0.9293,22.864,4.4432,3.281
4078,3,7,run,0.6,0.0,0.5,False,149,1.49,isaac_reset,0.5344,0.0149,0.3599,0.0656,0.019,0.1463,0.3391,0.0066,0.0489,0.0158,0.398,0.929,22.4368,3.7469,3.281
4079,4,7,run,0.6,0.0,0.5,False,746,7.46,isaac_reset,0.5365,0.0181,0.3596,0.0635,0.0184,0.1468,0.3391,0.0066,0.0522,0.0149,0.3995,0.92,22.4255,1.1055,3.281
4080,0,7,run,0.6,0.2,-0.5,False,883,8.83,isaac_reset,0.4894,0.0334,-0.4519,0.1106,0.1666,0.0551,0.336,0.0036,0.0483,0.008,0.3993,0.9327,24.7017,1.001,2.922
4081,1,7,run,0.6,0.2,-0.5,False,435,4.35,isaac_reset,0.4763,0.0264,-0.4518,0.1237,0.1736,0.0614,0.3388,0.0065,0.0383,0.0098,0.399,0.9262,23.6273,3.4338,2.922
4082,2,7,run,0.6,0.2,-0.5,False,32,0.32,isaac_reset,0.4771,0.0289,-0.4599,0.1229,0.1711,0.0618,0.3407,0.0063,0.0424,0.0059,0.3976,0.9236,22.9754,4.3279,2.922
4083,3,7,run,0.6,0.2,-0.5,False,199,1.99,isaac_reset,0.482,0.03,-0.4645,0.118,0.17,0.0643,0.3418,0.0063,0.0397,0.0061,0.3979,0.9296,22.5832,5.6584,2.922
4084,4,7,run,0.6,0.2,-0.5,False,796,7.96,isaac_reset,0.4759,0.0295,-0.4639,0.1241,0.1705,0.066,0.3416,0.0063,0.0423,0.0062,0.3996,0.9194,22.5931,1.6864,2.922
4085,0,7,run,0.6,0.2,-0.25,True,1000,10.0,timeout,0.5058,0.0363,-0.2213,0.0942,0.1637,0.0448,0.336,0.0029,0.072,0.006,0.4,0.9335,24.8615,4.2163,3.277
4086,1,7,run,0.6,0.2,-0.25,False,601,6.01,isaac_reset,0.4979,0.0294,-0.2294,0.1021,0.1706,0.0464,0.3387,0.0066,0.0584,0.0098,0.3983,0.9323,23.7637,0.2152,3.277
4087,2,7,run,0.6,0.2,-0.25,False,198,1.98,isaac_reset,0.4871,0.0287,-0.2309,0.1129,0.1713,0.0501,0.3406,0.0063,0.0562,0.007,0.4003,0.9303,23.067,3.5606,3.277
4088,3,7,run,0.6,0.2,-0.25,False,365,3.65,isaac_reset,0.4909,0.0299,-0.2373,0.1091,0.1701,0.0504,0.3412,0.0063,0.0554,0.0072,0.3998,0.9295,22.6935,1.915,3.277
4089,4,7,run,0.6,0.2,-0.25,False,962,9.62,isaac_reset,0.4898,0.034,-0.237,0.1102,0.166,0.0503,0.3416,0.0061,0.063,0.0025,0.399,0.9245,22.7215,1.0157,3.277
4090,0,7,run,0.6,0.2,0.0,True,1000,10.0,timeout,0.5163,0.0311,-0.0109,0.0837,0.1689,0.0479,0.3355,0.0029,0.096,0.0091,0.3998,0.9338,24.8953,5.0328,3.308
4091,1,7,run,0.6,0.2,0.0,False,651,6.51,isaac_reset,0.5006,0.0325,-0.0136,0.0994,0.1675,0.0487,0.3388,0.0062,0.0911,0.0063,0.3993,0.9273,24.0344,0.8924,3.308
4092,2,7,run,0.6,0.2,0.0,False,248,2.48,isaac_reset,0.4933,0.0316,-0.015,0.1067,0.1684,0.0516,0.3401,0.0061,0.0873,0.0056,0.398,0.9255,23.3573,3.3958,3.308
4093,3,7,run,0.6,0.2,0.0,False,415,4.15,isaac_reset,0.4969,0.0351,-0.019,0.1031,0.1649,0.0545,0.3411,0.0061,0.0861,0.0061,0.3995,0.9298,22.9955,2.6924,3.308
4094,4,7,run,0.6,0.2,0.0,True,1000,10.0,timeout,0.5092,0.0361,-0.0163,0.0908,0.1639,0.0499,0.3404,0.0032,0.0947,0.0017,0.4005,0.9335,22.9611,5.59,3.308
4095,0,7,run,0.6,0.2,0.25,True,1000,10.0,timeout,0.5131,0.0356,0.1768,0.0869,0.1644,0.0858,0.335,0.0061,0.0812,0.0184,0.399,0.9295,24.6634,4.0038,3.286
4096,1,7,run,0.6,0.2,0.25,False,701,7.01,isaac_reset,0.51,0.0339,0.1756,0.09,0.1661,0.0891,0.3378,0.0062,0.0785,0.015,0.398,0.9283,23.7388,0.9689,3.286
4097,2,7,run,0.6,0.2,0.25,False,298,2.98,isaac_reset,0.5115,0.0343,0.1754,0.0885,0.1657,0.0909,0.3394,0.0067,0.0773,0.0119,0.399,0.927,23.115,2.4282,3.286
4098,3,7,run,0.6,0.2,0.25,False,465,4.65,isaac_reset,0.5121,0.0339,0.177,0.0879,0.1661,0.0932,0.3403,0.0065,0.0755,0.0123,0.3985,0.9295,22.7572,0.7119,3.286
4099,4,7,run,0.6,0.2,0.25,True,1000,10.0,timeout,0.5267,0.0392,0.1795,0.0733,0.1608,0.0892,0.3396,0.0032,0.0845,0.0095,0.401,0.934,22.6922,5.3736,3.286
4100,0,7,run,0.6,0.2,0.5,False,49,0.49,isaac_reset,0.5386,0.0348,0.3693,0.0614,0.1652,0.1324,0.3343,0.0072,0.0534,0.025,0.3993,0.9275,24.4264,3.6863,3.291
4101,1,7,run,0.6,0.2,0.5,False,751,7.51,isaac_reset,0.5313,0.0395,0.3718,0.0687,0.1605,0.1325,0.3369,0.0065,0.0563,0.0202,0.399,0.9295,23.4932,0.853,3.291
4102,2,7,run,0.6,0.2,0.5,False,348,3.48,isaac_reset,0.535,0.0375,0.3711,0.065,0.1625,0.1343,0.3385,0.0069,0.0569,0.0166,0.3985,0.926,22.8272,2.0287,3.291
4103,3,7,run,0.6,0.2,0.5,False,515,5.15,isaac_reset,0.5359,0.0398,0.3722,0.0641,0.1602,0.1359,0.3396,0.0068,0.0574,0.0167,0.398,0.928,22.4442,1.0343,3.291
4104,4,7,run,0.6,0.2,0.5,True,1000,10.0,timeout,0.5469,0.0432,0.3762,0.0531,0.1568,0.1316,0.3392,0.0036,0.0595,0.0147,0.3998,0.9333,22.2807,4.3006,3.291
4105,0,7,run,0.6,0.4,-0.5,False,99,0.99,isaac_reset,0.4824,0.0536,-0.468,0.1176,0.3464,0.0509,0.3371,0.0076,0.0457,0.0135,0.3987,0.9249,24.6437,4.8793,2.702
4106,1,7,run,0.6,0.4,-0.5,False,801,8.01,isaac_reset,0.4879,0.0594,-0.4756,0.1121,0.3406,0.0445,0.3392,0.0037,0.0443,0.0066,0.4002,0.9327,23.6502,0.8325,2.702
4107,2,7,run,0.6,0.4,-0.5,False,398,3.98,isaac_reset,0.4684,0.0527,-0.4694,0.1316,0.3473,0.0565,0.3411,0.0065,0.042,0.0087,0.3971,0.9227,22.967,4.4433,2.702
4108,3,7,run,0.6,0.4,-0.5,False,565,5.65,isaac_reset,0.4705,0.0535,-0.4706,0.1295,0.3465,0.0612,0.3422,0.0065,0.0402,0.0081,0.3987,0.9317,22.6691,1.8473,2.702
4109,4,7,run,0.6,0.4,-0.5,False,12,0.12,isaac_reset,0.473,0.0591,-0.4789,0.127,0.3409,0.0598,0.3424,0.0064,0.0447,0.0063,0.399,0.9252,22.5315,4.0238,2.702
4110,0,7,run,0.6,0.4,-0.25,False,347,3.47,isaac_reset,0.4963,0.0531,-0.2446,0.1037,0.3469,0.0435,0.3363,0.0075,0.0788,0.0107,0.4,0.9275,24.8642,2.6873,3.292
4111,1,7,run,0.6,0.4,-0.25,True,1000,10.0,timeout,0.494,0.0625,-0.2482,0.106,0.3375,0.0384,0.3388,0.003,0.0821,0.0022,0.401,0.9335,24.0243,3.9438,3.292
4112,2,7,run,0.6,0.4,-0.25,False,646,6.46,isaac_reset,0.4797,0.0571,-0.2481,0.1203,0.3429,0.0489,0.3406,0.0063,0.0711,0.004,0.397,0.9245,23.2654,1.5757,3.292
4113,3,7,run,0.6,0.4,-0.25,False,813,8.13,isaac_reset,0.4843,0.0551,-0.2481,0.1157,0.3449,0.055,0.3418,0.0061,0.067,0.006,0.4,0.93,22.8937,0.9442,3.292
4114,4,7,run,0.6,0.4,-0.25,False,260,2.6,isaac_reset,0.4831,0.0583,-0.2491,0.1169,0.3417,0.051,0.3419,0.0059,0.0692,0.0061,0.3978,0.9258,22.7062,2.7855,3.292
4115,0,7,run,0.6,0.4,0.0,False,397,3.97,isaac_reset,0.5108,0.0552,-0.0149,0.0892,0.3448,0.0453,0.3361,0.0072,0.1039,0.011,0.3993,0.9278,25.0038,2.8172,3.295
4116,1,7,run,0.6,0.4,0.0,True,1000,10.0,timeout,0.5061,0.0589,-0.0136,0.0939,0.3411,0.0441,0.3381,0.003,0.102,0.0046,0.3998,0.9333,23.9338,5.5748,3.295
4117,2,7,run,0.6,0.4,0.0,False,696,6.96,isaac_reset,0.4963,0.0596,-0.0177,0.1037,0.3404,0.0514,0.3402,0.0061,0.0964,0.0068,0.3978,0.9228,23.3298,0.4084,3.295
4118,3,7,run,0.6,0.4,0.0,False,863,8.63,isaac_reset,0.492,0.0626,-0.0179,0.108,0.3374,0.0558,0.3411,0.0062,0.0939,0.0073,0.398,0.9315,22.9749,0.3002,3.295
4119,4,7,run,0.6,0.4,0.0,False,310,3.1,isaac_reset,0.497,0.0621,-0.0229,0.103,0.3379,0.0565,0.3414,0.006,0.0922,0.0067,0.3975,0.9295,22.9227,2.6987,3.295
4120,0,7,run,0.6,0.4,0.25,False,447,4.47,isaac_reset,0.5239,0.0546,0.202,0.0761,0.3454,0.0652,0.3357,0.0071,0.0965,0.02,0.3995,0.9285,24.8354,1.4512,3.284
4121,1,7,run,0.6,0.4,0.25,True,1000,10.0,timeout,0.5101,0.0543,0.2022,0.0899,0.3457,0.0705,0.3379,0.0061,0.0909,0.015,0.3995,0.9295,23.8203,4.8594,3.284
4122,2,7,run,0.6,0.4,0.25,False,746,7.46,isaac_reset,0.5035,0.0578,0.2009,0.0965,0.3422,0.0723,0.3394,0.0063,0.0917,0.0111,0.399,0.928,23.2147,0.81,3.284
4123,3,7,run,0.6,0.4,0.25,False,913,9.13,isaac_reset,0.5171,0.0595,0.2021,0.0829,0.3405,0.0731,0.3404,0.0064,0.0924,0.0104,0.3988,0.9308,22.8433,0.4957,3.284
4124,4,7,run,0.6,0.4,0.25,False,360,3.6,isaac_reset,0.507,0.0597,0.2011,0.093,0.3403,0.076,0.3406,0.0062,0.0883,0.0101,0.3993,0.9278,22.8039,2.7633,3.284
4125,0,7,run,0.6,0.4,0.5,False,497,4.97,isaac_reset,0.5385,0.0615,0.3974,0.0615,0.3385,0.1088,0.3352,0.0072,0.0705,0.0275,0.3986,0.9282,24.4428,0.2897,3.175
4126,1,7,run,0.6,0.4,0.5,False,49,0.49,isaac_reset,0.5247,0.0618,0.4038,0.0753,0.3382,0.1063,0.3375,0.0065,0.0713,0.0207,0.3973,0.9326,23.5412,3.5523,3.175
4127,2,7,run,0.6,0.4,0.5,False,796,7.96,isaac_reset,0.5302,0.0647,0.4064,0.0698,0.3353,0.1096,0.3392,0.0067,0.0746,0.0181,0.3983,0.9284,22.9051,1.0253,3.175
4128,3,7,run,0.6,0.4,0.5,False,963,9.63,isaac_reset,0.549,0.0701,0.4133,0.051,0.3299,0.1028,0.339,0.004,0.0844,0.0133,0.3999,0.9331,22.7,0.9972,3.175
4129,4,7,run,0.6,0.4,0.5,False,410,4.1,isaac_reset,0.5213,0.0648,0.4069,0.0787,0.3352,0.1096,0.3398,0.0064,0.0748,0.0164,0.3981,0.9271,22.5672,1.8227,3.175
4130,0,7,run,0.9,-0.4,-0.5,False,583,5.83,isaac_reset,0.6313,-0.038,-0.4361,0.2687,0.362,0.0769,0.3336,0.0075,0.0549,0.0106,0.399,0.9283,25.6791,3.2042,3.292
4131,1,7,run,0.9,-0.4,-0.5,False,135,1.35,isaac_reset,0.633,-0.0433,-0.448,0.267,0.3567,0.0755,0.337,0.0063,0.0523,0.0137,0.3978,0.9318,24.6532,5.2429,3.292
4132,2,7,run,0.9,-0.4,-0.5,False,882,8.82,isaac_reset,0.6281,-0.0405,-0.4495,0.2719,0.3595,0.0766,0.3384,0.0064,0.054,0.017,0.3988,0.9263,24.0478,0.3811,3.292
4133,3,7,run,0.9,-0.4,-0.5,True,1000,10.0,timeout,0.6531,-0.0379,-0.4576,0.2469,0.3621,0.0691,0.339,0.0032,0.0573,0.0151,0.4005,0.9335,23.6886,1.7745,3.292
4134,4,7,run,0.9,-0.4,-0.5,False,496,4.96,isaac_reset,0.6232,-0.0392,-0.4486,0.2768,0.3608,0.0772,0.3395,0.0062,0.054,0.0161,0.3988,0.9268,23.635,5.2092,3.292
4135,0,7,run,0.9,-0.4,-0.25,False,633,6.33,isaac_reset,0.6455,-0.0379,-0.2299,0.2545,0.3621,0.0678,0.3334,0.0077,0.0485,0.0078,0.3988,0.9288,25.4984,0.7288,3.284
4136,1,7,run,0.9,-0.4,-0.25,False,185,1.85,isaac_reset,0.6397,-0.0383,-0.2366,0.2603,0.3617,0.0658,0.3361,0.0067,0.046,0.0068,0.3983,0.925,24.5425,3.3279,3.284
4137,2,7,run,0.9,-0.4,-0.25,False,932,9.32,isaac_reset,0.642,-0.0389,-0.2401,0.258,0.3611,0.0691,0.3383,0.0065,0.0509,0.0118,0.3998,0.9263,23.9047,0.4968,3.284
4138,3,7,run,0.9,-0.4,-0.25,True,1000,10.0,timeout,0.6616,-0.0365,-0.2438,0.2384,0.3635,0.0697,0.3387,0.0033,0.0495,0.0117,0.3998,0.9333,23.4832,4.7006,3.284
4139,4,7,run,0.9,-0.4,-0.25,False,546,5.46,isaac_reset,0.6484,-0.0401,-0.2417,0.2516,0.3599,0.0724,0.3392,0.0065,0.0467,0.0129,0.3993,0.929,23.3934,1.8642,3.284
4140,0,7,run,0.9,-0.4,0.0,False,683,6.83,isaac_reset,0.6594,-0.0399,-0.0461,0.2406,0.3601,0.0793,0.3333,0.0075,0.0186,0.0133,0.3995,0.931,25.1667,0.969,3.277
4141,1,7,run,0.9,-0.4,0.0,False,235,2.35,isaac_reset,0.6561,-0.0359,-0.0449,0.2439,0.3641,0.0781,0.3359,0.0067,0.0221,0.0078,0.3993,0.9298,24.1757,3.5767,3.277
4142,2,7,run,0.9,-0.4,0.0,False,982,9.82,isaac_reset,0.6681,-0.0317,-0.0487,0.2319,0.3683,0.0814,0.3376,0.0065,0.0286,0.0022,0.3975,0.931,23.5167,0.7528,3.277
4143,3,7,run,0.9,-0.4,0.0,True,1000,10.0,timeout,0.6672,-0.0378,-0.0506,0.2328,0.3622,0.0858,0.3375,0.008,0.0274,0.0083,0.3993,0.9288,23.2033,6.0359,3.277
4144,4,7,run,0.9,-0.4,0.0,False,596,5.96,isaac_reset,0.6666,-0.0357,-0.0527,0.2334,0.3643,0.0876,0.3382,0.0076,0.0279,0.0091,0.3985,0.928,23.1913,1.2167,3.277
4145,0,7,run,0.9,-0.4,0.25,False,733,7.33,isaac_reset,0.6727,-0.0472,0.1595,0.2273,0.3528,0.1006,0.3319,0.0075,0.0217,0.0159,0.3988,0.9308,25.0904,0.3204,3.286
4146,1,7,run,0.9,-0.4,0.25,False,285,2.85,isaac_reset,0.6708,-0.0453,0.1498,0.2292,0.3547,0.1123,0.3344,0.0078,0.027,0.0114,0.3993,0.9308,24.2246,3.2343,3.286
4147,2,7,run,0.9,-0.4,0.25,True,1000,10.0,timeout,0.7036,-0.0348,0.1468,0.1964,0.3652,0.1146,0.3357,0.0036,0.0365,0.0027,0.3995,0.933,23.4724,6.8538,3.286
4148,3,7,run,0.9,-0.4,0.25,False,49,0.49,isaac_reset,0.6874,-0.0382,0.1483,0.2126,0.3618,0.12,0.3374,0.0074,0.035,0.0071,0.3975,0.9285,23.075,6.3194,3.286
4149,4,7,run,0.9,-0.4,0.25,False,646,6.46,isaac_reset,0.6818,-0.037,0.1522,0.2182,0.363,0.116,0.3379,0.007,0.0348,0.006,0.3993,0.9278,23.1257,1.3026,3.286
4150,0,7,run,0.9,-0.4,0.5,False,783,7.83,isaac_reset,0.6855,-0.0587,0.39,0.2145,0.3413,0.1164,0.3313,0.0078,0.0425,0.0177,0.3985,0.9305,25.2287,0.5784,3.295
4151,1,7,run,0.9,-0.4,0.5,False,335,3.35,isaac_reset,0.6794,-0.0521,0.3872,0.2206,0.3479,0.1219,0.3338,0.0071,0.0466,0.0116,0.3988,0.9318,24.3666,2.6816,3.295
4152,2,7,run,0.9,-0.4,0.5,True,1000,10.0,timeout,0.7183,-0.043,0.3739,0.1817,0.357,0.1315,0.3356,0.0041,0.0583,0.0066,0.4,0.9335,23.6174,7.1452,3.295
4153,3,7,run,0.9,-0.4,0.5,False,99,0.99,isaac_reset,0.7044,-0.0443,0.3719,0.1956,0.3557,0.1371,0.3374,0.0074,0.0563,0.0095,0.3975,0.9295,23.2542,5.2678,3.295
4154,4,7,run,0.9,-0.4,0.5,False,696,6.96,isaac_reset,0.7022,-0.047,0.3756,0.1978,0.353,0.135,0.3371,0.0079,0.0571,0.0092,0.399,0.9275,23.1837,0.4003,3.295
4155,0,7,run,0.9,-0.2,-0.5,False,833,8.33,isaac_reset,0.6324,-0.0106,-0.4371,0.2676,0.1894,0.0732,0.3343,0.0073,0.0562,0.011,0.3988,0.9293,25.6379,0.4837,3.28
4156,1,7,run,0.9,-0.2,-0.5,False,385,3.85,isaac_reset,0.6214,-0.0177,-0.4423,0.2786,0.1823,0.071,0.337,0.0066,0.0519,0.012,0.398,0.9293,24.5251,6.1364,3.28
4157,2,7,run,0.9,-0.2,-0.5,True,1000,10.0,timeout,0.6364,-0.0164,-0.4529,0.2636,0.1836,0.0656,0.3385,0.0032,0.0549,0.0152,0.4018,0.9343,24.0714,4.1857,3.28
4158,3,7,run,0.9,-0.2,-0.5,False,149,1.49,isaac_reset,0.6356,-0.0115,-0.4503,0.2644,0.1885,0.0692,0.34,0.0066,0.0571,0.0176,0.3983,0.9288,23.6696,7.0346,3.28
4159,4,7,run,0.9,-0.2,-0.5,False,746,7.46,isaac_reset,0.6176,-0.0117,-0.445,0.2824,0.1883,0.076,0.3402,0.0061,0.0551,0.0174,0.3988,0.931,23.6107,1.2106,3.28
4160,0,7,run,0.9,-0.2,-0.25,False,883,8.83,isaac_reset,0.6558,-0.0105,-0.2133,0.2442,0.1895,0.061,0.3337,0.0038,0.0641,0.0033,0.3993,0.9324,25.6232,0.7338,2.946
4161,1,7,run,0.9,-0.2,-0.25,False,435,4.35,isaac_reset,0.6337,-0.0178,-0.223,0.2663,0.1822,0.063,0.3365,0.007,0.0521,0.0088,0.3985,0.9296,24.4311,2.8783,2.946
4162,2,7,run,0.9,-0.2,-0.25,False,32,0.32,isaac_reset,0.6327,-0.0143,-0.2245,0.2673,0.1857,0.0663,0.3389,0.0068,0.0544,0.0125,0.4002,0.9301,23.8736,4.424,2.946
4163,3,7,run,0.9,-0.2,-0.25,False,199,1.99,isaac_reset,0.6428,-0.0129,-0.2262,0.2572,0.1871,0.0646,0.3396,0.0068,0.058,0.0137,0.3979,0.9287,23.555,4.0771,2.946
4164,4,7,run,0.9,-0.2,-0.25,False,796,7.96,isaac_reset,0.6437,-0.0096,-0.2289,0.2563,0.1904,0.0646,0.3401,0.0065,0.0609,0.0147,0.3979,0.929,23.5045,0.5777,2.946
4165,0,7,run,0.9,-0.2,0.0,True,1000,10.0,timeout,0.6662,-0.0119,-0.0246,0.2338,0.1881,0.0636,0.3332,0.003,0.0391,0.0074,0.4,0.9335,25.1526,7.1691,3.277
4166,1,7,run,0.9,-0.2,0.0,False,601,6.01,isaac_reset,0.6526,-0.0116,-0.027,0.2474,0.1884,0.0677,0.3365,0.0068,0.041,0.0063,0.3995,0.93,24.2483,0.4888,3.277
4167,2,7,run,0.9,-0.2,0.0,False,198,1.98,isaac_reset,0.6534,-0.0122,-0.0275,0.2466,0.1878,0.0704,0.3381,0.0067,0.0426,0.0061,0.4,0.93,23.6026,3.9384,3.277
4168,3,7,run,0.9,-0.2,0.0,False,365,3.65,isaac_reset,0.6624,-0.0099,-0.0282,0.2376,0.1901,0.0702,0.3389,0.0067,0.0468,0.0086,0.3975,0.9305,23.2758,2.2779,3.277
4169,4,7,run,0.9,-0.2,0.0,False,962,9.62,isaac_reset,0.6604,-0.0088,-0.0228,0.2396,0.1912,0.07,0.3393,0.0064,0.0518,0.0063,0.3993,0.9298,23.2965,0.3328,3.277
4170,0,7,run,0.9,-0.2,0.25,True,1000,10.0,timeout,0.6923,-0.0156,0.1476,0.2077,0.1844,0.1069,0.332,0.0032,0.0423,0.0114,0.4008,0.9343,25.064,5.9805,3.29
4171,1,7,run,0.9,-0.2,0.25,False,651,6.51,isaac_reset,0.668,-0.0085,0.1408,0.232,0.1915,0.1159,0.3356,0.0067,0.048,0.0074,0.3995,0.93,24.3053,1.5021,3.29
4172,2,7,run,0.9,-0.2,0.25,False,248,2.48,isaac_reset,0.6743,-0.0116,0.1418,0.2257,0.1884,0.1166,0.3369,0.0069,0.0491,0.0048,0.4,0.9265,23.6481,2.9948,3.29
4173,3,7,run,0.9,-0.2,0.25,False,415,4.15,isaac_reset,0.6864,-0.0102,0.1354,0.2136,0.1898,0.1231,0.3383,0.007,0.0507,0.0068,0.398,0.9295,23.2265,2.3717,3.29
4174,4,7,run,0.9,-0.2,0.25,True,1000,10.0,timeout,0.702,-0.0073,0.1359,0.198,0.1927,0.1202,0.3377,0.0035,0.0552,0.0011,0.3995,0.933,23.1456,6.9786,3.29
4175,0,7,run,0.9,-0.2,0.5,True,1000,10.0,timeout,0.6919,-0.0306,0.3768,0.2081,0.1694,0.1267,0.3317,0.0075,0.0572,0.0186,0.3993,0.9303,25.1773,6.5135,3.279
4176,1,7,run,0.9,-0.2,0.5,False,701,7.01,isaac_reset,0.6839,-0.0205,0.3699,0.2161,0.1795,0.1337,0.3345,0.0069,0.0585,0.0115,0.3988,0.9285,24.2851,0.4874,3.279
4177,2,7,run,0.9,-0.2,0.5,False,298,2.98,isaac_reset,0.6975,-0.0173,0.3704,0.2025,0.1827,0.1361,0.3367,0.0071,0.0591,0.0107,0.3988,0.9288,23.585,3.6425,3.279
4178,3,7,run,0.9,-0.2,0.5,False,465,4.65,isaac_reset,0.7074,-0.0193,0.3675,0.1926,0.1807,0.1398,0.3374,0.0074,0.0593,0.0112,0.3975,0.9305,23.1664,1.8103,3.279
4179,4,7,run,0.9,-0.2,0.5,True,1000,10.0,timeout,0.7267,-0.014,0.3653,0.1733,0.186,0.1385,0.3371,0.0041,0.0647,0.0066,0.401,0.934,23.0893,7.5851,3.279
4180,0,7,run,0.9,0.0,-0.5,False,49,0.49,isaac_reset,0.6351,0.015,-0.4481,0.2649,0.0248,0.065,0.3347,0.0073,0.0533,0.0071,0.3988,0.9288,25.5134,5.1067,3.289
4181,1,7,run,0.9,0.0,-0.5,False,751,7.51,isaac_reset,0.622,0.0147,-0.4484,0.278,0.027,0.0623,0.3376,0.0066,0.0505,0.0108,0.3998,0.9258,24.6073,1.602,3.289
4182,2,7,run,0.9,0.0,-0.5,False,348,3.48,isaac_reset,0.6209,0.0123,-0.4534,0.2791,0.0282,0.059,0.3392,0.0066,0.0518,0.0121,0.4008,0.9248,23.9175,6.9905,3.289
4183,3,7,run,0.9,0.0,-0.5,False,515,5.15,isaac_reset,0.6248,0.0169,-0.4584,0.2752,0.0319,0.0625,0.3404,0.0066,0.0498,0.0152,0.3985,0.9285,23.5527,4.4342,3.289
4184,4,7,run,0.9,0.0,-0.5,True,1000,10.0,timeout,0.6377,0.0157,-0.4662,0.2623,0.0307,0.0564,0.3402,0.0032,0.051,0.013,0.4013,0.9343,23.5373,4.5348,3.289
4185,0,7,run,0.9,0.0,-0.25,False,99,0.99,isaac_reset,0.6394,0.013,-0.2116,0.2606,0.0225,0.0575,0.3347,0.0078,0.0614,0.0091,0.3993,0.9292,25.6047,4.2293,2.704
4186,1,7,run,0.9,0.0,-0.25,False,801,8.01,isaac_reset,0.6589,0.0144,-0.22,0.2411,0.0229,0.0467,0.3371,0.0039,0.0684,0.0065,0.3996,0.9327,24.5884,1.4045,2.704
4187,2,7,run,0.9,0.0,-0.25,False,398,3.98,isaac_reset,0.6401,0.0108,-0.2259,0.2599,0.0253,0.0495,0.3393,0.0072,0.0628,0.0109,0.3971,0.9233,23.8146,2.1526,2.704
4188,3,7,run,0.9,0.0,-0.25,False,565,5.65,isaac_reset,0.6516,0.013,-0.2299,0.2484,0.0267,0.0526,0.3403,0.0071,0.0646,0.0142,0.3978,0.9289,23.52,1.6114,2.704
4189,4,7,run,0.9,0.0,-0.25,False,12,0.12,isaac_reset,0.6321,0.0085,-0.2219,0.2679,0.0317,0.0625,0.3409,0.0066,0.0617,0.0154,0.3962,0.9317,23.3726,4.4911,2.704
4190,0,7,run,0.9,0.0,0.0,False,347,3.47,isaac_reset,0.6592,0.0114,-0.0087,0.2408,0.0197,0.0536,0.3344,0.0072,0.0753,0.0076,0.3988,0.9298,25.4621,2.5419,3.287
4191,1,7,run,0.9,0.0,0.0,True,1000,10.0,timeout,0.6693,0.0127,-0.0083,0.2307,0.0207,0.0515,0.3365,0.0031,0.0719,0.0044,0.4003,0.9338,24.4242,7.1932,3.287
4192,2,7,run,0.9,0.0,0.0,False,646,6.46,isaac_reset,0.6539,0.0098,-0.0128,0.2461,0.0264,0.0561,0.3389,0.0072,0.072,0.0111,0.3988,0.9288,23.8628,1.9345,3.287
4193,3,7,run,0.9,0.0,0.0,False,813,8.13,isaac_reset,0.662,0.013,-0.0126,0.238,0.0258,0.0561,0.34,0.0065,0.0792,0.0121,0.3978,0.9298,23.5333,0.4026,3.287
4194,4,7,run,0.9,0.0,0.0,False,260,2.6,isaac_reset,0.6558,0.0088,-0.0097,0.2442,0.0273,0.0593,0.34,0.0062,0.0729,0.0109,0.3975,0.9325,23.3446,3.2058,3.287
4195,0,7,run,0.9,0.0,0.25,False,397,3.97,isaac_reset,0.6749,0.0095,0.1533,0.2251,0.0186,0.1027,0.3335,0.0073,0.0623,0.0124,0.3988,0.9313,25.1587,1.9567,3.29
4196,1,7,run,0.9,0.0,0.25,True,1000,10.0,timeout,0.6951,0.0131,0.1526,0.2049,0.0177,0.102,0.3352,0.0034,0.0631,0.0072,0.4003,0.9338,24.1238,6.2701,3.29
4197,2,7,run,0.9,0.0,0.25,False,696,6.96,isaac_reset,0.6773,0.0111,0.1546,0.2227,0.0237,0.1055,0.3377,0.0072,0.0632,0.0071,0.3998,0.9288,23.5968,0.5881,3.29
4198,3,7,run,0.9,0.0,0.25,False,863,8.63,isaac_reset,0.6888,0.0117,0.1565,0.2112,0.0228,0.1055,0.3387,0.007,0.0665,0.0068,0.399,0.9315,23.2259,0.6534,3.29
4199,4,7,run,0.9,0.0,0.25,False,310,3.1,isaac_reset,0.676,0.0175,0.1568,0.224,0.0226,0.1063,0.339,0.0063,0.0676,0.0049,0.3975,0.9285,23.2057,3.364,3.29
4200,0,7,run,0.9,0.0,0.5,False,447,4.47,isaac_reset,0.6898,-0.0009,0.3751,0.2102,0.0138,0.1272,0.3325,0.0076,0.0594,0.0193,0.399,0.9303,25.0844,2.1313,3.28
4201,1,7,run,0.9,0.0,0.5,True,1000,10.0,timeout,0.6995,0.0026,0.3709,0.2005,0.015,0.1327,0.3348,0.0073,0.0591,0.0147,0.4,0.9295,24.1884,6.1237,3.28
4202,2,7,run,0.9,0.0,0.5,False,746,7.46,isaac_reset,0.7001,0.0047,0.3693,0.1999,0.0184,0.1367,0.337,0.0075,0.0596,0.0126,0.3998,0.93,23.4815,1.2268,3.28
4203,3,7,run,0.9,0.0,0.5,False,913,9.13,isaac_reset,0.7043,0.0093,0.3653,0.1957,0.0185,0.1415,0.3383,0.0072,0.0622,0.0102,0.3978,0.9313,23.0657,0.5758,3.28
4204,4,7,run,0.9,0.0,0.5,False,360,3.6,isaac_reset,0.7039,0.0086,0.3707,0.1961,0.0167,0.1352,0.338,0.007,0.0607,0.0097,0.3983,0.9255,23.0024,2.2721,3.28
4205,0,7,run,0.9,0.2,-0.5,False,497,4.97,isaac_reset,0.6192,0.0423,-0.4513,0.2808,0.1577,0.0614,0.3353,0.0077,0.0499,0.0079,0.3989,0.9287,25.4501,3.8018,3.168
4206,1,7,run,0.9,0.2,-0.5,False,49,0.49,isaac_reset,0.6246,0.0424,-0.4656,0.2754,0.1576,0.0495,0.3383,0.0072,0.0511,0.0091,0.3989,0.9284,24.5059,5.3067,3.168
4207,2,7,run,0.9,0.2,-0.5,False,796,7.96,isaac_reset,0.6179,0.0448,-0.4671,0.2821,0.1552,0.0515,0.3404,0.0067,0.0516,0.0117,0.3981,0.9276,23.8604,0.3631,3.168
4208,3,7,run,0.9,0.2,-0.5,False,963,9.63,isaac_reset,0.6337,0.0483,-0.477,0.2663,0.1517,0.0479,0.3408,0.0037,0.0532,0.0098,0.3999,0.9336,23.5482,0.3697,3.168
4209,4,7,run,0.9,0.2,-0.5,False,410,4.1,isaac_reset,0.6128,0.0455,-0.469,0.2872,0.1545,0.0585,0.3411,0.0062,0.0493,0.012,0.3981,0.9276,23.3329,5.4389,3.168
4210,0,7,run,0.9,0.2,-0.25,False,583,5.83,isaac_reset,0.6442,0.0373,-0.2228,0.2558,0.1627,0.0452,0.3351,0.0071,0.0773,0.0079,0.3988,0.9298,25.6147,1.0456,3.288
4211,1,7,run,0.9,0.2,-0.25,False,135,1.35,isaac_reset,0.6428,0.0392,-0.229,0.2572,0.1608,0.0401,0.3383,0.007,0.073,0.0114,0.3993,0.9293,24.5884,4.5185,3.288
4212,2,7,run,0.9,0.2,-0.25,False,882,8.82,isaac_reset,0.6401,0.0399,-0.2366,0.2599,0.1601,0.0404,0.3401,0.0069,0.0759,0.0137,0.3993,0.9293,24.0061,0.2955,3.288
4213,3,7,run,0.9,0.2,-0.25,True,1000,10.0,timeout,0.6505,0.0447,-0.238,0.2495,0.1553,0.0417,0.3408,0.0032,0.0784,0.0119,0.3995,0.933,23.6116,5.2506,3.288
4214,4,7,run,0.9,0.2,-0.25,False,496,4.96,isaac_reset,0.6409,0.0375,-0.2394,0.2591,0.1625,0.0448,0.341,0.0069,0.0695,0.0133,0.3993,0.9273,23.5154,2.2298,3.288
4215,0,7,run,0.9,0.2,0.0,False,633,6.33,isaac_reset,0.6514,0.0376,-0.0041,0.2486,0.1624,0.0424,0.3346,0.0073,0.1046,0.0112,0.399,0.9295,25.6502,1.1816,3.3
4216,1,7,run,0.9,0.2,0.0,False,185,1.85,isaac_reset,0.652,0.0369,-0.0085,0.248,0.1631,0.0437,0.3376,0.0069,0.0982,0.0113,0.3985,0.9305,24.6341,3.7677,3.3
4217,2,7,run,0.9,0.2,0.0,False,932,9.32,isaac_reset,0.6552,0.0365,-0.0057,0.2448,0.1635,0.0454,0.3396,0.0066,0.0991,0.0128,0.398,0.929,23.9849,0.4182,3.3
4218,3,7,run,0.9,0.2,0.0,True,1000,10.0,timeout,0.667,0.0397,-0.0056,0.233,0.1603,0.0454,0.3398,0.0032,0.0956,0.0102,0.4008,0.9338,23.6233,7.6877,3.3
4219,4,7,run,0.9,0.2,0.0,False,546,5.46,isaac_reset,0.6559,0.0345,-0.0123,0.2441,0.1655,0.0533,0.3405,0.007,0.0885,0.0132,0.3988,0.9278,23.5611,1.4483,3.3
4220,0,7,run,0.9,0.2,0.25,False,683,6.83,isaac_reset,0.6737,0.0312,0.1816,0.2263,0.1688,0.0788,0.3344,0.0073,0.081,0.013,0.3993,0.9318,25.2482,1.2475,3.288
4221,1,7,run,0.9,0.2,0.25,False,235,2.35,isaac_reset,0.6749,0.0347,0.1839,0.2251,0.1653,0.0803,0.3368,0.007,0.084,0.0082,0.3983,0.9308,24.3732,3.8943,3.288
4222,2,7,run,0.9,0.2,0.25,False,982,9.82,isaac_reset,0.6836,0.037,0.1899,0.2164,0.163,0.0782,0.3385,0.0067,0.0903,0.0022,0.3975,0.9298,23.6834,0.794,3.288
4223,3,7,run,0.9,0.2,0.25,True,1000,10.0,timeout,0.6805,0.0356,0.1864,0.2195,0.1644,0.0849,0.3393,0.0065,0.0819,0.0059,0.3985,0.9315,23.3073,6.0012,3.288
4224,4,7,run,0.9,0.2,0.25,False,596,5.96,isaac_reset,0.6815,0.0363,0.1855,0.2185,0.1637,0.0864,0.3395,0.0067,0.082,0.0058,0.3988,0.929,23.3155,1.4926,3.288
4225,0,7,run,0.9,0.2,0.5,False,733,7.33,isaac_reset,0.6949,0.0255,0.3734,0.2051,0.1745,0.1293,0.3331,0.0076,0.0596,0.0211,0.399,0.932,24.9805,0.9334,3.293
4226,1,7,run,0.9,0.2,0.5,False,285,2.85,isaac_reset,0.7007,0.0287,0.3727,0.1993,0.1713,0.1309,0.3357,0.0074,0.0585,0.0154,0.3985,0.9295,24.0783,2.1242,3.293
4227,2,7,run,0.9,0.2,0.5,True,1000,10.0,timeout,0.7223,0.0395,0.3802,0.1777,0.1605,0.1254,0.3368,0.0038,0.0692,0.0077,0.3995,0.933,23.369,3.2901,3.293
4228,3,7,run,0.9,0.2,0.5,False,49,0.49,isaac_reset,0.7028,0.0342,0.3751,0.1972,0.1658,0.1334,0.3387,0.0071,0.0626,0.0107,0.398,0.9315,23.0105,5.4115,3.293
4229,4,7,run,0.9,0.2,0.5,False,646,6.46,isaac_reset,0.7068,0.035,0.3783,0.1932,0.165,0.1309,0.3386,0.007,0.0642,0.0103,0.3983,0.9283,22.9735,0.4764,3.293
4230,0,7,run,0.9,0.4,-0.5,False,783,7.83,isaac_reset,0.6147,0.0733,-0.4742,0.2853,0.3267,0.0466,0.3358,0.0075,0.0623,0.0086,0.399,0.93,25.4824,1.4813,3.291
4231,1,7,run,0.9,0.4,-0.5,False,335,3.35,isaac_reset,0.6204,0.0718,-0.4821,0.2796,0.3282,0.0428,0.3388,0.007,0.0589,0.0103,0.399,0.9285,24.4888,5.918,3.291
4232,2,7,run,0.9,0.4,-0.5,True,1000,10.0,timeout,0.6317,0.0758,-0.4914,0.2683,0.3242,0.039,0.3403,0.0032,0.0586,0.0085,0.3995,0.933,23.8002,3.5151,3.291
4233,3,7,run,0.9,0.4,-0.5,False,99,0.99,isaac_reset,0.6181,0.075,-0.4912,0.2819,0.325,0.0485,0.3415,0.0066,0.0563,0.0133,0.3978,0.9303,23.5121,4.8998,3.291
4234,4,7,run,0.9,0.4,-0.5,False,696,6.96,isaac_reset,0.6162,0.0748,-0.4883,0.2838,0.3252,0.0506,0.3417,0.0065,0.0555,0.0133,0.3985,0.9278,23.3987,2.3591,3.291
4235,0,7,run,0.9,0.4,-0.25,False,833,8.33,isaac_reset,0.6343,0.0692,-0.2457,0.2657,0.3308,0.0372,0.3355,0.0073,0.0947,0.0128,0.3995,0.93,25.6089,0.7886,3.277
4236,1,7,run,0.9,0.4,-0.25,False,385,3.85,isaac_reset,0.6388,0.0668,-0.2472,0.2612,0.3332,0.0376,0.3386,0.0067,0.0832,0.0121,0.3985,0.931,24.5284,1.9308,3.277
4237,2,7,run,0.9,0.4,-0.25,True,1000,10.0,timeout,0.6405,0.074,-0.2498,0.2595,0.326,0.0391,0.3396,0.0038,0.0853,0.0148,0.402,0.933,24.0354,5.029,3.277
4238,3,7,run,0.9,0.4,-0.25,False,149,1.49,isaac_reset,0.6297,0.0715,-0.248,0.2703,0.3285,0.0457,0.3412,0.0065,0.0784,0.0159,0.3983,0.9313,23.5981,4.4336,3.277
4239,4,7,run,0.9,0.4,-0.25,False,746,7.46,isaac_reset,0.6384,0.0691,-0.251,0.2616,0.3309,0.0447,0.3415,0.0064,0.0789,0.014,0.3988,0.9285,23.5537,0.7747,3.277
4240,0,7,run,0.9,0.4,0.0,False,883,8.83,isaac_reset,0.6592,0.0725,0.0036,0.2408,0.3275,0.0349,0.3342,0.0037,0.1258,0.0061,0.3993,0.9327,25.6981,1.3673,2.939
4241,1,7,run,0.9,0.4,0.0,False,435,4.35,isaac_reset,0.6461,0.0641,-0.0104,0.2539,0.3359,0.0417,0.3378,0.0072,0.1025,0.0133,0.3988,0.9296,24.6431,2.8776,2.939
4242,2,7,run,0.9,0.4,0.0,False,32,0.32,isaac_reset,0.646,0.0624,-0.011,0.254,0.3376,0.0449,0.3395,0.007,0.0973,0.0134,0.3988,0.9282,24.017,6.2145,2.939
4243,3,7,run,0.9,0.4,0.0,False,199,1.99,isaac_reset,0.6482,0.0649,-0.0135,0.2518,0.3351,0.0484,0.3405,0.0068,0.096,0.0139,0.3979,0.9313,23.6618,4.9916,2.939
4244,4,7,run,0.9,0.4,0.0,False,796,7.96,isaac_reset,0.644,0.067,-0.0113,0.256,0.333,0.0476,0.3406,0.0068,0.1004,0.0155,0.3985,0.9285,23.6748,1.619,2.939
4245,0,7,run,0.9,0.4,0.25,True,1000,10.0,timeout,0.6966,0.0582,0.2212,0.2034,0.3418,0.0483,0.3341,0.0031,0.1093,0.0096,0.3995,0.933,25.3044,5.8237,3.289
4246,1,7,run,0.9,0.4,0.25,False,601,6.01,isaac_reset,0.6729,0.0555,0.2117,0.2271,0.3445,0.0603,0.3372,0.0069,0.0954,0.0089,0.3985,0.9315,24.4262,1.0989,3.289
4247,2,7,run,0.9,0.4,0.25,False,198,1.98,isaac_reset,0.6787,0.0567,0.211,0.2213,0.3433,0.0648,0.3387,0.0067,0.0941,0.0059,0.3978,0.9298,23.7475,3.8203,3.289
4248,3,7,run,0.9,0.4,0.25,False,365,3.65,isaac_reset,0.6751,0.0574,0.2113,0.2249,0.3426,0.0674,0.3396,0.0069,0.0919,0.0062,0.3985,0.931,23.3983,2.5307,3.289
4249,4,7,run,0.9,0.4,0.25,False,962,9.62,isaac_reset,0.6809,0.0585,0.2128,0.2191,0.3415,0.0647,0.3397,0.0067,0.0994,0.0027,0.398,0.9305,23.3929,0.097,3.289
4250,0,7,run,0.9,0.4,0.5,True,1000,10.0,timeout,0.7158,0.0579,0.4037,0.1842,0.3421,0.0997,0.3331,0.0034,0.0751,0.0196,0.4013,0.9343,24.9702,4.3312,3.29
4251,1,7,run,0.9,0.4,0.5,False,651,6.51,isaac_reset,0.6984,0.0549,0.4004,0.2016,0.3451,0.1086,0.3363,0.0073,0.074,0.0167,0.3985,0.932,24.076,0.5015,3.29
4252,2,7,run,0.9,0.4,0.5,False,248,2.48,isaac_reset,0.7038,0.0567,0.4038,0.1962,0.3433,0.1097,0.338,0.0071,0.0744,0.0134,0.3985,0.9298,23.387,3.6836,3.29
4253,3,7,run,0.9,0.4,0.5,False,415,4.15,isaac_reset,0.6982,0.0588,0.4058,0.2018,0.3412,0.1108,0.339,0.007,0.0749,0.0117,0.3978,0.93,23.0529,2.0415,3.29
4254,4,7,run,0.9,0.4,0.5,True,1000,10.0,timeout,0.717,0.0661,0.4157,0.183,0.3339,0.1022,0.3383,0.0037,0.0869,0.0068,0.401,0.934,23.095,2.6245,3.29
4255,0,7,run,1.2,-0.4,-0.5,True,1000,10.0,timeout,0.7993,-0.027,-0.4331,0.4007,0.373,0.0738,0.3325,0.0075,0.0594,0.0149,0.3995,0.9305,26.2952,4.9862,3.299
4256,1,7,run,1.2,-0.4,-0.5,False,701,7.01,isaac_reset,0.7894,-0.0264,-0.4309,0.4106,0.3736,0.0747,0.3355,0.0074,0.0568,0.0203,0.3988,0.9308,25.391,2.7894,3.299
4257,2,7,run,1.2,-0.4,-0.5,False,298,2.98,isaac_reset,0.8089,-0.0254,-0.4418,0.3911,0.3746,0.0676,0.3372,0.0072,0.0575,0.021,0.398,0.9305,24.5945,7.113,3.299
4258,3,7,run,1.2,-0.4,-0.5,False,465,4.65,isaac_reset,0.7955,-0.0239,-0.4398,0.4045,0.3761,0.0713,0.3383,0.0068,0.0571,0.0238,0.398,0.931,24.3096,5.5757,3.299
4259,4,7,run,1.2,-0.4,-0.5,True,1000,10.0,timeout,0.8249,-0.0231,-0.4477,0.3751,0.3769,0.064,0.338,0.0033,0.059,0.0206,0.3995,0.933,24.1494,3.686,3.299
4260,0,7,run,1.2,-0.4,-0.25,False,49,0.49,isaac_reset,0.8036,-0.0324,-0.2161,0.3964,0.3676,0.0674,0.3325,0.0078,0.0516,0.0104,0.399,0.9295,26.192,6.0473,3.292
4261,1,7,run,1.2,-0.4,-0.25,False,751,7.51,isaac_reset,0.8156,-0.034,-0.2268,0.3844,0.366,0.0642,0.335,0.0075,0.0496,0.0155,0.3985,0.9315,25.1443,1.1591,3.292
4262,2,7,run,1.2,-0.4,-0.25,False,348,3.48,isaac_reset,0.8249,-0.0318,-0.2245,0.3751,0.3682,0.0623,0.3364,0.0072,0.0531,0.0152,0.3985,0.93,24.366,3.0474,3.292
4263,3,7,run,1.2,-0.4,-0.25,False,515,5.15,isaac_reset,0.8212,-0.0326,-0.2286,0.3788,0.3674,0.0654,0.3375,0.0072,0.0509,0.0173,0.3983,0.9305,23.9987,1.4161,3.292
4264,4,7,run,1.2,-0.4,-0.25,True,1000,10.0,timeout,0.8413,-0.028,-0.2304,0.3587,0.372,0.0629,0.3373,0.0035,0.0557,0.0175,0.3995,0.933,23.9353,5.7443,3.292
4265,0,7,run,1.2,-0.4,0.0,False,99,0.99,isaac_reset,0.8138,-0.043,-0.0371,0.3862,0.357,0.0737,0.3314,0.0093,0.0225,0.0142,0.3993,0.9302,25.7368,4.6347,2.699
4266,1,7,run,1.2,-0.4,0.0,False,801,8.01,isaac_reset,0.8508,-0.0299,-0.0327,0.3492,0.3701,0.0706,0.3337,0.0039,0.0325,0.0017,0.4002,0.9327,24.7934,2.5121,2.699
4267,2,7,run,1.2,-0.4,0.0,False,398,3.98,isaac_reset,0.8357,-0.0351,-0.0315,0.3643,0.3649,0.0731,0.3358,0.0079,0.0308,0.0101,0.399,0.932,24.0271,3.198,2.699
4268,3,7,run,1.2,-0.4,0.0,False,565,5.65,isaac_reset,0.8327,-0.0361,-0.0326,0.3673,0.3639,0.078,0.3366,0.0081,0.0329,0.0125,0.3965,0.9302,23.6549,2.5303,2.699
4269,4,7,run,1.2,-0.4,0.0,False,12,0.12,isaac_reset,0.8374,-0.0354,-0.0264,0.3626,0.3646,0.0728,0.3363,0.0081,0.0308,0.0096,0.3962,0.9283,23.4704,6.7138,2.699
4270,0,7,run,1.2,-0.4,0.25,False,347,3.47,isaac_reset,0.8344,-0.0556,0.1804,0.3656,0.3444,0.0831,0.3308,0.0081,0.0275,0.0144,0.3993,0.9308,25.5973,4.2569,3.299
4271,1,7,run,1.2,-0.4,0.25,True,1000,10.0,timeout,0.8699,-0.0469,0.1756,0.3301,0.3531,0.0862,0.3324,0.0035,0.0346,0.0047,0.3995,0.933,24.5668,7.9485,3.299
4272,2,7,run,1.2,-0.4,0.25,False,646,6.46,isaac_reset,0.844,-0.049,0.1757,0.356,0.351,0.0954,0.3352,0.0077,0.0386,0.0072,0.398,0.931,23.9193,1.2126,3.299
4273,3,7,run,1.2,-0.4,0.25,False,813,8.13,isaac_reset,0.8557,-0.0444,0.1736,0.3443,0.3556,0.0972,0.3363,0.0073,0.041,0.0069,0.3978,0.9313,23.4827,0.4779,3.299
4274,4,7,run,1.2,-0.4,0.25,False,260,2.6,isaac_reset,0.8584,-0.0467,0.1784,0.3416,0.3533,0.0951,0.3357,0.0076,0.0393,0.0069,0.3975,0.9293,23.3738,5.3937,3.299
4275,0,7,run,1.2,-0.4,0.5,False,397,3.97,isaac_reset,0.838,-0.0789,0.4206,0.362,0.3211,0.0912,0.3299,0.0082,0.0398,0.0174,0.3988,0.9308,25.7097,3.4051,3.298
4276,1,7,run,1.2,-0.4,0.5,True,1000,10.0,timeout,0.869,-0.0686,0.4196,0.331,0.3314,0.0924,0.3322,0.0038,0.0495,0.0093,0.4008,0.9338,24.6948,7.9676,3.298
4277,2,7,run,1.2,-0.4,0.5,False,696,6.96,isaac_reset,0.8517,-0.0681,0.4135,0.3483,0.3319,0.1035,0.3349,0.0079,0.0523,0.0099,0.398,0.9298,23.992,0.7157,3.298
4278,3,7,run,1.2,-0.4,0.5,False,863,8.63,isaac_reset,0.859,-0.0641,0.4097,0.341,0.3359,0.1082,0.3363,0.0076,0.0559,0.0072,0.3975,0.93,23.6169,0.3649,3.298
4279,4,7,run,1.2,-0.4,0.5,False,310,3.1,isaac_reset,0.8618,-0.0698,0.4124,0.3382,0.3302,0.1092,0.3356,0.0082,0.0532,0.0091,0.3988,0.9308,23.5015,3.6506,3.298
4280,0,7,run,1.2,-0.2,-0.5,False,447,4.47,isaac_reset,0.7879,0.0012,-0.4293,0.4121,0.2012,0.0764,0.3328,0.0078,0.0593,0.0138,0.3993,0.9298,26.2502,7.4419,3.28
4281,1,7,run,1.2,-0.2,-0.5,True,1000,10.0,timeout,0.7925,0.0008,-0.4386,0.4075,0.2008,0.0671,0.336,0.0069,0.0583,0.0186,0.3988,0.9298,25.3498,5.5053,3.28
4282,2,7,run,1.2,-0.2,-0.5,False,746,7.46,isaac_reset,0.7833,0.0021,-0.44,0.4167,0.2021,0.0676,0.338,0.0072,0.0561,0.0229,0.3985,0.93,24.6616,1.5913,3.28
4283,3,7,run,1.2,-0.2,-0.5,False,913,9.13,isaac_reset,0.7924,0.0038,-0.445,0.4076,0.2038,0.0654,0.3389,0.007,0.0558,0.024,0.3985,0.9303,24.1989,0.9945,3.28
4284,4,7,run,1.2,-0.2,-0.5,False,360,3.6,isaac_reset,0.7974,0.001,-0.4439,0.4026,0.201,0.0667,0.3388,0.0071,0.0543,0.0222,0.3983,0.9303,24.0614,7.6907,3.28
4285,0,7,run,1.2,-0.2,-0.25,False,497,4.97,isaac_reset,0.8035,-0.0119,-0.2068,0.3965,0.1881,0.0639,0.3326,0.008,0.0594,0.0093,0.3991,0.9308,26.1284,3.0199,3.185
4286,1,7,run,1.2,-0.2,-0.25,False,49,0.49,isaac_reset,0.8028,-0.0094,-0.2108,0.3972,0.1906,0.0594,0.3357,0.0075,0.06,0.0153,0.3996,0.9302,25.2487,5.1796,3.185
4287,2,7,run,1.2,-0.2,-0.25,False,796,7.96,isaac_reset,0.8132,-0.0078,-0.2182,0.3868,0.1922,0.0578,0.3377,0.0071,0.0618,0.0185,0.3976,0.9308,24.4892,0.8125,3.185
4288,3,7,run,1.2,-0.2,-0.25,False,963,9.63,isaac_reset,0.8309,-0.0019,-0.2206,0.3691,0.1981,0.0525,0.3381,0.0039,0.0689,0.0184,0.3999,0.9331,24.2645,0.0689,3.185
4289,4,7,run,1.2,-0.2,-0.25,False,410,4.1,isaac_reset,0.814,-0.0069,-0.2199,0.386,0.1931,0.0582,0.3384,0.007,0.0599,0.0179,0.3989,0.9321,24.0381,3.7592,3.185
4290,0,7,run,1.2,-0.2,0.0,False,583,5.83,isaac_reset,0.8197,-0.0137,-0.0195,0.3803,0.1863,0.063,0.3325,0.0077,0.0449,0.0097,0.3993,0.9318,25.7956,1.5247,3.281
4291,1,7,run,1.2,-0.2,0.0,False,135,1.35,isaac_reset,0.8232,-0.013,-0.0231,0.3768,0.187,0.0663,0.3346,0.0078,0.0464,0.0102,0.3983,0.9298,24.8494,5.9614,3.281
4292,2,7,run,1.2,-0.2,0.0,False,882,8.82,isaac_reset,0.8277,-0.0094,-0.0199,0.3723,0.1906,0.0659,0.3369,0.0071,0.0529,0.0125,0.398,0.9315,24.2087,0.9657,3.281
4293,3,7,run,1.2,-0.2,0.0,True,1000,10.0,timeout,0.8525,-0.0058,-0.0187,0.3475,0.1942,0.0638,0.3367,0.0034,0.0548,0.0086,0.3995,0.933,23.713,9.135,3.281
4294,4,7,run,1.2,-0.2,0.0,False,496,4.96,isaac_reset,0.8307,-0.0114,-0.0207,0.3693,0.1886,0.0691,0.3374,0.0074,0.0526,0.014,0.3983,0.9305,23.6865,2.4904,3.281
4295,0,7,run,1.2,-0.2,0.25,False,633,6.33,isaac_reset,0.8345,-0.0254,0.1616,0.3655,0.1746,0.0956,0.3312,0.0082,0.0463,0.0138,0.3988,0.9318,25.5954,0.9515,3.294
4296,1,7,run,1.2,-0.2,0.25,False,185,1.85,isaac_reset,0.8448,-0.0205,0.1577,0.3552,0.1795,0.1005,0.334,0.0076,0.0488,0.0083,0.3983,0.9318,24.6614,5.1428,3.294
4297,2,7,run,1.2,-0.2,0.25,False,932,9.32,isaac_reset,0.8494,-0.0199,0.1614,0.3506,0.1801,0.1011,0.3359,0.0074,0.0581,0.0056,0.398,0.9305,23.9897,0.7568,3.294
4298,3,7,run,1.2,-0.2,0.25,True,1000,10.0,timeout,0.8801,-0.0143,0.1602,0.3199,0.1857,0.1007,0.3362,0.0037,0.0557,0.0046,0.4008,0.9338,23.5383,8.3826,3.294
4299,4,7,run,1.2,-0.2,0.25,False,546,5.46,isaac_reset,0.8561,-0.0157,0.1582,0.3439,0.1843,0.1045,0.3371,0.0072,0.0544,0.008,0.3978,0.9313,23.4878,1.9226,3.294
4300,0,7,run,1.2,-0.2,0.5,False,683,6.83,isaac_reset,0.8433,-0.0471,0.4004,0.3567,0.1529,0.1041,0.3306,0.0081,0.0547,0.017,0.3995,0.9305,25.6134,0.5321,3.286
4301,1,7,run,1.2,-0.2,0.5,False,235,2.35,isaac_reset,0.8526,-0.0427,0.4018,0.3474,0.1573,0.1057,0.3333,0.0078,0.0605,0.0135,0.3985,0.9298,24.6035,5.5602,3.286
4302,2,7,run,1.2,-0.2,0.5,False,982,9.82,isaac_reset,0.8783,-0.0328,0.3916,0.3217,0.1672,0.1139,0.3355,0.0074,0.071,0.0053,0.3983,0.9308,23.9029,0.923,3.286
4303,3,7,run,1.2,-0.2,0.5,True,1000,10.0,timeout,0.8662,-0.0362,0.3948,0.3338,0.1638,0.1168,0.3363,0.0074,0.0636,0.0089,0.3983,0.9308,23.5292,7.4015,3.286
4304,4,7,run,1.2,-0.2,0.5,False,596,5.96,isaac_reset,0.8686,-0.0349,0.3933,0.3314,0.1651,0.1176,0.3365,0.0076,0.0635,0.0083,0.3978,0.9313,23.4264,1.2361,3.286
4305,0,7,run,1.2,0.0,-0.5,False,733,7.33,isaac_reset,0.7761,0.0317,-0.438,0.4239,0.0373,0.0686,0.3334,0.0077,0.0578,0.0124,0.3988,0.9288,26.2267,1.6233,3.283
4306,1,7,run,1.2,0.0,-0.5,False,285,2.85,isaac_reset,0.7837,0.0313,-0.4486,0.4163,0.0381,0.0592,0.3366,0.0073,0.0565,0.0162,0.3985,0.93,25.2928,8.3053,3.283
4307,2,7,run,1.2,0.0,-0.5,True,1000,10.0,timeout,0.8078,0.0361,-0.4595,0.3922,0.0404,0.0496,0.3379,0.0033,0.0557,0.0153,0.3995,0.933,24.4482,1.9678,3.283
4308,3,7,run,1.2,0.0,-0.5,False,49,0.49,isaac_reset,0.7895,0.0324,-0.4593,0.4105,0.0423,0.0562,0.3394,0.0069,0.0534,0.0201,0.3983,0.9295,24.1349,5.6909,3.283
4309,4,7,run,1.2,0.0,-0.5,False,646,6.46,isaac_reset,0.7841,0.0353,-0.4568,0.4159,0.0439,0.0581,0.3394,0.0069,0.0516,0.0214,0.3983,0.9313,24.0486,3.4105,3.283
4310,0,7,run,1.2,0.0,-0.25,False,783,7.83,isaac_reset,0.8004,0.0162,-0.2068,0.3996,0.028,0.0563,0.3331,0.0079,0.0728,0.0118,0.3993,0.9308,26.2217,0.5908,3.294
4311,1,7,run,1.2,0.0,-0.25,False,335,3.35,isaac_reset,0.8023,0.0165,-0.2088,0.3977,0.03,0.0514,0.3363,0.0073,0.0693,0.0164,0.3988,0.9295,25.2656,3.5558,3.294
4312,2,7,run,1.2,0.0,-0.25,True,1000,10.0,timeout,0.8209,0.0245,-0.2205,0.3791,0.0329,0.0429,0.338,0.0033,0.0764,0.0178,0.3995,0.933,24.644,5.5612,3.294
4313,3,7,run,1.2,0.0,-0.25,False,99,0.99,isaac_reset,0.8039,0.0206,-0.2223,0.3961,0.0359,0.0488,0.339,0.0069,0.0703,0.0218,0.3985,0.9305,24.1918,5.9543,3.294
4314,4,7,run,1.2,0.0,-0.25,False,696,6.96,isaac_reset,0.8115,0.0201,-0.2241,0.3885,0.0331,0.0485,0.3393,0.0068,0.0723,0.02,0.398,0.931,24.1205,0.6159,3.294
4315,0,7,run,1.2,0.0,0.0,False,833,8.33,isaac_reset,0.8092,0.0085,-0.0003,0.3908,0.0241,0.0528,0.3329,0.0078,0.0801,0.0105,0.3995,0.9305,26.0574,0.7771,3.292
4316,1,7,run,1.2,0.0,0.0,False,385,3.85,isaac_reset,0.8226,0.0106,-0.005,0.3774,0.0241,0.0523,0.3359,0.0072,0.0749,0.0133,0.3985,0.9315,25.0841,3.4099,3.292
4317,2,7,run,1.2,0.0,0.0,True,1000,10.0,timeout,0.8357,0.0131,-0.0075,0.3643,0.0269,0.0536,0.337,0.0037,0.0766,0.015,0.4018,0.9338,24.5561,8.5309,3.292
4318,3,7,run,1.2,0.0,0.0,False,149,1.49,isaac_reset,0.822,0.0103,-0.0117,0.378,0.0301,0.0588,0.3385,0.0072,0.0742,0.0173,0.3983,0.9308,24.1071,6.9009,3.292
4319,4,7,run,1.2,0.0,0.0,False,746,7.46,isaac_reset,0.8203,0.0121,-0.0124,0.3797,0.0309,0.0581,0.3387,0.0071,0.0773,0.0188,0.3985,0.931,24.0516,0.7918,3.292
4320,0,7,run,1.2,0.0,0.25,False,883,8.83,isaac_reset,0.8601,0.0086,0.166,0.3399,0.0127,0.0869,0.3316,0.0039,0.0701,0.0057,0.3993,0.9321,25.6614,0.6593,2.935
4321,1,7,run,1.2,0.0,0.25,False,435,4.35,isaac_reset,0.8368,0.0038,0.1658,0.3632,0.0213,0.0933,0.335,0.0077,0.0618,0.0085,0.399,0.9307,24.8161,1.4794,2.935
4322,2,7,run,1.2,0.0,0.25,False,32,0.32,isaac_reset,0.8497,0.0071,0.1659,0.3503,0.0202,0.0956,0.3366,0.0075,0.0634,0.0078,0.3982,0.9316,24.0621,5.5573,2.935
4323,3,7,run,1.2,0.0,0.25,False,199,1.99,isaac_reset,0.8521,0.0091,0.1612,0.3479,0.0224,0.1024,0.3374,0.0075,0.0629,0.0093,0.3979,0.9313,23.7295,4.0948,2.935
4324,4,7,run,1.2,0.0,0.25,False,796,7.96,isaac_reset,0.8528,0.0089,0.1649,0.3472,0.0215,0.0982,0.3377,0.0075,0.0668,0.0084,0.3982,0.9316,23.6683,1.4538,2.935
4325,0,7,run,1.2,0.0,0.5,True,1000,10.0,timeout,0.8831,-0.0095,0.3943,0.3169,0.0108,0.1065,0.3305,0.0035,0.0697,0.0145,0.3995,0.933,25.4744,3.7278,3.29
4326,1,7,run,1.2,0.0,0.5,False,601,6.01,isaac_reset,0.8561,-0.0125,0.396,0.3439,0.0148,0.1102,0.3337,0.0077,0.0646,0.0148,0.3988,0.9303,24.5486,2.1476,3.29
4327,2,7,run,1.2,0.0,0.5,False,198,1.98,isaac_reset,0.8639,-0.0107,0.3936,0.3361,0.0142,0.115,0.3356,0.0076,0.0651,0.0116,0.3985,0.93,23.8498,4.9669,3.29
4328,3,7,run,1.2,0.0,0.5,False,365,3.65,isaac_reset,0.8687,-0.0068,0.3889,0.3313,0.0127,0.1204,0.3366,0.0075,0.0641,0.0099,0.3978,0.9313,23.4394,3.2977,3.29
4329,4,7,run,1.2,0.0,0.5,False,962,9.62,isaac_reset,0.8773,-0.0038,0.3872,0.3227,0.0117,0.1225,0.3368,0.0075,0.0708,0.0071,0.3978,0.9303,23.3973,1.3228,3.29
4330,0,7,run,1.2,0.2,-0.5,True,1000,10.0,timeout,0.7974,0.0676,-0.4664,0.4026,0.1324,0.0474,0.3334,0.0031,0.0697,0.0097,0.4008,0.9338,26.1905,5.0152,3.284
4331,1,7,run,1.2,0.2,-0.5,False,651,6.51,isaac_reset,0.7674,0.0678,-0.4672,0.4326,0.1322,0.0462,0.337,0.0072,0.0626,0.0181,0.3988,0.9298,25.3155,4.0804,3.284
4332,2,7,run,1.2,0.2,-0.5,False,248,2.48,isaac_reset,0.7747,0.0637,-0.4772,0.4253,0.1363,0.045,0.3389,0.0071,0.0601,0.0192,0.3985,0.93,24.5011,7.7485,3.284
4333,3,7,run,1.2,0.2,-0.5,False,415,4.15,isaac_reset,0.7759,0.0648,-0.4772,0.4241,0.1352,0.0472,0.3397,0.0069,0.0586,0.021,0.3978,0.9308,24.1306,7.5627,3.284
4334,4,7,run,1.2,0.2,-0.5,True,1000,10.0,timeout,0.7949,0.0678,-0.484,0.4051,0.1322,0.0392,0.3395,0.0034,0.0612,0.0182,0.401,0.934,24.0804,1.4328,3.284
4335,0,7,run,1.2,0.2,-0.25,True,1000,10.0,timeout,0.7831,0.0551,-0.2224,0.4169,0.1449,0.0449,0.3332,0.0072,0.0983,0.0182,0.3993,0.9303,26.348,5.8706,3.287
4336,1,7,run,1.2,0.2,-0.25,False,701,7.01,isaac_reset,0.793,0.0477,-0.2298,0.407,0.1523,0.038,0.3369,0.0072,0.0839,0.0186,0.3988,0.9298,25.3492,1.2098,3.287
4337,2,7,run,1.2,0.2,-0.25,False,298,2.98,isaac_reset,0.7933,0.0491,-0.2337,0.4067,0.1509,0.0389,0.3387,0.0069,0.0809,0.0207,0.3983,0.9313,24.6489,4.0711,3.287
4338,3,7,run,1.2,0.2,-0.25,False,465,4.65,isaac_reset,0.7966,0.0485,-0.2384,0.4034,0.1515,0.0398,0.3396,0.0069,0.0784,0.0208,0.3985,0.9303,24.2461,3.4283,3.287
4339,4,7,run,1.2,0.2,-0.25,True,1000,10.0,timeout,0.81,0.0566,-0.2443,0.39,0.1434,0.0363,0.3394,0.0034,0.0864,0.0211,0.3995,0.933,24.2673,5.7347,3.287
4340,0,7,run,1.2,0.2,0.0,False,49,0.49,isaac_reset,0.8051,0.0405,0.0037,0.3949,0.1595,0.0426,0.3329,0.0074,0.1068,0.0128,0.399,0.9315,26.1878,7.2252,3.283
4341,1,7,run,1.2,0.2,0.0,False,751,7.51,isaac_reset,0.8102,0.0367,-0.0021,0.3898,0.1633,0.0444,0.3364,0.0071,0.0975,0.0162,0.3983,0.9313,25.3419,0.8132,3.283
4342,2,7,run,1.2,0.2,0.0,False,348,3.48,isaac_reset,0.8134,0.0378,-0.0059,0.3866,0.1622,0.0447,0.3383,0.0069,0.0965,0.0179,0.3983,0.9313,24.6197,4.1239,3.283
4343,3,7,run,1.2,0.2,0.0,False,515,5.15,isaac_reset,0.8158,0.0423,-0.0121,0.3842,0.1577,0.0483,0.3392,0.0067,0.0959,0.0188,0.398,0.9315,24.2948,2.4204,3.283
4344,4,7,run,1.2,0.2,0.0,True,1000,10.0,timeout,0.8301,0.0434,-0.0092,0.3699,0.1566,0.0449,0.3385,0.0035,0.0959,0.0185,0.4,0.9335,24.1506,9.3766,3.283
4345,0,7,run,1.2,0.2,0.25,False,99,0.99,isaac_reset,0.8309,0.0258,0.1839,0.3691,0.1742,0.0755,0.3331,0.0082,0.0762,0.0135,0.3984,0.9314,25.8026,4.0043,2.694
4346,1,7,run,1.2,0.2,0.25,False,801,8.01,isaac_reset,0.8629,0.0342,0.1979,0.3371,0.1658,0.0652,0.3348,0.004,0.0926,0.0009,0.4002,0.9339,24.9953,2.0706,2.694
4347,2,7,run,1.2,0.2,0.25,False,398,3.98,isaac_reset,0.8351,0.0281,0.1875,0.3649,0.1719,0.0815,0.3373,0.0077,0.076,0.0099,0.399,0.9302,24.3197,1.7914,2.694
4348,3,7,run,1.2,0.2,0.25,False,565,5.65,isaac_reset,0.841,0.032,0.1847,0.359,0.168,0.0848,0.3381,0.0076,0.0781,0.0103,0.3971,0.9314,23.885,2.1058,2.694
4349,4,7,run,1.2,0.2,0.25,False,12,0.12,isaac_reset,0.8434,0.0319,0.1856,0.3566,0.1681,0.0847,0.3382,0.0076,0.0769,0.0099,0.3971,0.9308,23.7573,5.8339,2.694
4350,0,7,run,1.2,0.2,0.5,False,347,3.47,isaac_reset,0.8539,0.0111,0.3904,0.3461,0.1889,0.1133,0.3317,0.0078,0.061,0.0194,0.399,0.9305,25.4196,3.2351,3.289
4351,1,7,run,1.2,0.2,0.5,True,1000,10.0,timeout,0.8902,0.0246,0.3899,0.3098,0.1754,0.1132,0.3333,0.0037,0.0699,0.0114,0.3995,0.933,24.4326,3.8684,3.289
4352,2,7,run,1.2,0.2,0.5,False,646,6.46,isaac_reset,0.8681,0.0194,0.3885,0.3319,0.1806,0.1197,0.336,0.0074,0.0635,0.0112,0.3983,0.93,23.8131,1.8415,3.289
4353,3,7,run,1.2,0.2,0.5,False,813,8.13,isaac_reset,0.8689,0.0227,0.388,0.3311,0.1773,0.1226,0.3371,0.0074,0.0652,0.0102,0.398,0.9305,23.4411,0.255,3.289
4354,4,7,run,1.2,0.2,0.5,False,260,2.6,isaac_reset,0.8692,0.0212,0.389,0.3308,0.1788,0.1214,0.3373,0.0073,0.0641,0.01,0.398,0.9305,23.3284,3.952,3.289
4355,0,7,run,1.2,0.4,-0.5,False,397,3.97,isaac_reset,0.7571,0.0951,-0.4834,0.4429,0.3049,0.047,0.3341,0.0076,0.0788,0.0168,0.3988,0.9288,26.113,7.1197,3.288
4356,1,7,run,1.2,0.4,-0.5,True,1000,10.0,timeout,0.7757,0.1006,-0.4959,0.4243,0.2994,0.0333,0.337,0.0032,0.0722,0.0161,0.4008,0.9338,25.1685,4.859,3.288
4357,2,7,run,1.2,0.4,-0.5,False,696,6.96,isaac_reset,0.7515,0.0998,-0.492,0.4485,0.3002,0.0449,0.3392,0.007,0.067,0.0223,0.3988,0.9295,24.5338,3.4339,3.288
4358,3,7,run,1.2,0.4,-0.5,False,863,8.63,isaac_reset,0.7589,0.0976,-0.4985,0.4411,0.3024,0.0474,0.34,0.0069,0.0637,0.0222,0.3983,0.9308,24.1668,0.696,3.288
4359,4,7,run,1.2,0.4,-0.5,False,310,3.1,isaac_reset,0.7622,0.0957,-0.4986,0.4378,0.3043,0.0475,0.3401,0.007,0.0625,0.0214,0.398,0.9305,24.0896,7.5376,3.288
4360,0,7,run,1.2,0.4,-0.25,False,447,4.47,isaac_reset,0.7784,0.0835,-0.2402,0.4216,0.3165,0.0407,0.3336,0.0076,0.1038,0.0176,0.399,0.9295,26.2093,2.5153,3.291
4361,1,7,run,1.2,0.4,-0.25,True,1000,10.0,timeout,0.7783,0.0829,-0.2436,0.4217,0.3171,0.0357,0.3368,0.0069,0.094,0.02,0.399,0.931,25.3335,5.5919,3.291
4362,2,7,run,1.2,0.4,-0.25,False,746,7.46,isaac_reset,0.7829,0.08,-0.2493,0.4171,0.32,0.0408,0.3389,0.007,0.0857,0.0202,0.3983,0.9303,24.6842,1.0362,3.291
4363,3,7,run,1.2,0.4,-0.25,False,913,9.13,isaac_reset,0.7831,0.0842,-0.2531,0.4169,0.3158,0.0449,0.3399,0.0067,0.0864,0.0225,0.3983,0.9313,24.3538,0.3237,3.291
4364,4,7,run,1.2,0.4,-0.25,False,360,3.6,isaac_reset,0.7862,0.0811,-0.2508,0.4138,0.3189,0.0432,0.3399,0.0068,0.0825,0.0212,0.3983,0.9313,24.1686,3.9473,3.291
4365,0,7,run,1.2,0.4,0.0,False,497,4.97,isaac_reset,0.7933,0.0714,0.0005,0.4067,0.3286,0.0424,0.333,0.0077,0.1175,0.0147,0.3991,0.93,26.2949,2.9676,3.192
4366,1,7,run,1.2,0.4,0.0,False,49,0.49,isaac_reset,0.8007,0.0647,-0.0016,0.3993,0.3353,0.0387,0.3365,0.0073,0.1063,0.0159,0.3994,0.93,25.3619,7.3906,3.192
4367,2,7,run,1.2,0.4,0.0,False,796,7.96,isaac_reset,0.8009,0.0659,-0.0049,0.3991,0.3341,0.0418,0.3384,0.007,0.103,0.0189,0.3976,0.9297,24.6232,0.3918,3.192
4368,3,7,run,1.2,0.4,0.0,False,963,9.63,isaac_reset,0.8222,0.0735,-0.0013,0.3778,0.3265,0.0371,0.3388,0.0038,0.112,0.0167,0.3999,0.9331,24.3734,0.5385,3.192
4369,4,7,run,1.2,0.4,0.0,False,410,4.1,isaac_reset,0.81,0.0664,-0.0094,0.39,0.3336,0.0453,0.3395,0.0069,0.0995,0.0183,0.3994,0.9308,24.2506,3.6234,3.192
4370,0,7,run,1.2,0.4,0.25,False,583,5.83,isaac_reset,0.8318,0.0501,0.2175,0.3682,0.3499,0.0528,0.3332,0.0075,0.0999,0.0114,0.3985,0.9295,25.9201,1.7396,3.286
4371,1,7,run,1.2,0.4,0.25,False,135,1.35,isaac_reset,0.8406,0.0508,0.2122,0.3594,0.3492,0.0583,0.3357,0.0072,0.094,0.0069,0.3983,0.9318,25.0146,6.0874,3.286
4372,2,7,run,1.2,0.4,0.25,False,882,8.82,isaac_reset,0.8443,0.0516,0.2142,0.3557,0.3484,0.0599,0.3374,0.007,0.0965,0.0071,0.398,0.9315,24.3426,0.7282,3.286
4373,3,7,run,1.2,0.4,0.25,True,1000,10.0,timeout,0.8687,0.0573,0.2172,0.3313,0.3427,0.0575,0.3375,0.0035,0.1023,0.0032,0.3995,0.933,23.9485,7.3006,3.286
4374,4,7,run,1.2,0.4,0.25,False,496,4.96,isaac_reset,0.8419,0.0546,0.2137,0.3581,0.3454,0.0642,0.3386,0.0069,0.0949,0.0092,0.398,0.9315,23.9375,1.4561,3.286
4375,0,7,run,1.2,0.4,0.5,False,633,6.33,isaac_reset,0.8582,0.042,0.3989,0.3418,0.358,0.1064,0.3322,0.0077,0.0693,0.0211,0.399,0.9315,25.4176,0.9851,3.295
4376,1,7,run,1.2,0.4,0.5,False,185,1.85,isaac_reset,0.8603,0.0431,0.4031,0.3397,0.3569,0.1054,0.3347,0.0075,0.0708,0.0159,0.399,0.9305,24.4781,4.49,3.295
4377,2,7,run,1.2,0.4,0.5,False,932,9.32,isaac_reset,0.8685,0.0467,0.4026,0.3315,0.3533,0.1087,0.3364,0.0074,0.0775,0.01,0.3985,0.9305,23.8956,0.2392,3.295
4378,3,7,run,1.2,0.4,0.5,True,1000,10.0,timeout,0.8948,0.0542,0.4024,0.3052,0.3458,0.1091,0.3366,0.0039,0.0771,0.0071,0.4008,0.9338,23.494,6.1784,3.295
4379,4,7,run,1.2,0.4,0.5,False,546,5.46,isaac_reset,0.8689,0.0476,0.3992,0.3311,0.3524,0.1138,0.3376,0.0073,0.0714,0.0095,0.398,0.9303,23.3911,1.8675,3.295
